-- phpMyAdmin SQL Dump
-- version 4.1.12
-- http://www.phpmyadmin.net
--
-- Host: localhost
-- Generation Time: Nov 20, 2014 at 12:06 am
-- Server version: 5.6.16
-- PHP Version: 5.5.11

SET SQL_MODE = "NO_AUTO_VALUE_ON_ZERO";
SET time_zone = "+00:00";


/*!40101 SET @OLD_CHARACTER_SET_CLIENT=@@CHARACTER_SET_CLIENT */;
/*!40101 SET @OLD_CHARACTER_SET_RESULTS=@@CHARACTER_SET_RESULTS */;
/*!40101 SET @OLD_COLLATION_CONNECTION=@@COLLATION_CONNECTION */;
/*!40101 SET NAMES utf8 */;

--
-- Database: `JAG_REPO`
--

-- --------------------------------------------------------

--
-- Table structure for table `alumno`
--

CREATE TABLE IF NOT EXISTS `alumno` (
  `codigo` int(10) unsigned NOT NULL AUTO_INCREMENT,
  `cod_persona` int(10) unsigned NOT NULL,
  `cedula_escolar` varchar(10) NOT NULL,
  `acta_num_part_nac` int(10) unsigned zerofill DEFAULT NULL,
  `acta_folio_num_part_nac` int(10) unsigned zerofill DEFAULT NULL,
  `lugar_nac` varchar(50) DEFAULT 'Sin Registro',
  `plantel_procedencia` varchar(50) DEFAULT NULL,
  `repitiente` enum('s','n') NOT NULL,
  `cod_curso` int(10) unsigned NOT NULL DEFAULT '1',
  `altura` tinyint(3) unsigned zerofill DEFAULT NULL,
  `peso` smallint(3) unsigned DEFAULT NULL,
  `camisa` tinyint(1) unsigned DEFAULT NULL,
  `pantalon` tinyint(1) unsigned DEFAULT NULL,
  `zapato` tinyint(2) unsigned zerofill DEFAULT NULL,
  `cod_representante` int(10) unsigned NOT NULL,
  `cod_persona_retira` int(10) unsigned DEFAULT NULL,
  `certificado_vacuna` enum('s','n') NOT NULL,
  `cod_discapacidad` tinyint(3) unsigned NOT NULL DEFAULT '0',
  `status` tinyint(1) unsigned NOT NULL DEFAULT '1',
  `cod_usr_reg` int(10) unsigned NOT NULL,
  `fec_reg` timestamp NOT NULL DEFAULT CURRENT_TIMESTAMP,
  `cod_usr_mod` int(10) unsigned NOT NULL,
  `fec_mod` timestamp NOT NULL,
  PRIMARY KEY (`codigo`),
  UNIQUE KEY `cedula_escolar` (`cedula_escolar`),
  UNIQUE KEY `acta_num_part_nac` (`acta_num_part_nac`),
  UNIQUE KEY `acta_folio_num_part_nac` (`acta_folio_num_part_nac`),
  KEY `cod_persona` (`cod_persona`),
  KEY `camisa` (`camisa`),
  KEY `pantalon` (`pantalon`),
  KEY `cod_representante` (`cod_representante`),
  KEY `cod_persona_retira` (`cod_persona_retira`),
  KEY `cod_discapacidad` (`cod_discapacidad`),
  KEY `cod_curso` (`cod_curso`)
) ENGINE=InnoDB  DEFAULT CHARSET=latin1 AUTO_INCREMENT=2 ;

--
-- Dumping data for table `alumno`
--

INSERT INTO `alumno` (`codigo`, `cod_persona`, `cedula_escolar`, `acta_num_part_nac`, `acta_folio_num_part_nac`, `lugar_nac`, `plantel_procedencia`, `repitiente`, `cod_curso`, `altura`, `peso`, `camisa`, `pantalon`, `zapato`, `cod_representante`, `cod_persona_retira`, `certificado_vacuna`, `cod_discapacidad`, `status`, `cod_usr_reg`, `fec_reg`, `cod_usr_mod`, `fec_mod`) VALUES
(1, 1, '1234567890', 1234567890, 1234567890, 'Sin Registro', 'Que es no hacer cola para todo?', 'n', 1, 052, 52, 3, 3, 25, 1, NULL, 's', 0, 1, 1, '2014-11-19 22:48:28', 1, '2014-11-19 22:48:28');

-- --------------------------------------------------------

--
-- Table structure for table `asume`
--

CREATE TABLE IF NOT EXISTS `asume` (
  `codigo` int(10) unsigned NOT NULL AUTO_INCREMENT,
  `cod_docente` int(10) unsigned DEFAULT NULL,
  `cod_curso` tinyint(3) unsigned NOT NULL,
  `periodo_academico` tinyint(3) unsigned NOT NULL,
  `comentarios` varchar(200) DEFAULT 'Sin Comentarios',
  `status` tinyint(1) unsigned NOT NULL DEFAULT '1',
  `cod_usr_reg` int(11) NOT NULL,
  `fec_reg` timestamp NOT NULL DEFAULT CURRENT_TIMESTAMP,
  `cod_usr_mod` int(11) NOT NULL,
  `fec_mod` timestamp NOT NULL,
  PRIMARY KEY (`codigo`),
  KEY `cod_docente` (`cod_docente`),
  KEY `periodo_academico` (`periodo_academico`),
  KEY `cod_curso` (`cod_curso`)
) ENGINE=InnoDB  DEFAULT CHARSET=latin1 AUTO_INCREMENT=35 ;

--
-- Dumping data for table `asume`
--

INSERT INTO `asume` (`codigo`, `cod_docente`, `cod_curso`, `periodo_academico`, `comentarios`, `status`, `cod_usr_reg`, `fec_reg`, `cod_usr_mod`, `fec_mod`) VALUES
(1, 1, 34, 0, 'Sin curso asociado favor actualizar', 1, 1, '2014-11-19 22:40:21', 1, '2014-11-19 22:40:21'),
(2, NULL, 1, 0, NULL, 1, 1, '2014-11-19 22:40:21', 1, '2014-11-19 22:40:21'),
(3, NULL, 2, 0, NULL, 1, 1, '2014-11-19 22:40:21', 1, '2014-11-19 22:40:21'),
(4, NULL, 3, 0, NULL, 1, 1, '2014-11-19 22:40:21', 1, '2014-11-19 22:40:21'),
(5, NULL, 4, 0, NULL, 1, 1, '2014-11-19 22:40:21', 1, '2014-11-19 22:40:21'),
(6, NULL, 5, 0, NULL, 1, 1, '2014-11-19 22:40:21', 1, '2014-11-19 22:40:21'),
(7, NULL, 6, 0, NULL, 1, 1, '2014-11-19 22:40:21', 1, '2014-11-19 22:40:21'),
(8, NULL, 7, 0, NULL, 1, 1, '2014-11-19 22:40:21', 1, '2014-11-19 22:40:21'),
(9, NULL, 8, 0, NULL, 1, 1, '2014-11-19 22:40:21', 1, '2014-11-19 22:40:21'),
(10, NULL, 9, 0, NULL, 1, 1, '2014-11-19 22:40:21', 1, '2014-11-19 22:40:21'),
(11, NULL, 10, 0, NULL, 1, 1, '2014-11-19 22:40:21', 1, '2014-11-19 22:40:21'),
(12, NULL, 11, 0, NULL, 1, 1, '2014-11-19 22:40:21', 1, '2014-11-19 22:40:21'),
(13, NULL, 12, 0, NULL, 1, 1, '2014-11-19 22:40:21', 1, '2014-11-19 22:40:21'),
(14, NULL, 13, 0, NULL, 1, 1, '2014-11-19 22:40:21', 1, '2014-11-19 22:40:21'),
(15, NULL, 14, 0, NULL, 1, 1, '2014-11-19 22:40:21', 1, '2014-11-19 22:40:21'),
(16, NULL, 15, 0, NULL, 1, 1, '2014-11-19 22:40:21', 1, '2014-11-19 22:40:21'),
(17, NULL, 16, 0, NULL, 1, 1, '2014-11-19 22:40:21', 1, '2014-11-19 22:40:21'),
(18, NULL, 17, 0, NULL, 1, 1, '2014-11-19 22:40:21', 1, '2014-11-19 22:40:21'),
(19, NULL, 18, 0, NULL, 1, 1, '2014-11-19 22:40:21', 1, '2014-11-19 22:40:21'),
(20, NULL, 19, 0, NULL, 1, 1, '2014-11-19 22:40:21', 1, '2014-11-19 22:40:21'),
(21, NULL, 20, 0, NULL, 1, 1, '2014-11-19 22:40:21', 1, '2014-11-19 22:40:21'),
(22, NULL, 21, 0, NULL, 1, 1, '2014-11-19 22:40:21', 1, '2014-11-19 22:40:21'),
(23, NULL, 22, 0, NULL, 1, 1, '2014-11-19 22:40:21', 1, '2014-11-19 22:40:21'),
(24, NULL, 23, 0, NULL, 1, 1, '2014-11-19 22:40:21', 1, '2014-11-19 22:40:21'),
(25, NULL, 24, 0, NULL, 1, 1, '2014-11-19 22:40:21', 1, '2014-11-19 22:40:21'),
(26, NULL, 25, 0, NULL, 1, 1, '2014-11-19 22:40:21', 1, '2014-11-19 22:40:21'),
(27, NULL, 26, 0, NULL, 1, 1, '2014-11-19 22:40:21', 1, '2014-11-19 22:40:21'),
(28, NULL, 27, 0, NULL, 1, 1, '2014-11-19 22:40:21', 1, '2014-11-19 22:40:21'),
(29, NULL, 28, 0, NULL, 1, 1, '2014-11-19 22:40:21', 1, '2014-11-19 22:40:21'),
(30, NULL, 29, 0, NULL, 1, 1, '2014-11-19 22:40:21', 1, '2014-11-19 22:40:21'),
(31, NULL, 30, 0, NULL, 1, 1, '2014-11-19 22:40:21', 1, '2014-11-19 22:40:21'),
(32, NULL, 31, 0, NULL, 1, 1, '2014-11-19 22:40:21', 1, '2014-11-19 22:40:21'),
(33, NULL, 32, 0, NULL, 1, 1, '2014-11-19 22:40:21', 1, '2014-11-19 22:40:21'),
(34, NULL, 33, 0, NULL, 1, 1, '2014-11-19 22:40:21', 1, '2014-11-19 22:40:21');

-- --------------------------------------------------------

--
-- Table structure for table `cargo`
--

CREATE TABLE IF NOT EXISTS `cargo` (
  `codigo` tinyint(3) unsigned NOT NULL AUTO_INCREMENT,
  `descripcion` varchar(50) NOT NULL,
  `status` tinyint(1) unsigned NOT NULL DEFAULT '1',
  `cod_usr_reg` int(11) NOT NULL,
  `fec_reg` timestamp NOT NULL DEFAULT CURRENT_TIMESTAMP,
  `cod_usr_mod` int(11) NOT NULL,
  `fec_mod` timestamp NOT NULL,
  PRIMARY KEY (`codigo`)
) ENGINE=InnoDB  DEFAULT CHARSET=latin1 AUTO_INCREMENT=9 ;

--
-- Dumping data for table `cargo`
--

INSERT INTO `cargo` (`codigo`, `descripcion`, `status`, `cod_usr_reg`, `fec_reg`, `cod_usr_mod`, `fec_mod`) VALUES
(1, 'Sin cargo asociado', 1, 1, '2014-11-18 23:25:11', 1, '2014-11-18 23:25:11'),
(2, 'Director(a)', 1, 1, '2014-11-18 23:25:11', 1, '2014-11-18 23:25:11'),
(3, 'Sub-Director(a)', 1, 1, '2014-11-18 23:25:11', 1, '2014-11-18 23:25:11'),
(4, 'Coordinador(a)', 1, 1, '2014-11-18 23:25:11', 1, '2014-11-18 23:25:11'),
(5, 'Asistente', 1, 1, '2014-11-18 23:25:11', 1, '2014-11-18 23:25:11'),
(6, 'Docente', 1, 1, '2014-11-18 23:25:11', 1, '2014-11-18 23:25:11'),
(7, 'Especialista', 1, 1, '2014-11-18 23:25:11', 1, '2014-11-18 23:25:11'),
(8, 'Auxiliar', 1, 1, '2014-11-18 23:25:11', 1, '2014-11-18 23:25:11');

-- --------------------------------------------------------

--
-- Table structure for table `curso`
--

CREATE TABLE IF NOT EXISTS `curso` (
  `codigo` tinyint(3) unsigned NOT NULL,
  `grado` tinyint(3) unsigned NOT NULL,
  `seccion` tinyint(3) unsigned NOT NULL,
  `descripcion` varchar(50) NOT NULL,
  `status` tinyint(1) unsigned NOT NULL DEFAULT '1',
  `cod_usr_reg` int(11) NOT NULL,
  `fec_reg` timestamp NOT NULL DEFAULT CURRENT_TIMESTAMP,
  `cod_usr_mod` int(11) NOT NULL,
  `fec_mod` timestamp NOT NULL,
  PRIMARY KEY (`codigo`)
) ENGINE=InnoDB DEFAULT CHARSET=latin1;

--
-- Dumping data for table `curso`
--

INSERT INTO `curso` (`codigo`, `grado`, `seccion`, `descripcion`, `status`, `cod_usr_reg`, `fec_reg`, `cod_usr_mod`, `fec_mod`) VALUES
(1, 1, 1, 'Primer Grado Seccion:"A"', 1, 1, '2014-11-18 23:22:44', 1, '2014-11-18 23:22:44'),
(2, 1, 2, 'Primer Grado Seccion:"B"', 1, 1, '2014-11-18 23:22:44', 1, '2014-11-18 23:22:44'),
(3, 1, 3, 'Primer Grado Seccion:"C"', 1, 1, '2014-11-18 23:22:44', 1, '2014-11-18 23:22:44'),
(4, 1, 4, 'Primer Grado Seccion:"D"', 1, 1, '2014-11-18 23:22:44', 1, '2014-11-18 23:22:44'),
(5, 1, 5, 'Primer Grado Seccion:"E"', 1, 1, '2014-11-18 23:22:44', 1, '2014-11-18 23:22:44'),
(6, 2, 1, 'Segundo Grado Seccion:"A"', 1, 1, '2014-11-18 23:22:44', 1, '2014-11-18 23:22:44'),
(7, 2, 2, 'Segundo Grado Seccion:"B"', 1, 1, '2014-11-18 23:22:44', 1, '2014-11-18 23:22:44'),
(8, 2, 3, 'Segundo Grado Seccion:"C"', 1, 1, '2014-11-18 23:22:44', 1, '2014-11-18 23:22:44'),
(9, 2, 4, 'Segundo Grado Seccion:"D"', 1, 1, '2014-11-18 23:22:44', 1, '2014-11-18 23:22:44'),
(10, 2, 5, 'Segundo Grado Seccion:"E"', 1, 1, '2014-11-18 23:22:44', 1, '2014-11-18 23:22:44'),
(11, 3, 1, 'Tercer Grado Seccion:"A"', 1, 1, '2014-11-18 23:22:44', 1, '2014-11-18 23:22:44'),
(12, 3, 2, 'Tercer Grado Seccion:"B"', 1, 1, '2014-11-18 23:22:44', 1, '2014-11-18 23:22:44'),
(13, 3, 3, 'Tercer Grado Seccion:"C"', 1, 1, '2014-11-18 23:22:44', 1, '2014-11-18 23:22:44'),
(14, 3, 4, 'Tercer Grado Seccion:"D"', 1, 1, '2014-11-18 23:22:44', 1, '2014-11-18 23:22:44'),
(15, 3, 5, 'Tercer Grado Seccion:"E"', 1, 1, '2014-11-18 23:22:44', 1, '2014-11-18 23:22:44'),
(16, 4, 1, 'Cuarto Grado Seccion:"A"', 1, 1, '2014-11-18 23:22:44', 1, '2014-11-18 23:22:44'),
(17, 4, 2, 'Cuarto Grado Seccion:"B"', 1, 1, '2014-11-18 23:22:44', 1, '2014-11-18 23:22:44'),
(18, 4, 3, 'Cuarto Grado Seccion:"C"', 1, 1, '2014-11-18 23:22:44', 1, '2014-11-18 23:22:44'),
(19, 4, 4, 'Cuarto Grado Seccion:"D"', 1, 1, '2014-11-18 23:22:44', 1, '2014-11-18 23:22:44'),
(20, 4, 5, 'Cuarto Grado Seccion:"E"', 1, 1, '2014-11-18 23:22:44', 1, '2014-11-18 23:22:44'),
(21, 5, 1, 'Quinto Grado Seccion:"A"', 1, 1, '2014-11-18 23:22:44', 1, '2014-11-18 23:22:44'),
(22, 5, 2, 'Quinto Grado Seccion:"B"', 1, 1, '2014-11-18 23:22:44', 1, '2014-11-18 23:22:44'),
(23, 5, 3, 'Quinto Grado Seccion:"C"', 1, 1, '2014-11-18 23:22:44', 1, '2014-11-18 23:22:44'),
(24, 5, 4, 'Quinto Grado Seccion:"D"', 1, 1, '2014-11-18 23:22:44', 1, '2014-11-18 23:22:44'),
(25, 5, 5, 'Quinto Grado Seccion:"E"', 1, 1, '2014-11-18 23:22:44', 1, '2014-11-18 23:22:44'),
(26, 6, 1, 'Sexto Grado Seccion:"A"', 1, 1, '2014-11-18 23:22:44', 1, '2014-11-18 23:22:44'),
(27, 6, 2, 'Sexto Grado Seccion:"B"', 1, 1, '2014-11-18 23:22:44', 1, '2014-11-18 23:22:44'),
(28, 6, 3, 'Sexto Grado Seccion:"C"', 1, 1, '2014-11-18 23:22:44', 1, '2014-11-18 23:22:44'),
(29, 6, 4, 'Sexto Grado Seccion:"D"', 1, 1, '2014-11-18 23:22:44', 1, '2014-11-18 23:22:44'),
(30, 6, 5, 'Sexto Grado Seccion:"E"', 1, 1, '2014-11-18 23:22:44', 1, '2014-11-18 23:22:44'),
(31, 7, 1, 'Prescolar nivel 1', 1, 1, '2014-11-18 23:22:44', 1, '2014-11-18 23:22:44'),
(32, 8, 1, 'Prescolar nivel 2', 1, 1, '2014-11-18 23:22:44', 1, '2014-11-18 23:22:44'),
(33, 9, 1, 'Prescolar nivel 3', 1, 1, '2014-11-18 23:22:44', 1, '2014-11-18 23:22:44'),
(34, 10, 1, 'Sin Curso Asociado', 1, 1, '2014-11-18 23:22:44', 1, '2014-11-18 23:22:44');

-- --------------------------------------------------------

--
-- Table structure for table `direccion`
--

CREATE TABLE IF NOT EXISTS `direccion` (
  `codigo` int(10) unsigned NOT NULL AUTO_INCREMENT,
  `cod_persona` int(10) unsigned NOT NULL,
  `cod_parroquia` smallint(5) unsigned DEFAULT NULL,
  `direccion_exacta` varchar(150) DEFAULT 'Sin Registro, favor Actualizar',
  `status` tinyint(1) unsigned NOT NULL DEFAULT '1',
  `cod_usr_reg` int(11) NOT NULL,
  `fec_reg` timestamp NOT NULL DEFAULT CURRENT_TIMESTAMP,
  `cod_usr_mod` int(11) NOT NULL,
  `fec_mod` timestamp NOT NULL,
  PRIMARY KEY (`codigo`),
  KEY `cod_parroquia` (`cod_parroquia`),
  KEY `cod_persona` (`cod_persona`)
) ENGINE=InnoDB  DEFAULT CHARSET=latin1 AUTO_INCREMENT=7 ;

--
-- Dumping data for table `direccion`
--

INSERT INTO `direccion` (`codigo`, `cod_persona`, `cod_parroquia`, `direccion_exacta`, `status`, `cod_usr_reg`, `fec_reg`, `cod_usr_mod`, `fec_mod`) VALUES
(1, 1, 2, 'Sin Registro, favor Actualizar', 1, 1, '2014-11-18 23:35:55', 1, '2014-11-18 23:35:55'),
(2, 2, 23, 'Sin Registro, favor Actualizar', 1, 1, '2014-11-18 23:45:24', 1, '2014-11-18 23:45:24'),
(3, 3, 3, 'Sin Registro, favor Actualizar', 1, 1, '2014-11-18 23:45:24', 1, '2014-11-18 23:45:24');

-- --------------------------------------------------------

--
-- Table structure for table `discapacidad`
--

CREATE TABLE IF NOT EXISTS `discapacidad` (
  `codigo` tinyint(3) unsigned NOT NULL,
  `descripcion` varchar(10) NOT NULL,
  `status` tinyint(1) unsigned NOT NULL DEFAULT '1',
  `cod_usr_reg` int(11) NOT NULL,
  `fec_reg` timestamp NOT NULL DEFAULT CURRENT_TIMESTAMP,
  `cod_usr_mod` int(11) NOT NULL,
  `fec_mod` timestamp NOT NULL,
  PRIMARY KEY (`codigo`)
) ENGINE=InnoDB DEFAULT CHARSET=latin1;

--
-- Dumping data for table `discapacidad`
--

INSERT INTO `discapacidad` (`codigo`, `descripcion`, `status`, `cod_usr_reg`, `fec_reg`, `cod_usr_mod`, `fec_mod`) VALUES
(0, 'No posee', 1, 1, '2014-11-18 23:23:51', 1, '2014-11-18 23:23:51'),
(1, 'Fisico-mot', 1, 1, '2014-11-19 15:05:45', 1, '2014-11-19 15:05:45'),
(2, 'Cognitiva ', 1, 1, '2014-11-19 15:05:45', 1, '2014-11-19 15:05:45'),
(3, 'Sensorial', 1, 1, '2014-11-19 15:05:45', 1, '2014-11-19 15:05:45'),
(4, 'Enfermedad', 1, 1, '2014-11-19 15:05:45', 1, '2014-11-19 15:05:45'),
(5, 'Multiple', 1, 1, '2014-11-19 15:05:45', 1, '2014-11-19 15:05:45');

-- --------------------------------------------------------

--
-- Table structure for table `estado`
--

CREATE TABLE IF NOT EXISTS `estado` (
  `codigo` tinyint(2) unsigned NOT NULL AUTO_INCREMENT,
  `descripcion` varchar(100) NOT NULL,
  `status` tinyint(1) unsigned NOT NULL DEFAULT '1',
  `cod_usr_reg` int(11) NOT NULL,
  `fec_reg` timestamp NOT NULL DEFAULT CURRENT_TIMESTAMP,
  `cod_usr_mod` int(11) NOT NULL,
  `fec_mod` timestamp NOT NULL,
  PRIMARY KEY (`codigo`)
) ENGINE=InnoDB  DEFAULT CHARSET=latin1 AUTO_INCREMENT=25 ;

--
-- Dumping data for table `estado`
--

INSERT INTO `estado` (`codigo`, `descripcion`, `status`, `cod_usr_reg`, `fec_reg`, `cod_usr_mod`, `fec_mod`) VALUES
(1, 'Distrito Capital', 1, 1, '2014-11-18 23:21:34', 1, '2014-11-18 23:21:34'),
(2, 'Anzoátegui', 1, 1, '2014-11-18 23:21:34', 1, '2014-11-18 23:21:34'),
(3, 'Amazonas', 1, 1, '2014-11-18 23:21:34', 1, '2014-11-18 23:21:34'),
(4, 'Apure', 1, 1, '2014-11-18 23:21:34', 1, '2014-11-18 23:21:34'),
(5, 'Aragua', 1, 1, '2014-11-18 23:21:34', 1, '2014-11-18 23:21:34'),
(6, 'Barinas', 1, 1, '2014-11-18 23:21:34', 1, '2014-11-18 23:21:34'),
(7, 'Bolívar', 1, 1, '2014-11-18 23:21:34', 1, '2014-11-18 23:21:34'),
(8, 'Carabobo', 1, 1, '2014-11-18 23:21:34', 1, '2014-11-18 23:21:34'),
(9, 'Cojedes', 1, 1, '2014-11-18 23:21:34', 1, '2014-11-18 23:21:34'),
(10, 'Delta Amacuro', 1, 1, '2014-11-18 23:21:34', 1, '2014-11-18 23:21:34'),
(11, 'Falcón', 1, 1, '2014-11-18 23:21:34', 1, '2014-11-18 23:21:34'),
(12, 'Guárico', 1, 1, '2014-11-18 23:21:34', 1, '2014-11-18 23:21:34'),
(13, 'Lara', 1, 1, '2014-11-18 23:21:34', 1, '2014-11-18 23:21:34'),
(14, 'Mérida', 1, 1, '2014-11-18 23:21:34', 1, '2014-11-18 23:21:34'),
(15, 'Miranda', 1, 1, '2014-11-18 23:21:34', 1, '2014-11-18 23:21:34'),
(16, 'Monagas', 1, 1, '2014-11-18 23:21:34', 1, '2014-11-18 23:21:34'),
(17, 'Nueva Esparta', 1, 1, '2014-11-18 23:21:34', 1, '2014-11-18 23:21:34'),
(18, 'Portuguesa', 1, 1, '2014-11-18 23:21:34', 1, '2014-11-18 23:21:34'),
(19, 'Sucre', 1, 1, '2014-11-18 23:21:34', 1, '2014-11-18 23:21:34'),
(20, 'Táchira', 1, 1, '2014-11-18 23:21:34', 1, '2014-11-18 23:21:34'),
(21, 'Trujillo', 1, 1, '2014-11-18 23:21:34', 1, '2014-11-18 23:21:34'),
(22, 'Yaracuy', 1, 1, '2014-11-18 23:21:34', 1, '2014-11-18 23:21:34'),
(23, 'Vargas', 1, 1, '2014-11-18 23:21:34', 1, '2014-11-18 23:21:34'),
(24, 'Zulia', 1, 1, '2014-11-18 23:21:34', 1, '2014-11-18 23:21:34');

-- --------------------------------------------------------

--
-- Table structure for table `municipio`
--

CREATE TABLE IF NOT EXISTS `municipio` (
  `codigo` smallint(5) unsigned NOT NULL AUTO_INCREMENT,
  `cod_edo` tinyint(2) unsigned DEFAULT NULL,
  `descripcion` varchar(100) NOT NULL,
  `status` tinyint(1) unsigned NOT NULL DEFAULT '1',
  `cod_usr_reg` int(11) NOT NULL,
  `fec_reg` timestamp NOT NULL DEFAULT CURRENT_TIMESTAMP,
  `cod_usr_mod` int(11) NOT NULL,
  `fec_mod` timestamp NOT NULL,
  PRIMARY KEY (`codigo`),
  KEY `cod_edo` (`cod_edo`)
) ENGINE=InnoDB  DEFAULT CHARSET=latin1 AUTO_INCREMENT=337 ;

--
-- Dumping data for table `municipio`
--

INSERT INTO `municipio` (`codigo`, `cod_edo`, `descripcion`, `status`, `cod_usr_reg`, `fec_reg`, `cod_usr_mod`, `fec_mod`) VALUES
(1, 1, 'Libertador', 1, 1, '2014-11-18 23:21:34', 1, '2014-11-18 23:21:34'),
(2, 15, 'Baruta', 1, 1, '2014-11-18 23:21:34', 1, '2014-11-18 23:21:34'),
(3, 15, 'Chacao', 1, 1, '2014-11-18 23:21:34', 1, '2014-11-18 23:21:34'),
(4, 15, 'Sucre', 1, 1, '2014-11-18 23:21:34', 1, '2014-11-18 23:21:34'),
(5, 15, 'El Hatillo', 1, 1, '2014-11-18 23:21:34', 1, '2014-11-18 23:21:34'),
(6, 15, 'Acevedo', 1, 1, '2014-11-18 23:21:34', 1, '2014-11-18 23:21:34'),
(7, 15, 'Andres Bello', 1, 1, '2014-11-18 23:21:34', 1, '2014-11-18 23:21:34'),
(8, 15, 'Brion', 1, 1, '2014-11-18 23:21:34', 1, '2014-11-18 23:21:34'),
(9, 15, 'Buroz', 1, 1, '2014-11-18 23:21:34', 1, '2014-11-18 23:21:34'),
(10, 15, 'Carrizal', 1, 1, '2014-11-18 23:21:34', 1, '2014-11-18 23:21:34'),
(11, 15, 'Cristobal Rojas', 1, 1, '2014-11-18 23:21:34', 1, '2014-11-18 23:21:34'),
(12, 15, 'Guacaipuro', 1, 1, '2014-11-18 23:21:34', 1, '2014-11-18 23:21:34'),
(13, 15, 'Independencia', 1, 1, '2014-11-18 23:21:34', 1, '2014-11-18 23:21:34'),
(14, 15, 'Lander', 1, 1, '2014-11-18 23:21:34', 1, '2014-11-18 23:21:34'),
(15, 15, 'Los Salias', 1, 1, '2014-11-18 23:21:34', 1, '2014-11-18 23:21:34'),
(16, 15, 'Paez', 1, 1, '2014-11-18 23:21:34', 1, '2014-11-18 23:21:34'),
(17, 15, 'Paz Castillo', 1, 1, '2014-11-18 23:21:34', 1, '2014-11-18 23:21:34'),
(18, 15, 'Pedro Gual', 1, 1, '2014-11-18 23:21:34', 1, '2014-11-18 23:21:34'),
(19, 15, 'Plaza', 1, 1, '2014-11-18 23:21:34', 1, '2014-11-18 23:21:34'),
(20, 15, 'Simon Bolivar', 1, 1, '2014-11-18 23:21:34', 1, '2014-11-18 23:21:34'),
(21, 15, 'Urdaneta', 1, 1, '2014-11-18 23:21:34', 1, '2014-11-18 23:21:34'),
(22, 15, 'Zamora', 1, 1, '2014-11-18 23:21:34', 1, '2014-11-18 23:21:34'),
(23, 23, 'Vargas', 1, 1, '2014-11-18 23:21:34', 1, '2014-11-18 23:21:34'),
(24, 12, 'Camaguan', 1, 1, '2014-11-18 23:21:34', 1, '2014-11-18 23:21:34'),
(25, 12, 'Chaguaramas', 1, 1, '2014-11-18 23:21:34', 1, '2014-11-18 23:21:34'),
(26, 12, 'El Socorro', 1, 1, '2014-11-18 23:21:34', 1, '2014-11-18 23:21:34'),
(27, 12, 'Francisco de Miranda', 1, 1, '2014-11-18 23:21:34', 1, '2014-11-18 23:21:34'),
(28, 12, 'Jose Felix Ribas', 1, 1, '2014-11-18 23:21:34', 1, '2014-11-18 23:21:34'),
(29, 12, 'Jose Tadeo Monagas', 1, 1, '2014-11-18 23:21:34', 1, '2014-11-18 23:21:34'),
(30, 12, 'Juan German Roscio', 1, 1, '2014-11-18 23:21:34', 1, '2014-11-18 23:21:34'),
(31, 12, 'Julian Mellado', 1, 1, '2014-11-18 23:21:34', 1, '2014-11-18 23:21:34'),
(32, 12, 'Las Mercedes del Llano', 1, 1, '2014-11-18 23:21:34', 1, '2014-11-18 23:21:34'),
(33, 12, 'Leonardo Infante', 1, 1, '2014-11-18 23:21:34', 1, '2014-11-18 23:21:34'),
(34, 12, 'Ortiz', 1, 1, '2014-11-18 23:21:34', 1, '2014-11-18 23:21:34'),
(35, 12, 'Pedro Zaraza', 1, 1, '2014-11-18 23:21:34', 1, '2014-11-18 23:21:34'),
(36, 12, 'San Geronimo de Guayabal', 1, 1, '2014-11-18 23:21:34', 1, '2014-11-18 23:21:34'),
(37, 12, 'San Jose de Guaribe', 1, 1, '2014-11-18 23:21:34', 1, '2014-11-18 23:21:34'),
(38, 12, 'Santa Maria de Ipire', 1, 1, '2014-11-18 23:21:34', 1, '2014-11-18 23:21:34'),
(39, 5, 'Bolivar', 1, 1, '2014-11-18 23:21:34', 1, '2014-11-18 23:21:34'),
(41, 5, 'Camatagua', 1, 1, '2014-11-18 23:21:34', 1, '2014-11-18 23:21:34'),
(42, 5, 'Francisco Linares', 1, 1, '2014-11-18 23:21:34', 1, '2014-11-18 23:21:34'),
(43, 5, 'Giradot', 1, 1, '2014-11-18 23:21:34', 1, '2014-11-18 23:21:34'),
(44, 5, 'Jose Angel Lamas', 1, 1, '2014-11-18 23:21:34', 1, '2014-11-18 23:21:34'),
(45, 5, 'Jose Felix Ribas', 1, 1, '2014-11-18 23:21:34', 1, '2014-11-18 23:21:34'),
(46, 5, 'Jose Revenga', 1, 1, '2014-11-18 23:21:34', 1, '2014-11-18 23:21:34'),
(47, 5, 'Libertador', 1, 1, '2014-11-18 23:21:34', 1, '2014-11-18 23:21:34'),
(48, 5, 'Mario Iragorry', 1, 1, '2014-11-18 23:21:34', 1, '2014-11-18 23:21:34'),
(49, 5, 'Ocumare de la costa', 1, 1, '2014-11-18 23:21:34', 1, '2014-11-18 23:21:34'),
(50, 5, 'San Casimiro', 1, 1, '2014-11-18 23:21:34', 1, '2014-11-18 23:21:34'),
(51, 5, 'San Sebastian', 1, 1, '2014-11-18 23:21:34', 1, '2014-11-18 23:21:34'),
(52, 5, 'Santiago Mariño', 1, 1, '2014-11-18 23:21:34', 1, '2014-11-18 23:21:34'),
(53, 5, 'Santos Michelena', 1, 1, '2014-11-18 23:21:34', 1, '2014-11-18 23:21:34'),
(54, 5, 'Sucre', 1, 1, '2014-11-18 23:21:34', 1, '2014-11-18 23:21:34'),
(55, 5, 'Tovar', 1, 1, '2014-11-18 23:21:34', 1, '2014-11-18 23:21:34'),
(56, 5, 'Urdaneta', 1, 1, '2014-11-18 23:21:34', 1, '2014-11-18 23:21:34'),
(57, 5, 'Zamora', 1, 1, '2014-11-18 23:21:34', 1, '2014-11-18 23:21:34'),
(58, 8, 'Bejuma', 1, 1, '2014-11-18 23:21:34', 1, '2014-11-18 23:21:34'),
(59, 8, 'Carlos Arevalo', 1, 1, '2014-11-18 23:21:34', 1, '2014-11-18 23:21:34'),
(60, 8, 'Diego Ibarra', 1, 1, '2014-11-18 23:21:34', 1, '2014-11-18 23:21:34'),
(61, 8, 'Guacara', 1, 1, '2014-11-18 23:21:34', 1, '2014-11-18 23:21:34'),
(62, 8, 'Juan Jose Mora', 1, 1, '2014-11-18 23:21:34', 1, '2014-11-18 23:21:34'),
(63, 8, 'Libertador', 1, 1, '2014-11-18 23:21:34', 1, '2014-11-18 23:21:34'),
(64, 8, 'Los Guayos', 1, 1, '2014-11-18 23:21:34', 1, '2014-11-18 23:21:34'),
(65, 8, 'Miranda', 1, 1, '2014-11-18 23:21:34', 1, '2014-11-18 23:21:34'),
(66, 8, 'Montalban', 1, 1, '2014-11-18 23:21:34', 1, '2014-11-18 23:21:34'),
(67, 8, 'Naguanagua', 1, 1, '2014-11-18 23:21:34', 1, '2014-11-18 23:21:34'),
(68, 8, 'Puerto Cabello', 1, 1, '2014-11-18 23:21:34', 1, '2014-11-18 23:21:34'),
(69, 8, 'San Diego', 1, 1, '2014-11-18 23:21:34', 1, '2014-11-18 23:21:34'),
(70, 8, 'San Joaquin', 1, 1, '2014-11-18 23:21:34', 1, '2014-11-18 23:21:34'),
(71, 8, 'Valencia', 1, 1, '2014-11-18 23:21:34', 1, '2014-11-18 23:21:34'),
(72, 2, 'Anaco', 1, 1, '2014-11-18 23:21:34', 1, '2014-11-18 23:21:34'),
(73, 2, 'Aragua', 1, 1, '2014-11-18 23:21:34', 1, '2014-11-18 23:21:34'),
(74, 2, 'Bolivar', 1, 1, '2014-11-18 23:21:34', 1, '2014-11-18 23:21:34'),
(75, 2, 'Bruzual', 1, 1, '2014-11-18 23:21:34', 1, '2014-11-18 23:21:34'),
(76, 2, 'Cajigal', 1, 1, '2014-11-18 23:21:34', 1, '2014-11-18 23:21:34'),
(77, 2, 'Carvajal', 1, 1, '2014-11-18 23:21:34', 1, '2014-11-18 23:21:34'),
(78, 2, 'Diego Bautista Urbaneja', 1, 1, '2014-11-18 23:21:34', 1, '2014-11-18 23:21:34'),
(79, 2, 'Freites', 1, 1, '2014-11-18 23:21:34', 1, '2014-11-18 23:21:34'),
(80, 2, 'Guanipa', 1, 1, '2014-11-18 23:21:34', 1, '2014-11-18 23:21:34'),
(81, 2, 'Guanta', 1, 1, '2014-11-18 23:21:34', 1, '2014-11-18 23:21:34'),
(82, 2, 'Independencia', 1, 1, '2014-11-18 23:21:34', 1, '2014-11-18 23:21:34'),
(83, 2, 'Libertad', 1, 1, '2014-11-18 23:21:34', 1, '2014-11-18 23:21:34'),
(84, 2, 'Mcgregor', 1, 1, '2014-11-18 23:21:34', 1, '2014-11-18 23:21:34'),
(85, 2, 'Miranda', 1, 1, '2014-11-18 23:21:34', 1, '2014-11-18 23:21:34'),
(86, 2, 'Monagas', 1, 1, '2014-11-18 23:21:34', 1, '2014-11-18 23:21:34'),
(87, 2, 'Peñalver', 1, 1, '2014-11-18 23:21:34', 1, '2014-11-18 23:21:34'),
(88, 2, 'Piritu', 1, 1, '2014-11-18 23:21:34', 1, '2014-11-18 23:21:34'),
(89, 2, 'San Juan de Capistrano', 1, 1, '2014-11-18 23:21:34', 1, '2014-11-18 23:21:34'),
(90, 2, 'Santa Ana', 1, 1, '2014-11-18 23:21:34', 1, '2014-11-18 23:21:34'),
(91, 2, 'Simón Rodriguez', 1, 1, '2014-11-18 23:21:34', 1, '2014-11-18 23:21:34'),
(92, 2, 'Sotillo', 1, 1, '2014-11-18 23:21:34', 1, '2014-11-18 23:21:34'),
(93, 3, 'Alto Orinoco', 1, 1, '2014-11-18 23:21:34', 1, '2014-11-18 23:21:34'),
(94, 3, 'Atabapo', 1, 1, '2014-11-18 23:21:34', 1, '2014-11-18 23:21:34'),
(95, 3, 'Atures', 1, 1, '2014-11-18 23:21:34', 1, '2014-11-18 23:21:34'),
(96, 3, 'Autana', 1, 1, '2014-11-18 23:21:34', 1, '2014-11-18 23:21:34'),
(97, 3, 'Manapiare', 1, 1, '2014-11-18 23:21:34', 1, '2014-11-18 23:21:34'),
(98, 3, 'Maroa', 1, 1, '2014-11-18 23:21:34', 1, '2014-11-18 23:21:34'),
(99, 3, 'Rio Negro', 1, 1, '2014-11-18 23:21:34', 1, '2014-11-18 23:21:34'),
(100, 4, 'Achaguas', 1, 1, '2014-11-18 23:21:34', 1, '2014-11-18 23:21:34'),
(101, 4, 'Biruaca', 1, 1, '2014-11-18 23:21:34', 1, '2014-11-18 23:21:34'),
(102, 4, 'Muños', 1, 1, '2014-11-18 23:21:34', 1, '2014-11-18 23:21:34'),
(103, 4, 'Paez', 1, 1, '2014-11-18 23:21:34', 1, '2014-11-18 23:21:34'),
(104, 4, 'Pedro Camejo', 1, 1, '2014-11-18 23:21:34', 1, '2014-11-18 23:21:34'),
(105, 4, 'Romulo Gallegos', 1, 1, '2014-11-18 23:21:34', 1, '2014-11-18 23:21:34'),
(106, 4, 'San Fernando', 1, 1, '2014-11-18 23:21:34', 1, '2014-11-18 23:21:34'),
(107, 6, 'Alberto Arvelo Torrealba', 1, 1, '2014-11-18 23:21:34', 1, '2014-11-18 23:21:34'),
(108, 6, 'Andrés Eloy Blanco', 1, 1, '2014-11-18 23:21:34', 1, '2014-11-18 23:21:34'),
(109, 6, 'Antonio José de Sucre', 1, 1, '2014-11-18 23:21:34', 1, '2014-11-18 23:21:34'),
(110, 6, 'Arismendi', 1, 1, '2014-11-18 23:21:34', 1, '2014-11-18 23:21:34'),
(111, 6, 'Barinas', 1, 1, '2014-11-18 23:21:34', 1, '2014-11-18 23:21:34'),
(112, 6, 'Bolívar', 1, 1, '2014-11-18 23:21:34', 1, '2014-11-18 23:21:34'),
(113, 6, 'Cruz Paredes', 1, 1, '2014-11-18 23:21:34', 1, '2014-11-18 23:21:34'),
(114, 6, 'Ezequiel Zamora', 1, 1, '2014-11-18 23:21:34', 1, '2014-11-18 23:21:34'),
(115, 6, 'Obispos', 1, 1, '2014-11-18 23:21:34', 1, '2014-11-18 23:21:34'),
(116, 6, 'Pedraza', 1, 1, '2014-11-18 23:21:34', 1, '2014-11-18 23:21:34'),
(117, 6, 'Rojas', 1, 1, '2014-11-18 23:21:34', 1, '2014-11-18 23:21:34'),
(118, 6, 'Sosa', 1, 1, '2014-11-18 23:21:34', 1, '2014-11-18 23:21:34'),
(119, 7, 'Caroní', 1, 1, '2014-11-18 23:21:34', 1, '2014-11-18 23:21:34'),
(120, 7, 'Cedeño', 1, 1, '2014-11-18 23:21:34', 1, '2014-11-18 23:21:34'),
(121, 7, 'El Callao', 1, 1, '2014-11-18 23:21:34', 1, '2014-11-18 23:21:34'),
(122, 7, 'Gran Sabana', 1, 1, '2014-11-18 23:21:34', 1, '2014-11-18 23:21:34'),
(123, 7, 'Heres', 1, 1, '2014-11-18 23:21:34', 1, '2014-11-18 23:21:34'),
(124, 7, 'Piar', 1, 1, '2014-11-18 23:21:34', 1, '2014-11-18 23:21:34'),
(125, 7, 'Raul Leoni', 1, 1, '2014-11-18 23:21:34', 1, '2014-11-18 23:21:34'),
(126, 7, 'Roscio', 1, 1, '2014-11-18 23:21:34', 1, '2014-11-18 23:21:34'),
(127, 7, 'Sifontes', 1, 1, '2014-11-18 23:21:34', 1, '2014-11-18 23:21:34'),
(128, 7, 'Sucre', 1, 1, '2014-11-18 23:21:34', 1, '2014-11-18 23:21:34'),
(129, 7, 'Padre Pedro Chen', 1, 1, '2014-11-18 23:21:34', 1, '2014-11-18 23:21:34'),
(130, 9, 'Anzoategui', 1, 1, '2014-11-18 23:21:34', 1, '2014-11-18 23:21:34'),
(131, 9, 'Falcon', 1, 1, '2014-11-18 23:21:34', 1, '2014-11-18 23:21:34'),
(132, 9, 'Giraldot', 1, 1, '2014-11-18 23:21:34', 1, '2014-11-18 23:21:34'),
(133, 9, 'Lima Blanco', 1, 1, '2014-11-18 23:21:34', 1, '2014-11-18 23:21:34'),
(134, 9, 'Pao de San Juan Bautista', 1, 1, '2014-11-18 23:21:34', 1, '2014-11-18 23:21:34'),
(135, 9, 'Ricaurte', 1, 1, '2014-11-18 23:21:34', 1, '2014-11-18 23:21:34'),
(136, 9, 'Rómulo Gallegos', 1, 1, '2014-11-18 23:21:34', 1, '2014-11-18 23:21:34'),
(137, 9, 'San Carlos', 1, 1, '2014-11-18 23:21:34', 1, '2014-11-18 23:21:34'),
(138, 9, 'Tinaco', 1, 1, '2014-11-18 23:21:34', 1, '2014-11-18 23:21:34'),
(139, 10, 'Antonio Díaz', 1, 1, '2014-11-18 23:21:34', 1, '2014-11-18 23:21:34'),
(140, 10, 'Casacoima', 1, 1, '2014-11-18 23:21:34', 1, '2014-11-18 23:21:34'),
(141, 10, 'Pedernales', 1, 1, '2014-11-18 23:21:34', 1, '2014-11-18 23:21:34'),
(142, 10, 'Tucupita', 1, 1, '2014-11-18 23:21:34', 1, '2014-11-18 23:21:34'),
(143, 11, 'Acosta', 1, 1, '2014-11-18 23:21:34', 1, '2014-11-18 23:21:34'),
(144, 11, 'Bolívar', 1, 1, '2014-11-18 23:21:34', 1, '2014-11-18 23:21:34'),
(145, 11, 'Buchivacoa', 1, 1, '2014-11-18 23:21:34', 1, '2014-11-18 23:21:34'),
(146, 11, 'Cacique Manaure', 1, 1, '2014-11-18 23:21:34', 1, '2014-11-18 23:21:34'),
(147, 11, 'Carirubana', 1, 1, '2014-11-18 23:21:34', 1, '2014-11-18 23:21:34'),
(148, 11, 'Colina', 1, 1, '2014-11-18 23:21:34', 1, '2014-11-18 23:21:34'),
(149, 11, 'Dabajuro', 1, 1, '2014-11-18 23:21:34', 1, '2014-11-18 23:21:34'),
(150, 11, 'Democracia', 1, 1, '2014-11-18 23:21:34', 1, '2014-11-18 23:21:34'),
(151, 11, 'Falcón', 1, 1, '2014-11-18 23:21:34', 1, '2014-11-18 23:21:34'),
(152, 11, 'Federacion', 1, 1, '2014-11-18 23:21:34', 1, '2014-11-18 23:21:34'),
(153, 11, 'Jacura', 1, 1, '2014-11-18 23:21:34', 1, '2014-11-18 23:21:34'),
(154, 11, 'Los Taques', 1, 1, '2014-11-18 23:21:34', 1, '2014-11-18 23:21:34'),
(155, 11, 'Mauroa', 1, 1, '2014-11-18 23:21:34', 1, '2014-11-18 23:21:34'),
(156, 11, 'Miranda', 1, 1, '2014-11-18 23:21:34', 1, '2014-11-18 23:21:34'),
(157, 11, 'Monseñor Iturriza', 1, 1, '2014-11-18 23:21:34', 1, '2014-11-18 23:21:34'),
(158, 11, 'Palmasola', 1, 1, '2014-11-18 23:21:34', 1, '2014-11-18 23:21:34'),
(159, 11, 'Petit', 1, 1, '2014-11-18 23:21:34', 1, '2014-11-18 23:21:34'),
(160, 11, 'Piritu', 1, 1, '2014-11-18 23:21:34', 1, '2014-11-18 23:21:34'),
(161, 11, 'San Francisco', 1, 1, '2014-11-18 23:21:34', 1, '2014-11-18 23:21:34'),
(162, 11, 'Silva', 1, 1, '2014-11-18 23:21:34', 1, '2014-11-18 23:21:34'),
(163, 11, 'Sucre', 1, 1, '2014-11-18 23:21:34', 1, '2014-11-18 23:21:34'),
(164, 11, 'Tocopero', 1, 1, '2014-11-18 23:21:34', 1, '2014-11-18 23:21:34'),
(165, 11, 'Union', 1, 1, '2014-11-18 23:21:34', 1, '2014-11-18 23:21:34'),
(166, 11, 'Urumaco', 1, 1, '2014-11-18 23:21:34', 1, '2014-11-18 23:21:34'),
(167, 11, 'Zamora', 1, 1, '2014-11-18 23:21:34', 1, '2014-11-18 23:21:34'),
(168, 13, 'Andrés Eloy Blanco', 1, 1, '2014-11-18 23:21:34', 1, '2014-11-18 23:21:34'),
(169, 13, 'Crespo', 1, 1, '2014-11-18 23:21:34', 1, '2014-11-18 23:21:34'),
(170, 13, 'Iribarren', 1, 1, '2014-11-18 23:21:34', 1, '2014-11-18 23:21:34'),
(171, 13, 'Jiménez', 1, 1, '2014-11-18 23:21:34', 1, '2014-11-18 23:21:34'),
(172, 13, 'Morán', 1, 1, '2014-11-18 23:21:34', 1, '2014-11-18 23:21:34'),
(173, 13, 'Palavecino', 1, 1, '2014-11-18 23:21:34', 1, '2014-11-18 23:21:34'),
(174, 13, 'Simón Planas', 1, 1, '2014-11-18 23:21:34', 1, '2014-11-18 23:21:34'),
(175, 13, 'Torres', 1, 1, '2014-11-18 23:21:34', 1, '2014-11-18 23:21:34'),
(176, 13, 'Urdaneta', 1, 1, '2014-11-18 23:21:34', 1, '2014-11-18 23:21:34'),
(177, 14, 'Alberto Adriani', 1, 1, '2014-11-18 23:21:34', 1, '2014-11-18 23:21:34'),
(178, 14, 'Andrés Bello ', 1, 1, '2014-11-18 23:21:34', 1, '2014-11-18 23:21:34'),
(179, 14, 'Antonio Pinto Salinas ', 1, 1, '2014-11-18 23:21:34', 1, '2014-11-18 23:21:34'),
(180, 14, 'Acarigua', 1, 1, '2014-11-18 23:21:34', 1, '2014-11-18 23:21:34'),
(181, 14, 'Arzobispo Chacón', 1, 1, '2014-11-18 23:21:34', 1, '2014-11-18 23:21:34'),
(182, 14, 'Campo Elías', 1, 1, '2014-11-18 23:21:34', 1, '2014-11-18 23:21:34'),
(183, 14, 'Caracciolo Parra Olmedo ', 1, 1, '2014-11-18 23:21:34', 1, '2014-11-18 23:21:34'),
(184, 14, 'Cardenal Quintero', 1, 1, '2014-11-18 23:21:34', 1, '2014-11-18 23:21:34'),
(185, 14, 'Guaraque', 1, 1, '2014-11-18 23:21:34', 1, '2014-11-18 23:21:34'),
(186, 14, 'Julio César Salas ', 1, 1, '2014-11-18 23:21:34', 1, '2014-11-18 23:21:34'),
(187, 14, 'Justo Briceño', 1, 1, '2014-11-18 23:21:34', 1, '2014-11-18 23:21:34'),
(188, 14, 'Libertador', 1, 1, '2014-11-18 23:21:34', 1, '2014-11-18 23:21:34'),
(189, 14, 'Miranda', 1, 1, '2014-11-18 23:21:34', 1, '2014-11-18 23:21:34'),
(190, 14, 'Obispo Ramos de Lora ', 1, 1, '2014-11-18 23:21:34', 1, '2014-11-18 23:21:34'),
(191, 14, 'Padre Norega', 1, 1, '2014-11-18 23:21:34', 1, '2014-11-18 23:21:34'),
(192, 14, 'Pueblo Llano', 1, 1, '2014-11-18 23:21:34', 1, '2014-11-18 23:21:34'),
(193, 14, 'Rangel', 1, 1, '2014-11-18 23:21:34', 1, '2014-11-18 23:21:34'),
(194, 14, 'Rivas Dávila', 1, 1, '2014-11-18 23:21:34', 1, '2014-11-18 23:21:34'),
(195, 14, 'Santos Marquina', 1, 1, '2014-11-18 23:21:34', 1, '2014-11-18 23:21:34'),
(196, 14, 'Sucre', 1, 1, '2014-11-18 23:21:34', 1, '2014-11-18 23:21:34'),
(197, 14, 'Tovar', 1, 1, '2014-11-18 23:21:34', 1, '2014-11-18 23:21:34'),
(198, 14, 'Tulio Febres Cordero', 1, 1, '2014-11-18 23:21:34', 1, '2014-11-18 23:21:34'),
(199, 14, 'Zea', 1, 1, '2014-11-18 23:21:34', 1, '2014-11-18 23:21:34'),
(200, 16, 'Acosta', 1, 2, '2014-11-18 23:21:34', 2, '2014-11-18 23:21:34'),
(201, 16, 'Aguasay', 1, 1, '2014-11-18 23:21:34', 1, '2014-11-18 23:21:34'),
(202, 16, 'Bolívar', 1, 1, '2014-11-18 23:21:34', 1, '2014-11-18 23:21:34'),
(203, 16, 'Caripe', 1, 1, '2014-11-18 23:21:34', 1, '2014-11-18 23:21:34'),
(204, 16, 'Cedeño', 1, 1, '2014-11-18 23:21:34', 1, '2014-11-18 23:21:34'),
(205, 16, 'Ezequiel Zamora', 1, 1, '2014-11-18 23:21:34', 1, '2014-11-18 23:21:34'),
(206, 16, 'Libertador', 1, 1, '2014-11-18 23:21:34', 1, '2014-11-18 23:21:34'),
(207, 16, 'Maturín', 1, 1, '2014-11-18 23:21:34', 1, '2014-11-18 23:21:34'),
(208, 16, 'Piar', 1, 1, '2014-11-18 23:21:34', 1, '2014-11-18 23:21:34'),
(209, 16, 'Punceres', 1, 1, '2014-11-18 23:21:34', 1, '2014-11-18 23:21:34'),
(210, 16, 'Santa Bárbara', 1, 1, '2014-11-18 23:21:34', 1, '2014-11-18 23:21:34'),
(211, 16, 'Sotillo', 1, 1, '2014-11-18 23:21:34', 1, '2014-11-18 23:21:34'),
(212, 16, 'Uracoa', 1, 1, '2014-11-18 23:21:34', 1, '2014-11-18 23:21:34'),
(213, 17, 'Antolín del Campo', 1, 1, '2014-11-18 23:21:34', 1, '2014-11-18 23:21:34'),
(214, 17, 'Arismendi', 1, 1, '2014-11-18 23:21:34', 1, '2014-11-18 23:21:34'),
(215, 17, 'Díaz', 1, 1, '2014-11-18 23:21:34', 1, '2014-11-18 23:21:34'),
(216, 17, 'García', 1, 1, '2014-11-18 23:21:34', 1, '2014-11-18 23:21:34'),
(217, 17, 'Gómez', 1, 1, '2014-11-18 23:21:34', 1, '2014-11-18 23:21:34'),
(218, 17, 'Maneiro', 1, 1, '2014-11-18 23:21:34', 1, '2014-11-18 23:21:34'),
(219, 17, 'Marcano', 1, 1, '2014-11-18 23:21:34', 1, '2014-11-18 23:21:34'),
(220, 17, 'Mariño', 1, 1, '2014-11-18 23:21:34', 1, '2014-11-18 23:21:34'),
(221, 17, 'Península de Macanao', 1, 1, '2014-11-18 23:21:34', 1, '2014-11-18 23:21:34'),
(222, 17, 'Tubores', 1, 1, '2014-11-18 23:21:34', 1, '2014-11-18 23:21:34'),
(223, 17, 'Villalba', 1, 1, '2014-11-18 23:21:34', 1, '2014-11-18 23:21:34'),
(224, 18, 'Agua Blanca', 1, 1, '2014-11-18 23:21:34', 1, '2014-11-18 23:21:34'),
(225, 18, 'Araure', 1, 1, '2014-11-18 23:21:34', 1, '2014-11-18 23:21:34'),
(226, 18, 'Esteller', 1, 1, '2014-11-18 23:21:34', 1, '2014-11-18 23:21:34'),
(227, 18, 'Guanare', 1, 1, '2014-11-18 23:21:34', 1, '2014-11-18 23:21:34'),
(228, 18, 'Guanarito', 1, 1, '2014-11-18 23:21:34', 1, '2014-11-18 23:21:34'),
(229, 18, 'Monseñor José Vicenti de Unda', 1, 1, '2014-11-18 23:21:34', 1, '2014-11-18 23:21:34'),
(230, 18, 'Ospino', 1, 1, '2014-11-18 23:21:34', 1, '2014-11-18 23:21:34'),
(231, 18, 'Páez', 1, 1, '2014-11-18 23:21:34', 1, '2014-11-18 23:21:34'),
(232, 18, 'Papelón', 1, 1, '2014-11-18 23:21:34', 1, '2014-11-18 23:21:34'),
(233, 18, 'San Genaro de Boconoíto', 1, 1, '2014-11-18 23:21:34', 1, '2014-11-18 23:21:34'),
(234, 18, 'San Rafael de Onoto', 1, 1, '2014-11-18 23:21:34', 1, '2014-11-18 23:21:34'),
(235, 18, 'Santa Rosalía', 1, 1, '2014-11-18 23:21:34', 1, '2014-11-18 23:21:34'),
(236, 18, 'Sucre', 1, 1, '2014-11-18 23:21:34', 1, '2014-11-18 23:21:34'),
(237, 18, 'Turén', 1, 1, '2014-11-18 23:21:34', 1, '2014-11-18 23:21:34'),
(238, 19, 'Andrés Eloy Blanco19', 1, 1, '2014-11-18 23:21:34', 1, '2014-11-18 23:21:34'),
(239, 19, 'Andrés Mata', 1, 1, '2014-11-18 23:21:34', 1, '2014-11-18 23:21:34'),
(240, 19, 'Arismendi', 1, 1, '2014-11-18 23:21:34', 1, '2014-11-18 23:21:34'),
(241, 19, 'Benítez', 1, 1, '2014-11-18 23:21:34', 1, '2014-11-18 23:21:34'),
(242, 19, 'Beremúdez', 1, 1, '2014-11-18 23:21:34', 1, '2014-11-18 23:21:34'),
(243, 19, 'Bolívar', 1, 1, '2014-11-18 23:21:34', 1, '2014-11-18 23:21:34'),
(244, 19, 'Cagigal', 1, 1, '2014-11-18 23:21:34', 1, '2014-11-18 23:21:34'),
(245, 19, 'Cruz Salmerón Acosta', 1, 1, '2014-11-18 23:21:34', 1, '2014-11-18 23:21:34'),
(246, 19, 'Libertador', 1, 1, '2014-11-18 23:21:34', 1, '2014-11-18 23:21:34'),
(247, 19, 'Mariño', 1, 1, '2014-11-18 23:21:34', 1, '2014-11-18 23:21:34'),
(248, 19, 'Mejía', 1, 1, '2014-11-18 23:21:34', 1, '2014-11-18 23:21:34'),
(249, 19, 'Montes', 1, 1, '2014-11-18 23:21:34', 1, '2014-11-18 23:21:34'),
(250, 19, 'Ribero', 1, 1, '2014-11-18 23:21:34', 1, '2014-11-18 23:21:34'),
(251, 19, 'Sucre', 1, 1, '2014-11-18 23:21:34', 1, '2014-11-18 23:21:34'),
(252, 19, 'Valdez', 1, 1, '2014-11-18 23:21:34', 1, '2014-11-18 23:21:34'),
(253, 20, 'Andrés Bello', 1, 1, '2014-11-18 23:21:34', 1, '2014-11-18 23:21:34'),
(254, 20, 'Antonio Rómulo Costa', 1, 1, '2014-11-18 23:21:34', 1, '2014-11-18 23:21:34'),
(255, 20, 'Ayacucho', 1, 1, '2014-11-18 23:21:34', 1, '2014-11-18 23:21:34'),
(256, 20, 'Bolívar', 1, 1, '2014-11-18 23:21:34', 1, '2014-11-18 23:21:34'),
(257, 20, 'Cárdenas', 1, 1, '2014-11-18 23:21:34', 1, '2014-11-18 23:21:34'),
(258, 20, 'Córdova', 1, 1, '2014-11-18 23:21:34', 1, '2014-11-18 23:21:34'),
(259, 20, 'Fernández Feo', 1, 1, '2014-11-18 23:21:34', 1, '2014-11-18 23:21:34'),
(260, 20, 'Francisco de Miranda', 1, 1, '2014-11-18 23:21:34', 1, '2014-11-18 23:21:34'),
(261, 20, 'García de Hevia', 1, 1, '2014-11-18 23:21:34', 1, '2014-11-18 23:21:34'),
(262, 20, 'Guásimos', 1, 1, '2014-11-18 23:21:34', 1, '2014-11-18 23:21:34'),
(263, 20, 'Independencia', 1, 1, '2014-11-18 23:21:34', 1, '2014-11-18 23:21:34'),
(264, 20, 'Jáuregui', 1, 1, '2014-11-18 23:21:34', 1, '2014-11-18 23:21:34'),
(265, 20, 'José María Vargas', 1, 1, '2014-11-18 23:21:34', 1, '2014-11-18 23:21:34'),
(266, 20, 'Junín', 1, 1, '2014-11-18 23:21:34', 1, '2014-11-18 23:21:34'),
(267, 20, 'Libertad', 1, 1, '2014-11-18 23:21:34', 1, '2014-11-18 23:21:34'),
(268, 20, 'Libertador', 1, 1, '2014-11-18 23:21:34', 1, '2014-11-18 23:21:34'),
(269, 20, 'Lobatera', 1, 1, '2014-11-18 23:21:34', 1, '2014-11-18 23:21:34'),
(270, 20, 'Michelena', 1, 1, '2014-11-18 23:21:34', 1, '2014-11-18 23:21:34'),
(271, 20, 'Panamericano', 1, 1, '2014-11-18 23:21:34', 1, '2014-11-18 23:21:34'),
(272, 20, 'Pedro María Ureña', 1, 1, '2014-11-18 23:21:34', 1, '2014-11-18 23:21:34'),
(273, 20, 'Rafael Urdaneta', 1, 1, '2014-11-18 23:21:34', 1, '2014-11-18 23:21:34'),
(274, 20, 'Samuel Darío Maldonado', 1, 1, '2014-11-18 23:21:34', 1, '2014-11-18 23:21:34'),
(275, 20, 'San Cristóbal', 1, 1, '2014-11-18 23:21:34', 1, '2014-11-18 23:21:34'),
(276, 20, 'Seboruco', 1, 1, '2014-11-18 23:21:34', 1, '2014-11-18 23:21:34'),
(277, 20, 'Simón Rodríguez', 1, 1, '2014-11-18 23:21:34', 1, '2014-11-18 23:21:34'),
(278, 20, 'Sucre', 1, 1, '2014-11-18 23:21:34', 1, '2014-11-18 23:21:34'),
(279, 20, 'Torbes', 1, 1, '2014-11-18 23:21:34', 1, '2014-11-18 23:21:34'),
(280, 20, 'Uribante', 1, 1, '2014-11-18 23:21:34', 1, '2014-11-18 23:21:34'),
(281, 20, 'San Judas Tadeo', 1, 1, '2014-11-18 23:21:34', 1, '2014-11-18 23:21:34'),
(282, 21, 'Andrés Bello', 1, 1, '2014-11-18 23:21:34', 1, '2014-11-18 23:21:34'),
(283, 21, 'Boconó', 1, 1, '2014-11-18 23:21:34', 1, '2014-11-18 23:21:34'),
(284, 21, 'Bolívar', 1, 1, '2014-11-18 23:21:34', 1, '2014-11-18 23:21:34'),
(285, 21, 'Candelaria', 1, 1, '2014-11-18 23:21:34', 1, '2014-11-18 23:21:34'),
(286, 21, 'Carache', 1, 1, '2014-11-18 23:21:34', 1, '2014-11-18 23:21:34'),
(287, 21, 'Escuque', 1, 1, '2014-11-18 23:21:34', 1, '2014-11-18 23:21:34'),
(288, 21, 'José Felipe Márquez Cañizalez', 1, 1, '2014-11-18 23:21:34', 1, '2014-11-18 23:21:34'),
(289, 21, 'Juan Vicente Campos Elías', 1, 1, '2014-11-18 23:21:34', 1, '2014-11-18 23:21:34'),
(290, 21, 'La Ceiba', 1, 1, '2014-11-18 23:21:34', 1, '2014-11-18 23:21:34'),
(291, 21, 'Miranda', 1, 1, '2014-11-18 23:21:34', 1, '2014-11-18 23:21:34'),
(292, 21, 'Monte Carmelo', 1, 1, '2014-11-18 23:21:34', 1, '2014-11-18 23:21:34'),
(293, 21, 'Motatán', 1, 1, '2014-11-18 23:21:34', 1, '2014-11-18 23:21:34'),
(294, 21, 'Pampán', 1, 1, '2014-11-18 23:21:34', 1, '2014-11-18 23:21:34'),
(295, 21, 'Pampanito', 1, 1, '2014-11-18 23:21:34', 1, '2014-11-18 23:21:34'),
(296, 21, 'Rafael Rangel', 1, 1, '2014-11-18 23:21:34', 1, '2014-11-18 23:21:34'),
(297, 21, 'San Rafael de Carvajal', 1, 1, '2014-11-18 23:21:34', 1, '2014-11-18 23:21:34'),
(298, 21, 'Sucre', 1, 1, '2014-11-18 23:21:34', 1, '2014-11-18 23:21:34'),
(299, 21, 'Trujillo', 1, 1, '2014-11-18 23:21:34', 1, '2014-11-18 23:21:34'),
(300, 21, 'Urdaneta', 1, 1, '2014-11-18 23:21:34', 1, '2014-11-18 23:21:34'),
(301, 21, 'Valera', 1, 1, '2014-11-18 23:21:34', 1, '2014-11-18 23:21:34'),
(302, 22, 'Veroes', 1, 1, '2014-11-18 23:21:34', 1, '2014-11-18 23:21:34'),
(303, 22, 'Arístides Bastidas', 1, 1, '2014-11-18 23:21:34', 1, '2014-11-18 23:21:34'),
(304, 22, 'Bolívar', 1, 1, '2014-11-18 23:21:34', 1, '2014-11-18 23:21:34'),
(305, 22, 'Bruzal', 1, 1, '2014-11-18 23:21:34', 1, '2014-11-18 23:21:34'),
(306, 22, 'Cocorote', 1, 1, '2014-11-18 23:21:34', 1, '2014-11-18 23:21:34'),
(307, 22, 'Independencia', 1, 1, '2014-11-18 23:21:34', 1, '2014-11-18 23:21:34'),
(308, 22, 'José Antonio Páez', 1, 1, '2014-11-18 23:21:34', 1, '2014-11-18 23:21:34'),
(309, 22, 'La Trinidad', 1, 1, '2014-11-18 23:21:34', 1, '2014-11-18 23:21:34'),
(310, 22, 'Manuel Monge', 1, 1, '2014-11-18 23:21:34', 1, '2014-11-18 23:21:34'),
(311, 22, 'Nirgua', 1, 1, '2014-11-18 23:21:34', 1, '2014-11-18 23:21:34'),
(312, 22, 'Peña', 1, 1, '2014-11-18 23:21:34', 1, '2014-11-18 23:21:34'),
(313, 22, 'San Felipe', 1, 1, '2014-11-18 23:21:34', 1, '2014-11-18 23:21:34'),
(314, 22, 'Sucre', 1, 1, '2014-11-18 23:21:34', 1, '2014-11-18 23:21:34'),
(315, 22, 'Urachiche', 1, 1, '2014-11-18 23:21:34', 1, '2014-11-18 23:21:34'),
(316, 24, 'Almirante Padilla', 1, 1, '2014-11-18 23:21:34', 1, '2014-11-18 23:21:34'),
(317, 24, 'Baralt', 1, 1, '2014-11-18 23:21:34', 1, '2014-11-18 23:21:34'),
(318, 24, 'Cabimas', 1, 1, '2014-11-18 23:21:34', 1, '2014-11-18 23:21:34'),
(319, 24, 'Catatumbo', 1, 1, '2014-11-18 23:21:34', 1, '2014-11-18 23:21:34'),
(320, 24, 'Colón', 1, 1, '2014-11-18 23:21:34', 1, '2014-11-18 23:21:34'),
(321, 24, 'Francisco Javier Pulgar', 1, 1, '2014-11-18 23:21:34', 1, '2014-11-18 23:21:34'),
(322, 24, 'Jesús Enrique Losada', 1, 1, '2014-11-18 23:21:34', 1, '2014-11-18 23:21:34'),
(323, 24, 'La Cañada de Urdaneta', 1, 1, '2014-11-18 23:21:34', 1, '2014-11-18 23:21:34'),
(324, 24, 'Lagunillas', 1, 1, '2014-11-18 23:21:34', 1, '2014-11-18 23:21:34'),
(325, 24, 'Machiques de Perijá', 1, 1, '2014-11-18 23:21:34', 1, '2014-11-18 23:21:34'),
(326, 24, 'Mara', 1, 1, '2014-11-18 23:21:34', 1, '2014-11-18 23:21:34'),
(327, 24, 'Maracaibo', 1, 1, '2014-11-18 23:21:34', 1, '2014-11-18 23:21:34'),
(328, 24, 'Miranda', 1, 1, '2014-11-18 23:21:34', 1, '2014-11-18 23:21:34'),
(329, 24, 'Páez', 1, 1, '2014-11-18 23:21:34', 1, '2014-11-18 23:21:34'),
(330, 24, 'Rosario de Perijá', 1, 1, '2014-11-18 23:21:34', 1, '2014-11-18 23:21:34'),
(331, 24, 'San Francisco', 1, 1, '2014-11-18 23:21:34', 1, '2014-11-18 23:21:34'),
(332, 24, 'Santa Rita', 1, 1, '2014-11-18 23:21:34', 1, '2014-11-18 23:21:34'),
(333, 24, 'Simón Bolívar', 1, 1, '2014-11-18 23:21:34', 1, '2014-11-18 23:21:34'),
(334, 24, 'Sucre', 1, 1, '2014-11-18 23:21:34', 1, '2014-11-18 23:21:34'),
(335, 24, 'Valmore Rodríguez', 1, 1, '2014-11-18 23:21:34', 1, '2014-11-18 23:21:34'),
(336, 24, 'Jesús María Semprún', 1, 1, '2014-11-18 23:21:34', 1, '2014-11-18 23:21:34');

-- --------------------------------------------------------

--
-- Table structure for table `nivel_instruccion`
--

CREATE TABLE IF NOT EXISTS `nivel_instruccion` (
  `codigo` tinyint(1) unsigned NOT NULL,
  `descripcion` varchar(20) NOT NULL,
  `status` tinyint(1) unsigned NOT NULL DEFAULT '1',
  `cod_usr_reg` int(11) NOT NULL,
  `fec_reg` timestamp NOT NULL DEFAULT CURRENT_TIMESTAMP,
  `cod_usr_mod` int(11) NOT NULL,
  `fec_mod` timestamp NOT NULL,
  PRIMARY KEY (`codigo`)
) ENGINE=InnoDB DEFAULT CHARSET=latin1;

--
-- Dumping data for table `nivel_instruccion`
--

INSERT INTO `nivel_instruccion` (`codigo`, `descripcion`, `status`, `cod_usr_reg`, `fec_reg`, `cod_usr_mod`, `fec_mod`) VALUES
(0, 'N/S', 1, 1, '2014-11-18 23:23:21', 1, '2014-11-18 23:23:21'),
(1, 'Inicial', 1, 1, '2014-11-18 23:23:21', 1, '2014-11-18 23:23:21'),
(2, 'Primaria', 1, 1, '2014-11-18 23:23:21', 1, '2014-11-18 23:23:21'),
(3, 'Diversificada', 1, 1, '2014-11-18 23:23:21', 1, '2014-11-18 23:23:21'),
(4, 'Tecnico Medio', 1, 1, '2014-11-18 23:23:21', 1, '2014-11-18 23:23:21'),
(5, 'Tecnico Superior', 1, 1, '2014-11-18 23:23:21', 1, '2014-11-18 23:23:21'),
(6, 'Universitario', 1, 1, '2014-11-18 23:23:21', 1, '2014-11-18 23:23:21'),
(7, 'Post-grado', 1, 1, '2014-11-18 23:23:21', 1, '2014-11-18 23:23:21'),
(8, 'Doctorado', 1, 1, '2014-11-18 23:23:21', 1, '2014-11-18 23:23:21');

-- --------------------------------------------------------

--
-- Table structure for table `obtiene`
--

CREATE TABLE IF NOT EXISTS `obtiene` (
  `codigo` int(10) unsigned NOT NULL AUTO_INCREMENT,
  `cod_p_a` int(10) unsigned NOT NULL,
  `cod_alu` int(10) unsigned NOT NULL,
  `status` tinyint(1) unsigned NOT NULL DEFAULT '1',
  `cod_usr_reg` int(11) NOT NULL,
  `fec_reg` timestamp NOT NULL DEFAULT CURRENT_TIMESTAMP,
  `cod_usr_mod` int(11) NOT NULL,
  `fec_mod` timestamp NOT NULL,
  PRIMARY KEY (`codigo`),
  KEY `cod_alu` (`cod_alu`),
  KEY `cod_p_a` (`cod_p_a`)
) ENGINE=InnoDB  DEFAULT CHARSET=latin1 AUTO_INCREMENT=2 ;

--
-- Dumping data for table `obtiene`
--

INSERT INTO `obtiene` (`codigo`, `cod_p_a`, `cod_alu`, `status`, `cod_usr_reg`, `fec_reg`, `cod_usr_mod`, `fec_mod`) VALUES
(1, 1, 1, 1, 1, '2014-11-19 22:48:50', 1, '2014-11-19 22:48:50');

-- --------------------------------------------------------

--
-- Table structure for table `parroquia`
--

CREATE TABLE IF NOT EXISTS `parroquia` (
  `codigo` smallint(5) unsigned NOT NULL AUTO_INCREMENT,
  `cod_mun` smallint(5) unsigned DEFAULT NULL,
  `descripcion` varchar(100) NOT NULL,
  `status` tinyint(1) unsigned NOT NULL DEFAULT '1',
  `cod_usr_reg` int(11) NOT NULL,
  `fec_reg` timestamp NOT NULL DEFAULT CURRENT_TIMESTAMP,
  `cod_usr_mod` int(11) NOT NULL,
  `fec_mod` timestamp NOT NULL,
  PRIMARY KEY (`codigo`),
  KEY `cod_mun` (`cod_mun`)
) ENGINE=InnoDB  DEFAULT CHARSET=latin1 AUTO_INCREMENT=925 ;

--
-- Dumping data for table `parroquia`
--

INSERT INTO `parroquia` (`codigo`, `cod_mun`, `descripcion`, `status`, `cod_usr_reg`, `fec_reg`, `cod_usr_mod`, `fec_mod`) VALUES
(1, 1, 'Altagracia', 1, 1, '2014-11-18 23:21:35', 1, '2014-11-18 23:21:35'),
(2, 1, 'Antímano', 1, 1, '2014-11-18 23:21:35', 1, '2014-11-18 23:21:35'),
(3, 1, 'Caricuao', 1, 1, '2014-11-18 23:21:35', 1, '2014-11-18 23:21:35'),
(4, 1, 'Catedral', 1, 1, '2014-11-18 23:21:35', 1, '2014-11-18 23:21:35'),
(5, 1, 'Coche', 1, 1, '2014-11-18 23:21:35', 1, '2014-11-18 23:21:35'),
(6, 1, 'El Junquito', 1, 1, '2014-11-18 23:21:35', 1, '2014-11-18 23:21:35'),
(7, 1, 'El paraíso', 1, 1, '2014-11-18 23:21:35', 1, '2014-11-18 23:21:35'),
(8, 1, 'El Recreo', 1, 1, '2014-11-18 23:21:35', 1, '2014-11-18 23:21:35'),
(9, 1, 'El Valle', 1, 1, '2014-11-18 23:21:35', 1, '2014-11-18 23:21:35'),
(10, 1, 'La Candelaria', 1, 1, '2014-11-18 23:21:35', 1, '2014-11-18 23:21:35'),
(11, 1, 'La Pastora', 1, 1, '2014-11-18 23:21:35', 1, '2014-11-18 23:21:35'),
(12, 1, 'La Vega', 1, 1, '2014-11-18 23:21:35', 1, '2014-11-18 23:21:35'),
(13, 1, 'Macarao', 1, 1, '2014-11-18 23:21:35', 1, '2014-11-18 23:21:35'),
(14, 1, 'San Agustín', 1, 1, '2014-11-18 23:21:35', 1, '2014-11-18 23:21:35'),
(15, 1, 'San Bernardino', 1, 1, '2014-11-18 23:21:35', 1, '2014-11-18 23:21:35'),
(16, 1, 'San José', 1, 1, '2014-11-18 23:21:35', 1, '2014-11-18 23:21:35'),
(17, 1, 'San Juan', 1, 1, '2014-11-18 23:21:35', 1, '2014-11-18 23:21:35'),
(18, 1, 'Santa Rosalia', 1, 1, '2014-11-18 23:21:35', 1, '2014-11-18 23:21:35'),
(19, 1, 'Santa Teresa', 1, 1, '2014-11-18 23:21:35', 1, '2014-11-18 23:21:35'),
(20, 1, 'Sucre', 1, 1, '2014-11-18 23:21:35', 1, '2014-11-18 23:21:35'),
(21, 1, '23 de enero', 1, 1, '2014-11-18 23:21:35', 1, '2014-11-18 23:21:35'),
(22, 1, 'San Pedro', 1, 1, '2014-11-18 23:21:35', 1, '2014-11-18 23:21:35'),
(23, 2, 'El Cafetal', 1, 1, '2014-11-18 23:21:35', 1, '2014-11-18 23:21:35'),
(24, 2, 'Las minas de Baruta', 1, 1, '2014-11-18 23:21:35', 1, '2014-11-18 23:21:35'),
(25, 2, 'Nuestra Señora del Rosario', 1, 1, '2014-11-18 23:21:35', 1, '2014-11-18 23:21:35'),
(26, 3, 'Chacao', 1, 1, '2014-11-18 23:21:35', 1, '2014-11-18 23:21:35'),
(27, 4, 'Petare', 1, 1, '2014-11-18 23:21:35', 1, '2014-11-18 23:21:35'),
(28, 4, 'Leoncio Martinez', 1, 1, '2014-11-18 23:21:35', 1, '2014-11-18 23:21:35'),
(29, 4, 'La Dolorita', 1, 1, '2014-11-18 23:21:35', 1, '2014-11-18 23:21:35'),
(30, 4, 'Caucaguita', 1, 1, '2014-11-18 23:21:35', 1, '2014-11-18 23:21:35'),
(31, 4, 'Filas de Mariche', 1, 1, '2014-11-18 23:21:35', 1, '2014-11-18 23:21:35'),
(32, 6, 'Araguita', 1, 1, '2014-11-18 23:21:35', 1, '2014-11-18 23:21:35'),
(33, 6, 'Arevalo Gonzalez', 1, 1, '2014-11-18 23:21:35', 1, '2014-11-18 23:21:35'),
(34, 6, 'Capaya', 1, 1, '2014-11-18 23:21:35', 1, '2014-11-18 23:21:35'),
(35, 6, 'Caucagua', 1, 1, '2014-11-18 23:21:35', 1, '2014-11-18 23:21:35'),
(36, 6, 'El Cafe', 1, 1, '2014-11-18 23:21:35', 1, '2014-11-18 23:21:35'),
(37, 6, 'Marizapa', 1, 1, '2014-11-18 23:21:35', 1, '2014-11-18 23:21:35'),
(38, 6, 'Panaquire', 1, 1, '2014-11-18 23:21:35', 1, '2014-11-18 23:21:35'),
(39, 6, 'Ribas', 1, 1, '2014-11-18 23:21:35', 1, '2014-11-18 23:21:35'),
(40, 7, 'Cumbo', 1, 1, '2014-11-18 23:21:35', 1, '2014-11-18 23:21:35'),
(41, 7, 'San Jose Barlovento', 1, 1, '2014-11-18 23:21:35', 1, '2014-11-18 23:21:35'),
(42, 8, 'Curiepe', 1, 1, '2014-11-18 23:21:35', 1, '2014-11-18 23:21:35'),
(43, 8, 'Higuerote', 1, 1, '2014-11-18 23:21:35', 1, '2014-11-18 23:21:35'),
(44, 8, 'Tacarigua', 1, 1, '2014-11-18 23:21:35', 1, '2014-11-18 23:21:35'),
(45, 9, 'Mamporal', 1, 1, '2014-11-18 23:21:35', 1, '2014-11-18 23:21:35'),
(46, 10, 'Carrizal', 1, 1, '2014-11-18 23:21:35', 1, '2014-11-18 23:21:35'),
(47, 11, 'Charallave', 1, 1, '2014-11-18 23:21:35', 1, '2014-11-18 23:21:35'),
(48, 11, 'Las Brisas', 1, 1, '2014-11-18 23:21:35', 1, '2014-11-18 23:21:35'),
(49, 12, 'Altagracia de la M', 1, 1, '2014-11-18 23:21:35', 1, '2014-11-18 23:21:35'),
(50, 12, 'Cecilio Acosta', 1, 1, '2014-11-18 23:21:35', 1, '2014-11-18 23:21:35'),
(51, 12, 'El Jarillo', 1, 1, '2014-11-18 23:21:35', 1, '2014-11-18 23:21:35'),
(52, 12, 'Los Teques', 1, 1, '2014-11-18 23:21:35', 1, '2014-11-18 23:21:35'),
(53, 12, 'Paracotos', 1, 1, '2014-11-18 23:21:35', 1, '2014-11-18 23:21:35'),
(54, 12, 'San Pedro', 1, 1, '2014-11-18 23:21:35', 1, '2014-11-18 23:21:35'),
(55, 12, 'Tacata', 1, 1, '2014-11-18 23:21:35', 1, '2014-11-18 23:21:35'),
(56, 13, 'El Cartanal', 1, 1, '2014-11-18 23:21:35', 1, '2014-11-18 23:21:35'),
(57, 13, 'Sta Teresa del Tuy', 1, 1, '2014-11-18 23:21:35', 1, '2014-11-18 23:21:35'),
(58, 14, 'La Democracia', 1, 1, '2014-11-18 23:21:35', 1, '2014-11-18 23:21:35'),
(59, 14, 'Ocumare del Tuy', 1, 1, '2014-11-18 23:21:35', 1, '2014-11-18 23:21:35'),
(60, 14, 'Santa Barbara', 1, 1, '2014-11-18 23:21:35', 1, '2014-11-18 23:21:35'),
(61, 15, 'San Antonio de los altos', 1, 1, '2014-11-18 23:21:35', 1, '2014-11-18 23:21:35'),
(62, 16, 'El Guapo', 1, 1, '2014-11-18 23:21:35', 1, '2014-11-18 23:21:35'),
(63, 16, 'Paparo', 1, 1, '2014-11-18 23:21:35', 1, '2014-11-18 23:21:35'),
(64, 16, 'Tacarigua de la laguna', 1, 1, '2014-11-18 23:21:35', 1, '2014-11-18 23:21:35'),
(65, 16, 'Rio Chico', 1, 1, '2014-11-18 23:21:35', 1, '2014-11-18 23:21:35'),
(66, 16, 'San Fernardo del Guapo', 1, 1, '2014-11-18 23:21:35', 1, '2014-11-18 23:21:35'),
(67, 17, 'Santa Lucia', 1, 1, '2014-11-18 23:21:35', 1, '2014-11-18 23:21:35'),
(68, 18, 'Cupira', 1, 1, '2014-11-18 23:21:35', 1, '2014-11-18 23:21:35'),
(69, 18, 'Machurucuto', 1, 1, '2014-11-18 23:21:35', 1, '2014-11-18 23:21:35'),
(70, 19, 'Guarenas', 1, 1, '2014-11-18 23:21:35', 1, '2014-11-18 23:21:35'),
(71, 20, 'San Francisco de Yare', 1, 1, '2014-11-18 23:21:35', 1, '2014-11-18 23:21:35'),
(72, 20, 'San Antonio de Yare', 1, 1, '2014-11-18 23:21:35', 1, '2014-11-18 23:21:35'),
(73, 21, 'Cua', 1, 1, '2014-11-18 23:21:35', 1, '2014-11-18 23:21:35'),
(74, 21, 'Nueva Cua', 1, 1, '2014-11-18 23:21:35', 1, '2014-11-18 23:21:35'),
(75, 22, 'Bolivar', 1, 1, '2014-11-18 23:21:35', 1, '2014-11-18 23:21:35'),
(76, 22, 'Guatire', 1, 1, '2014-11-18 23:21:35', 1, '2014-11-18 23:21:35'),
(77, 23, 'Caraballeda', 1, 1, '2014-11-18 23:21:35', 1, '2014-11-18 23:21:35'),
(78, 23, 'Carayaca', 1, 1, '2014-11-18 23:21:35', 1, '2014-11-18 23:21:35'),
(79, 23, 'Carlos Soublette', 1, 1, '2014-11-18 23:21:35', 1, '2014-11-18 23:21:35'),
(80, 23, 'Caruao', 1, 1, '2014-11-18 23:21:35', 1, '2014-11-18 23:21:35'),
(81, 23, 'Catia la mar', 1, 1, '2014-11-18 23:21:35', 1, '2014-11-18 23:21:35'),
(82, 23, 'El Junko', 1, 1, '2014-11-18 23:21:35', 1, '2014-11-18 23:21:35'),
(83, 23, 'La Guaira', 1, 1, '2014-11-18 23:21:35', 1, '2014-11-18 23:21:35'),
(84, 23, 'Macuto', 1, 1, '2014-11-18 23:21:35', 1, '2014-11-18 23:21:35'),
(85, 23, 'Maiquetia', 1, 1, '2014-11-18 23:21:35', 1, '2014-11-18 23:21:35'),
(86, 23, 'Naiguata', 1, 1, '2014-11-18 23:21:35', 1, '2014-11-18 23:21:35'),
(87, 23, 'Urimare', 1, 1, '2014-11-18 23:21:35', 1, '2014-11-18 23:21:35'),
(88, 24, 'Camaguan', 1, 1, '2014-11-18 23:21:35', 1, '2014-11-18 23:21:35'),
(89, 24, 'Puerto Miranda', 1, 1, '2014-11-18 23:21:35', 1, '2014-11-18 23:21:35'),
(90, 24, 'Uverito', 1, 1, '2014-11-18 23:21:35', 1, '2014-11-18 23:21:35'),
(91, 25, 'Chaguaramas', 1, 1, '2014-11-18 23:21:35', 1, '2014-11-18 23:21:35'),
(92, 26, 'El Socorro', 1, 1, '2014-11-18 23:21:35', 1, '2014-11-18 23:21:35'),
(93, 27, 'Calabozo', 1, 1, '2014-11-18 23:21:35', 1, '2014-11-18 23:21:35'),
(94, 27, 'El Calvario', 1, 1, '2014-11-18 23:21:35', 1, '2014-11-18 23:21:35'),
(95, 27, 'El rastro', 1, 1, '2014-11-18 23:21:35', 1, '2014-11-18 23:21:35'),
(96, 27, 'Guardatinajas', 1, 1, '2014-11-18 23:21:35', 1, '2014-11-18 23:21:35'),
(97, 28, 'San Rafael de Laya', 1, 1, '2014-11-18 23:21:35', 1, '2014-11-18 23:21:35'),
(98, 28, 'Tucupido', 1, 1, '2014-11-18 23:21:35', 1, '2014-11-18 23:21:35'),
(99, 29, 'Altagracia de Orituco', 1, 1, '2014-11-18 23:21:35', 1, '2014-11-18 23:21:35'),
(100, 29, 'Lezama', 1, 1, '2014-11-18 23:21:35', 1, '2014-11-18 23:21:35'),
(101, 29, 'Libertad de Orituco', 1, 1, '2014-11-18 23:21:35', 1, '2014-11-18 23:21:35'),
(102, 29, 'Paso real de Macaira', 1, 1, '2014-11-18 23:21:35', 1, '2014-11-18 23:21:35'),
(103, 29, 'San Fco de Macaira', 1, 1, '2014-11-18 23:21:35', 1, '2014-11-18 23:21:35'),
(104, 29, 'San Rafael de Orituco', 1, 1, '2014-11-18 23:21:35', 1, '2014-11-18 23:21:35'),
(105, 29, 'Soublette', 1, 1, '2014-11-18 23:21:35', 1, '2014-11-18 23:21:35'),
(106, 30, 'Cantagallo', 1, 1, '2014-11-18 23:21:35', 1, '2014-11-18 23:21:35'),
(107, 30, 'Parapara', 1, 1, '2014-11-18 23:21:35', 1, '2014-11-18 23:21:35'),
(108, 30, 'San Juan de los Morros', 1, 1, '2014-11-18 23:21:35', 1, '2014-11-18 23:21:35'),
(109, 31, 'El Sombrero', 1, 1, '2014-11-18 23:21:35', 1, '2014-11-18 23:21:35'),
(110, 31, 'Sosa', 1, 1, '2014-11-18 23:21:35', 1, '2014-11-18 23:21:35'),
(111, 32, 'Cabruta', 1, 1, '2014-11-18 23:21:35', 1, '2014-11-18 23:21:35'),
(112, 32, 'Las Mercedes', 1, 1, '2014-11-18 23:21:35', 1, '2014-11-18 23:21:35'),
(113, 32, 'Santa Rita de Manapire', 1, 1, '2014-11-18 23:21:35', 1, '2014-11-18 23:21:35'),
(114, 33, 'Espino', 1, 1, '2014-11-18 23:21:35', 1, '2014-11-18 23:21:35'),
(115, 33, 'Valle de la Pascua', 1, 1, '2014-11-18 23:21:35', 1, '2014-11-18 23:21:35'),
(116, 34, 'Ortiz', 1, 1, '2014-11-18 23:21:35', 1, '2014-11-18 23:21:35'),
(117, 34, 'Sn Fco de Tiznados', 1, 1, '2014-11-18 23:21:35', 1, '2014-11-18 23:21:35'),
(118, 34, 'San Jose de Tiznados', 1, 1, '2014-11-18 23:21:35', 1, '2014-11-18 23:21:35'),
(119, 34, 'Sn Lorenzo de tiznados', 1, 1, '2014-11-18 23:21:35', 1, '2014-11-18 23:21:35'),
(120, 35, 'San Jose de Unare', 1, 1, '2014-11-18 23:21:35', 1, '2014-11-18 23:21:35'),
(121, 35, 'Zaraza', 1, 1, '2014-11-18 23:21:35', 1, '2014-11-18 23:21:35'),
(122, 36, 'Cazorla', 1, 1, '2014-11-18 23:21:35', 1, '2014-11-18 23:21:35'),
(123, 36, 'Guayabal', 1, 1, '2014-11-18 23:21:35', 1, '2014-11-18 23:21:35'),
(124, 37, 'San Jose de Guaribe', 1, 1, '2014-11-18 23:21:35', 1, '2014-11-18 23:21:35'),
(125, 38, 'Altamira', 1, 1, '2014-11-18 23:21:35', 1, '2014-11-18 23:21:35'),
(126, 38, 'Santa Maria de Ipire', 1, 1, '2014-11-18 23:21:35', 1, '2014-11-18 23:21:35'),
(127, 39, 'San Mateo', 1, 1, '2014-11-18 23:21:35', 1, '2014-11-18 23:21:35'),
(128, 41, 'Carmen de Cura', 1, 1, '2014-11-18 23:21:35', 1, '2014-11-18 23:21:35'),
(129, 41, 'Camatagua', 1, 1, '2014-11-18 23:21:35', 1, '2014-11-18 23:21:35'),
(130, 42, 'Santa Rita', 1, 1, '2014-11-18 23:21:35', 1, '2014-11-18 23:21:35'),
(131, 42, 'Francisco de Miranda', 1, 1, '2014-11-18 23:21:35', 1, '2014-11-18 23:21:35'),
(132, 42, 'Mons Feliciano', 1, 1, '2014-11-18 23:21:35', 1, '2014-11-18 23:21:35'),
(133, 43, 'Andres Eloy Blanco', 1, 1, '2014-11-18 23:21:35', 1, '2014-11-18 23:21:35'),
(134, 43, 'Choroni', 1, 1, '2014-11-18 23:21:35', 1, '2014-11-18 23:21:35'),
(135, 43, 'Joaquin Crespo', 1, 1, '2014-11-18 23:21:35', 1, '2014-11-18 23:21:35'),
(136, 43, 'Jose Casanova Godoy', 1, 1, '2014-11-18 23:21:35', 1, '2014-11-18 23:21:35'),
(137, 43, 'Las Delicias', 1, 1, '2014-11-18 23:21:35', 1, '2014-11-18 23:21:35'),
(138, 43, 'Los Tacariguas', 1, 1, '2014-11-18 23:21:35', 1, '2014-11-18 23:21:35'),
(139, 43, 'Madre Ma de San Jose', 1, 1, '2014-11-18 23:21:35', 1, '2014-11-18 23:21:35'),
(140, 43, 'Pedro Jose Ovalies', 1, 1, '2014-11-18 23:21:35', 1, '2014-11-18 23:21:35'),
(141, 44, 'Santa Cruz', 1, 1, '2014-11-18 23:21:35', 1, '2014-11-18 23:21:35'),
(142, 45, 'Castor Nieves Rios', 1, 1, '2014-11-18 23:21:35', 1, '2014-11-18 23:21:35'),
(143, 45, 'La Victoria', 1, 1, '2014-11-18 23:21:35', 1, '2014-11-18 23:21:35'),
(144, 45, 'Las Guacamayas', 1, 1, '2014-11-18 23:21:35', 1, '2014-11-18 23:21:35'),
(145, 45, 'Pao de Zarate', 1, 1, '2014-11-18 23:21:35', 1, '2014-11-18 23:21:35'),
(146, 45, 'Zuata', 1, 1, '2014-11-18 23:21:35', 1, '2014-11-18 23:21:35'),
(147, 46, 'El Consejo', 1, 1, '2014-11-18 23:21:35', 1, '2014-11-18 23:21:35'),
(148, 47, 'Palo Negro', 1, 1, '2014-11-18 23:21:35', 1, '2014-11-18 23:21:35'),
(149, 47, 'Martin de Porres', 1, 1, '2014-11-18 23:21:35', 1, '2014-11-18 23:21:35'),
(150, 48, 'Ca de Azucar', 1, 1, '2014-11-18 23:21:35', 1, '2014-11-18 23:21:35'),
(151, 48, 'El Limon', 1, 1, '2014-11-18 23:21:35', 1, '2014-11-18 23:21:35'),
(152, 49, 'Ocumare de la costa', 1, 1, '2014-11-18 23:21:35', 1, '2014-11-18 23:21:35'),
(153, 50, 'San Casimiro', 1, 1, '2014-11-18 23:21:35', 1, '2014-11-18 23:21:35'),
(154, 50, 'Guiripa', 1, 1, '2014-11-18 23:21:35', 1, '2014-11-18 23:21:35'),
(155, 50, 'Ollas de Caramacate', 1, 1, '2014-11-18 23:21:35', 1, '2014-11-18 23:21:35'),
(156, 50, 'Valle Morin', 1, 1, '2014-11-18 23:21:35', 1, '2014-11-18 23:21:35'),
(157, 51, 'San Sebastian', 1, 1, '2014-11-18 23:21:35', 1, '2014-11-18 23:21:35'),
(158, 52, 'Alfredo Pacheco', 1, 1, '2014-11-18 23:21:35', 1, '2014-11-18 23:21:35'),
(159, 52, 'Arevalo Aponte', 1, 1, '2014-11-18 23:21:35', 1, '2014-11-18 23:21:35'),
(160, 52, 'Chuao', 1, 1, '2014-11-18 23:21:35', 1, '2014-11-18 23:21:35'),
(161, 52, 'Turumero', 1, 1, '2014-11-18 23:21:35', 1, '2014-11-18 23:21:35'),
(162, 52, 'Saman de Guere', 1, 1, '2014-11-18 23:21:35', 1, '2014-11-18 23:21:35'),
(163, 53, 'Las Tejerias', 1, 1, '2014-11-18 23:21:35', 1, '2014-11-18 23:21:35'),
(164, 53, 'Tiara', 1, 1, '2014-11-18 23:21:35', 1, '2014-11-18 23:21:35'),
(165, 54, 'Bella Vista', 1, 1, '2014-11-18 23:21:35', 1, '2014-11-18 23:21:35'),
(166, 54, 'Cagua', 1, 1, '2014-11-18 23:21:35', 1, '2014-11-18 23:21:35'),
(167, 55, 'Colonia Tovar', 1, 1, '2014-11-18 23:21:35', 1, '2014-11-18 23:21:35'),
(168, 56, 'Barbacoas', 1, 1, '2014-11-18 23:21:35', 1, '2014-11-18 23:21:35'),
(169, 56, 'Las Peñitas', 1, 1, '2014-11-18 23:21:35', 1, '2014-11-18 23:21:35'),
(170, 56, 'San Francisco de Cara', 1, 1, '2014-11-18 23:21:35', 1, '2014-11-18 23:21:35'),
(171, 56, 'Taguay', 1, 1, '2014-11-18 23:21:35', 1, '2014-11-18 23:21:35'),
(172, 57, 'Augusto Mijares', 1, 1, '2014-11-18 23:21:35', 1, '2014-11-18 23:21:35'),
(173, 57, 'Villa de cura', 1, 1, '2014-11-18 23:21:35', 1, '2014-11-18 23:21:35'),
(174, 57, 'Magdaleno', 1, 1, '2014-11-18 23:21:35', 1, '2014-11-18 23:21:35'),
(175, 57, 'Sam Francisco de Asis', 1, 1, '2014-11-18 23:21:35', 1, '2014-11-18 23:21:35'),
(176, 57, 'Valles de Tucutunemo', 1, 1, '2014-11-18 23:21:35', 1, '2014-11-18 23:21:35'),
(177, 58, 'Bejuma', 1, 1, '2014-11-18 23:21:35', 1, '2014-11-18 23:21:35'),
(178, 58, 'Canoabo', 1, 1, '2014-11-18 23:21:35', 1, '2014-11-18 23:21:35'),
(179, 58, 'Simon Bolivar', 1, 1, '2014-11-18 23:21:35', 1, '2014-11-18 23:21:35'),
(180, 59, 'Belen', 1, 1, '2014-11-18 23:21:35', 1, '2014-11-18 23:21:35'),
(181, 59, 'Guigue', 1, 1, '2014-11-18 23:21:35', 1, '2014-11-18 23:21:35'),
(182, 59, 'Tacarigua', 1, 1, '2014-11-18 23:21:35', 1, '2014-11-18 23:21:35'),
(183, 60, 'Agua Caliente', 1, 1, '2014-11-18 23:21:35', 1, '2014-11-18 23:21:35'),
(184, 60, 'Mariara', 1, 1, '2014-11-18 23:21:35', 1, '2014-11-18 23:21:35'),
(185, 61, 'Ciudad Alianza', 1, 1, '2014-11-18 23:21:35', 1, '2014-11-18 23:21:35'),
(186, 61, 'Guacara', 1, 1, '2014-11-18 23:21:35', 1, '2014-11-18 23:21:35'),
(187, 61, 'Yagua', 1, 1, '2014-11-18 23:21:35', 1, '2014-11-18 23:21:35'),
(188, 62, 'Moron', 1, 1, '2014-11-18 23:21:35', 1, '2014-11-18 23:21:35'),
(189, 62, 'Urama', 1, 1, '2014-11-18 23:21:35', 1, '2014-11-18 23:21:35'),
(190, 63, 'Independencia', 1, 1, '2014-11-18 23:21:35', 1, '2014-11-18 23:21:35'),
(191, 63, 'Tocuyito', 1, 1, '2014-11-18 23:21:35', 1, '2014-11-18 23:21:35'),
(192, 64, 'Los Guayos', 1, 1, '2014-11-18 23:21:35', 1, '2014-11-18 23:21:35'),
(193, 65, 'Miranda', 1, 1, '2014-11-18 23:21:35', 1, '2014-11-18 23:21:35'),
(194, 66, 'Montalban', 1, 1, '2014-11-18 23:21:35', 1, '2014-11-18 23:21:35'),
(195, 67, 'Naguanagua', 1, 1, '2014-11-18 23:21:35', 1, '2014-11-18 23:21:35'),
(196, 68, 'Bartolome Salom', 1, 1, '2014-11-18 23:21:35', 1, '2014-11-18 23:21:35'),
(197, 68, 'Borburata', 1, 1, '2014-11-18 23:21:35', 1, '2014-11-18 23:21:35'),
(198, 68, 'Democracia', 1, 1, '2014-11-18 23:21:35', 1, '2014-11-18 23:21:35'),
(199, 68, 'Fraternidad', 1, 1, '2014-11-18 23:21:35', 1, '2014-11-18 23:21:35'),
(200, 68, 'Goaigoaza', 1, 1, '2014-11-18 23:21:35', 1, '2014-11-18 23:21:35'),
(201, 68, 'Juan Jose Flores', 1, 1, '2014-11-18 23:21:35', 1, '2014-11-18 23:21:35'),
(202, 68, 'Patanemo', 1, 1, '2014-11-18 23:21:35', 1, '2014-11-18 23:21:35'),
(203, 68, 'Union', 1, 1, '2014-11-18 23:21:35', 1, '2014-11-18 23:21:35'),
(204, 69, 'San Diego', 1, 1, '2014-11-18 23:21:35', 1, '2014-11-18 23:21:35'),
(205, 70, 'San Joaquin', 1, 1, '2014-11-18 23:21:35', 1, '2014-11-18 23:21:35'),
(206, 71, 'Candelaria', 1, 1, '2014-11-18 23:21:35', 1, '2014-11-18 23:21:35'),
(207, 71, 'Catedral', 1, 1, '2014-11-18 23:21:35', 1, '2014-11-18 23:21:35'),
(208, 71, 'El Socorro', 1, 1, '2014-11-18 23:21:35', 1, '2014-11-18 23:21:35'),
(209, 71, 'Miguel Peña', 1, 1, '2014-11-18 23:21:35', 1, '2014-11-18 23:21:35'),
(210, 71, 'Negro Primero', 1, 1, '2014-11-18 23:21:35', 1, '2014-11-18 23:21:35'),
(211, 71, 'Rafael Urdaneta', 1, 1, '2014-11-18 23:21:35', 1, '2014-11-18 23:21:35'),
(212, 71, 'San Bias', 1, 1, '2014-11-18 23:21:35', 1, '2014-11-18 23:21:35'),
(213, 71, 'San Jose', 1, 1, '2014-11-18 23:21:35', 1, '2014-11-18 23:21:35'),
(214, 71, 'Santa Rosa', 1, 1, '2014-11-18 23:21:35', 1, '2014-11-18 23:21:35'),
(215, 5, 'El Hatillo', 1, 1, '2014-11-18 23:21:35', 1, '2014-11-18 23:21:35'),
(216, 93, 'Alto Orinoco La Esmeralda', 1, 1, '2014-11-18 23:21:35', 1, '2014-11-18 23:21:35'),
(217, 93, 'Huachamacare Acanaña', 1, 1, '2014-11-18 23:21:35', 1, '2014-11-18 23:21:35'),
(218, 93, 'Marawaka Toky Shamanaña', 1, 1, '2014-11-18 23:21:35', 1, '2014-11-18 23:21:35'),
(219, 93, 'Mavaka Mavaka', 1, 1, '2014-11-18 23:21:35', 1, '2014-11-18 23:21:35'),
(220, 93, 'Sierra Parima Parimabé', 1, 1, '2014-11-18 23:21:35', 1, '2014-11-18 23:21:35'),
(221, 94, 'Ucata Laja Lisa', 1, 1, '2014-11-18 23:21:35', 1, '2014-11-18 23:21:35'),
(222, 94, 'Yapacana Macuruco', 1, 1, '2014-11-18 23:21:35', 1, '2014-11-18 23:21:35'),
(223, 94, 'Caname Guarinuma', 1, 1, '2014-11-18 23:21:35', 1, '2014-11-18 23:21:35'),
(224, 95, 'Fernando Girón Tovar Puerto Ayacucho', 1, 1, '2014-11-18 23:21:35', 1, '2014-11-18 23:21:35'),
(225, 95, 'Luis Alberto Gómez Puerto Ayacucho', 1, 1, '2014-11-18 23:21:35', 1, '2014-11-18 23:21:35'),
(226, 95, 'Pahueña Limón de Parhueña', 1, 1, '2014-11-18 23:21:35', 1, '2014-11-18 23:21:35'),
(227, 95, 'Platanillal Platanillal', 1, 1, '2014-11-18 23:21:35', 1, '2014-11-18 23:21:35'),
(228, 96, 'Samariapo Samariapo', 1, 1, '2014-11-18 23:21:35', 1, '2014-11-18 23:21:35'),
(229, 96, 'Sipapo Pendare', 1, 1, '2014-11-18 23:21:35', 1, '2014-11-18 23:21:35'),
(230, 96, 'Munduapo Munduapo', 1, 1, '2014-11-18 23:21:35', 1, '2014-11-18 23:21:35'),
(231, 96, 'Guayapo San Pedro del Orinoco', 1, 1, '2014-11-18 23:21:35', 1, '2014-11-18 23:21:35'),
(232, 97, 'Alto Ventuari Cacurí', 1, 1, '2014-11-18 23:21:35', 1, '2014-11-18 23:21:35'),
(233, 97, 'Medio Ventuari Manami', 1, 1, '2014-11-18 23:21:35', 1, '2014-11-18 23:21:35'),
(234, 97, 'Ventuari Marueta', 1, 1, '2014-11-18 23:21:35', 1, '2014-11-18 23:21:35'),
(235, 98, 'Victorino', 1, 1, '2014-11-18 23:21:35', 1, '2014-11-18 23:21:35'),
(236, 98, 'Comunidad', 1, 1, '2014-11-18 23:21:35', 1, '2014-11-18 23:21:35'),
(237, 99, 'Casiquiare Curimacare', 1, 1, '2014-11-18 23:21:35', 1, '2014-11-18 23:21:35'),
(238, 99, 'Cucuy', 1, 1, '2014-11-18 23:21:35', 1, '2014-11-18 23:21:35'),
(239, 99, 'Casiquiare Curimacare', 1, 1, '2014-11-18 23:21:35', 1, '2014-11-18 23:21:35'),
(240, 99, 'Solano Solano', 1, 1, '2014-11-18 23:21:35', 1, '2014-11-18 23:21:35'),
(241, 72, 'Anaco', 1, 1, '2014-11-18 23:21:35', 1, '2014-11-18 23:21:35'),
(242, 72, 'San Joaquín', 1, 1, '2014-11-18 23:21:35', 1, '2014-11-18 23:21:35'),
(243, 73, 'Cachipo', 1, 1, '2014-11-18 23:21:35', 1, '2014-11-18 23:21:35'),
(244, 73, 'Aragua de Barcelona', 1, 1, '2014-11-18 23:21:35', 1, '2014-11-18 23:21:35'),
(245, 78, 'Lechería', 1, 1, '2014-11-18 23:21:35', 1, '2014-11-18 23:21:35'),
(246, 78, 'El Morro', 1, 1, '2014-11-18 23:21:35', 1, '2014-11-18 23:21:35'),
(247, 87, 'Puerto Píritu', 1, 1, '2014-11-18 23:21:35', 1, '2014-11-18 23:21:35'),
(248, 87, 'San Miguel', 1, 1, '2014-11-18 23:21:35', 1, '2014-11-18 23:21:35'),
(249, 87, 'Sucre', 1, 1, '2014-11-18 23:21:35', 1, '2014-11-18 23:21:35'),
(250, 77, 'Valle de Guanape', 1, 1, '2014-11-18 23:21:35', 1, '2014-11-18 23:21:35'),
(251, 77, 'Santa Bárbara', 1, 1, '2014-11-18 23:21:35', 1, '2014-11-18 23:21:35'),
(252, 85, 'Atapirire', 1, 1, '2014-11-18 23:21:35', 1, '2014-11-18 23:21:35'),
(253, 85, 'Boca del Pao', 1, 1, '2014-11-18 23:21:35', 1, '2014-11-18 23:21:35'),
(254, 85, 'El Pao', 1, 1, '2014-11-18 23:21:35', 1, '2014-11-18 23:21:35'),
(255, 85, 'Pariaguán', 1, 1, '2014-11-18 23:21:35', 1, '2014-11-18 23:21:35'),
(256, 81, 'Guanta', 1, 1, '2014-11-18 23:21:35', 1, '2014-11-18 23:21:35'),
(257, 81, 'Chorrerón', 1, 1, '2014-11-18 23:21:35', 1, '2014-11-18 23:21:35'),
(258, 82, 'Mamo', 1, 1, '2014-11-18 23:21:35', 1, '2014-11-18 23:21:35'),
(259, 82, 'Soledad', 1, 1, '2014-11-18 23:21:35', 1, '2014-11-18 23:21:35'),
(260, 86, 'Mapire', 1, 1, '2014-11-18 23:21:35', 1, '2014-11-18 23:21:35'),
(261, 86, 'Piar', 1, 1, '2014-11-18 23:21:35', 1, '2014-11-18 23:21:35'),
(262, 86, 'Santa Clara', 1, 1, '2014-11-18 23:21:35', 1, '2014-11-18 23:21:35'),
(263, 86, 'San Diego de Cabrutica', 1, 1, '2014-11-18 23:21:35', 1, '2014-11-18 23:21:35'),
(264, 86, 'Uverito', 1, 1, '2014-11-18 23:21:35', 1, '2014-11-18 23:21:35'),
(265, 86, 'Zuata', 1, 1, '2014-11-18 23:21:35', 1, '2014-11-18 23:21:35'),
(266, 92, 'Puerto La Cruz', 1, 1, '2014-11-18 23:21:35', 1, '2014-11-18 23:21:35'),
(267, 92, 'Pozuelos', 1, 1, '2014-11-18 23:21:35', 1, '2014-11-18 23:21:35'),
(268, 76, 'Onoto', 1, 1, '2014-11-18 23:21:35', 1, '2014-11-18 23:21:35'),
(269, 76, 'San Pablo', 1, 1, '2014-11-18 23:21:35', 1, '2014-11-18 23:21:35'),
(270, 83, 'San Mateo', 1, 1, '2014-11-18 23:21:35', 1, '2014-11-18 23:21:35'),
(271, 83, 'El Carito', 1, 1, '2014-11-18 23:21:35', 1, '2014-11-18 23:21:35'),
(272, 83, 'Santa Inés', 1, 1, '2014-11-18 23:21:35', 1, '2014-11-18 23:21:35'),
(273, 83, 'La Romereña', 1, 1, '2014-11-18 23:21:35', 1, '2014-11-18 23:21:35'),
(274, 75, 'Clarines', 1, 1, '2014-11-18 23:21:35', 1, '2014-11-18 23:21:35'),
(275, 75, 'Guanape', 1, 1, '2014-11-18 23:21:35', 1, '2014-11-18 23:21:35'),
(276, 75, 'Sabana de Uchire', 1, 1, '2014-11-18 23:21:35', 1, '2014-11-18 23:21:35'),
(277, 79, 'Cantaura', 1, 1, '2014-11-18 23:21:35', 1, '2014-11-18 23:21:35'),
(278, 79, 'Libertador', 1, 1, '2014-11-18 23:21:35', 1, '2014-11-18 23:21:35'),
(279, 79, 'Santa Rosa', 1, 1, '2014-11-18 23:21:35', 1, '2014-11-18 23:21:35'),
(280, 79, 'Urica', 1, 1, '2014-11-18 23:21:35', 1, '2014-11-18 23:21:35'),
(281, 88, 'Píritu', 1, 1, '2014-11-18 23:21:35', 1, '2014-11-18 23:21:35'),
(282, 88, 'San Francisco', 1, 1, '2014-11-18 23:21:35', 1, '2014-11-18 23:21:35'),
(283, 80, 'San José de Guanipa', 1, 1, '2014-11-18 23:21:35', 1, '2014-11-18 23:21:35'),
(284, 89, 'Boca de Uchire', 1, 1, '2014-11-18 23:21:35', 1, '2014-11-18 23:21:35'),
(285, 89, 'Boca de Chávez', 1, 1, '2014-11-18 23:21:35', 1, '2014-11-18 23:21:35'),
(286, 90, 'Pueblo Nuevo', 1, 1, '2014-11-18 23:21:35', 1, '2014-11-18 23:21:35'),
(287, 90, 'Santa Ana', 1, 1, '2014-11-18 23:21:35', 1, '2014-11-18 23:21:35'),
(288, 74, 'Bergatín', 1, 1, '2014-11-18 23:21:35', 1, '2014-11-18 23:21:35'),
(289, 74, 'Caigua', 1, 1, '2014-11-18 23:21:35', 1, '2014-11-18 23:21:35'),
(290, 74, 'El Carmen', 1, 1, '2014-11-18 23:21:35', 1, '2014-11-18 23:21:35'),
(291, 74, 'El Pilar', 1, 1, '2014-11-18 23:21:35', 1, '2014-11-18 23:21:35'),
(292, 74, 'Naricual', 1, 1, '2014-11-18 23:21:35', 1, '2014-11-18 23:21:35'),
(293, 74, 'San Cristóbal', 1, 1, '2014-11-18 23:21:35', 1, '2014-11-18 23:21:35'),
(294, 91, 'Edmundo Barrios', 1, 1, '2014-11-18 23:21:35', 1, '2014-11-18 23:21:35'),
(295, 91, 'Miguel Otero Silva', 1, 1, '2014-11-18 23:21:35', 1, '2014-11-18 23:21:35'),
(296, 84, 'El Chaparro', 1, 1, '2014-11-18 23:21:35', 1, '2014-11-18 23:21:35'),
(297, 84, 'Tomás Alfaro', 1, 1, '2014-11-18 23:21:35', 1, '2014-11-18 23:21:35'),
(298, 84, 'Calatrava', 1, 1, '2014-11-18 23:21:35', 1, '2014-11-18 23:21:35'),
(299, 100, 'Achaguas', 1, 1, '2014-11-18 23:21:35', 1, '2014-11-18 23:21:35'),
(300, 100, 'Apurito', 1, 1, '2014-11-18 23:21:35', 1, '2014-11-18 23:21:35'),
(301, 100, 'El Yagual', 1, 1, '2014-11-18 23:21:35', 1, '2014-11-18 23:21:35'),
(302, 100, 'Guachara', 1, 1, '2014-11-18 23:21:35', 1, '2014-11-18 23:21:35'),
(303, 100, 'Mucuritas', 1, 1, '2014-11-18 23:21:35', 1, '2014-11-18 23:21:35'),
(304, 100, 'Queseras del medio', 1, 1, '2014-11-18 23:21:35', 1, '2014-11-18 23:21:35'),
(305, 101, 'Biruaca', 1, 1, '2014-11-18 23:21:35', 1, '2014-11-18 23:21:35'),
(306, 102, 'Bruzual', 1, 1, '2014-11-18 23:21:35', 1, '2014-11-18 23:21:35'),
(307, 102, 'Mantecal', 1, 1, '2014-11-18 23:21:35', 1, '2014-11-18 23:21:35'),
(308, 102, 'Quintero', 1, 1, '2014-11-18 23:21:35', 1, '2014-11-18 23:21:35'),
(309, 102, 'Rincón Hondo', 1, 1, '2014-11-18 23:21:35', 1, '2014-11-18 23:21:35'),
(310, 102, 'San Vicente', 1, 1, '2014-11-18 23:21:35', 1, '2014-11-18 23:21:35'),
(311, 104, 'San Juan de Payara', 1, 1, '2014-11-18 23:21:35', 1, '2014-11-18 23:21:35'),
(312, 104, 'Codazzzi', 1, 1, '2014-11-18 23:21:35', 1, '2014-11-18 23:21:35'),
(313, 104, 'Cunaviche', 1, 1, '2014-11-18 23:21:35', 1, '2014-11-18 23:21:35'),
(314, 106, 'San Fernando', 1, 1, '2014-11-18 23:21:35', 1, '2014-11-18 23:21:35'),
(315, 106, 'El Recre0', 1, 1, '2014-11-18 23:21:35', 1, '2014-11-18 23:21:35'),
(316, 106, 'Peñalver', 1, 1, '2014-11-18 23:21:35', 1, '2014-11-18 23:21:35'),
(317, 106, 'San Rafael de Atamaica', 1, 1, '2014-11-18 23:21:35', 1, '2014-11-18 23:21:35'),
(318, 103, 'Guasdualito', 1, 1, '2014-11-18 23:21:35', 1, '2014-11-18 23:21:35'),
(319, 103, 'Aramendi', 1, 1, '2014-11-18 23:21:35', 1, '2014-11-18 23:21:35'),
(320, 103, 'El Amparo', 1, 1, '2014-11-18 23:21:35', 1, '2014-11-18 23:21:35'),
(321, 103, 'San Camilo', 1, 1, '2014-11-18 23:21:35', 1, '2014-11-18 23:21:35'),
(322, 103, 'Urdaneta', 1, 1, '2014-11-18 23:21:35', 1, '2014-11-18 23:21:35'),
(323, 105, 'Elorza', 1, 1, '2014-11-18 23:21:35', 1, '2014-11-18 23:21:35'),
(324, 105, 'La Trinidad', 1, 1, '2014-11-18 23:21:35', 1, '2014-11-18 23:21:35'),
(325, 107, 'Sabaneta', 1, 1, '2014-11-18 23:21:35', 1, '2014-11-18 23:21:35'),
(326, 107, 'Juan Antonio Rodríguez Domínguez', 1, 1, '2014-11-18 23:21:35', 1, '2014-11-18 23:21:35'),
(327, 108, 'El Cantón', 1, 1, '2014-11-18 23:21:35', 1, '2014-11-18 23:21:35'),
(328, 108, 'Santa Cruz de Guacas', 1, 1, '2014-11-18 23:21:35', 1, '2014-11-18 23:21:35'),
(329, 108, 'Puerto Vivas', 1, 1, '2014-11-18 23:21:35', 1, '2014-11-18 23:21:35'),
(330, 109, 'Ticoporo', 1, 1, '2014-11-18 23:21:35', 1, '2014-11-18 23:21:35'),
(331, 109, 'Nicolás Pulido', 1, 1, '2014-11-18 23:21:35', 1, '2014-11-18 23:21:35'),
(332, 109, 'Andrés Bello', 1, 1, '2014-11-18 23:21:35', 1, '2014-11-18 23:21:35'),
(333, 110, 'Arismendi', 1, 1, '2014-11-18 23:21:35', 1, '2014-11-18 23:21:35'),
(334, 110, 'Guadarrama', 1, 1, '2014-11-18 23:21:35', 1, '2014-11-18 23:21:35'),
(335, 110, 'La Unión', 1, 1, '2014-11-18 23:21:35', 1, '2014-11-18 23:21:35'),
(336, 110, 'San Antonio', 1, 1, '2014-11-18 23:21:35', 1, '2014-11-18 23:21:35'),
(337, 111, 'Barinas', 1, 1, '2014-11-18 23:21:35', 1, '2014-11-18 23:21:35'),
(338, 111, 'Alberto Arvelo Larriva', 1, 1, '2014-11-18 23:21:35', 1, '2014-11-18 23:21:35'),
(339, 111, 'San Silvestre', 1, 1, '2014-11-18 23:21:35', 1, '2014-11-18 23:21:35'),
(340, 111, 'Santa Inés', 1, 1, '2014-11-18 23:21:35', 1, '2014-11-18 23:21:35'),
(341, 111, 'Santa Lucía', 1, 1, '2014-11-18 23:21:35', 1, '2014-11-18 23:21:35'),
(342, 111, 'Torunos', 1, 1, '2014-11-18 23:21:35', 1, '2014-11-18 23:21:35'),
(343, 111, 'El Carmen', 1, 1, '2014-11-18 23:21:35', 1, '2014-11-18 23:21:35'),
(344, 111, 'Rómulo Betancourt', 1, 1, '2014-11-18 23:21:35', 1, '2014-11-18 23:21:35'),
(345, 111, 'Corazón de Jesús', 1, 1, '2014-11-18 23:21:35', 1, '2014-11-18 23:21:35'),
(346, 111, 'Ramón Ignacio', 1, 1, '2014-11-18 23:21:35', 1, '2014-11-18 23:21:35'),
(347, 111, 'Alto Barinas', 1, 1, '2014-11-18 23:21:35', 1, '2014-11-18 23:21:35'),
(348, 111, 'Manuel Palacio Fajardo', 1, 1, '2014-11-18 23:21:35', 1, '2014-11-18 23:21:35'),
(349, 111, 'Juan Antonio Rodríguez Domínguez', 1, 1, '2014-11-18 23:21:35', 1, '2014-11-18 23:21:35'),
(350, 111, 'Dominga Ortiz de Páez', 1, 1, '2014-11-18 23:21:35', 1, '2014-11-18 23:21:35'),
(351, 112, 'Barinitas', 1, 1, '2014-11-18 23:21:35', 1, '2014-11-18 23:21:35'),
(352, 112, 'Altamira de Cáceres', 1, 1, '2014-11-18 23:21:35', 1, '2014-11-18 23:21:35'),
(353, 112, 'Calderas', 1, 1, '2014-11-18 23:21:35', 1, '2014-11-18 23:21:35'),
(354, 113, 'Barracas', 1, 1, '2014-11-18 23:21:35', 1, '2014-11-18 23:21:35'),
(355, 113, 'El Socorro', 1, 1, '2014-11-18 23:21:35', 1, '2014-11-18 23:21:35'),
(356, 113, 'Mazparrito', 1, 1, '2014-11-18 23:21:35', 1, '2014-11-18 23:21:35'),
(357, 114, 'Santa Bárbara', 1, 1, '2014-11-18 23:21:35', 1, '2014-11-18 23:21:35'),
(358, 114, 'Pedro Briceño Méndez', 1, 1, '2014-11-18 23:21:35', 1, '2014-11-18 23:21:35'),
(359, 114, 'Ramón Ignacio Méndez', 1, 1, '2014-11-18 23:21:35', 1, '2014-11-18 23:21:35'),
(360, 114, 'José Ignacio del Pumar', 1, 1, '2014-11-18 23:21:35', 1, '2014-11-18 23:21:35'),
(361, 115, 'Obispos', 1, 1, '2014-11-18 23:21:35', 1, '2014-11-18 23:21:35'),
(362, 115, 'Los Guasimitos', 1, 1, '2014-11-18 23:21:35', 1, '2014-11-18 23:21:35'),
(363, 115, 'El Real', 1, 1, '2014-11-18 23:21:35', 1, '2014-11-18 23:21:35'),
(364, 115, 'La Luz', 1, 1, '2014-11-18 23:21:35', 1, '2014-11-18 23:21:35'),
(365, 116, 'Ciudad Bolívia', 1, 1, '2014-11-18 23:21:35', 1, '2014-11-18 23:21:35'),
(366, 116, 'José Ignacio Briceño', 1, 1, '2014-11-18 23:21:35', 1, '2014-11-18 23:21:35'),
(367, 116, 'José Félix Ribas', 1, 1, '2014-11-18 23:21:35', 1, '2014-11-18 23:21:35'),
(368, 116, 'Páez', 1, 1, '2014-11-18 23:21:35', 1, '2014-11-18 23:21:35'),
(369, 117, 'Libertad', 1, 1, '2014-11-18 23:21:35', 1, '2014-11-18 23:21:35'),
(370, 117, 'Dolores', 1, 1, '2014-11-18 23:21:35', 1, '2014-11-18 23:21:35'),
(371, 117, 'Santa Rosa', 1, 1, '2014-11-18 23:21:35', 1, '2014-11-18 23:21:35'),
(372, 117, 'Palacio Fajardo', 1, 1, '2014-11-18 23:21:35', 1, '2014-11-18 23:21:35'),
(373, 117, 'Simón Rodríguez', 1, 1, '2014-11-18 23:21:35', 1, '2014-11-18 23:21:35'),
(374, 118, 'Ciudad de Nutrias', 1, 1, '2014-11-18 23:21:35', 1, '2014-11-18 23:21:35'),
(375, 118, 'El Regalo', 1, 1, '2014-11-18 23:21:35', 1, '2014-11-18 23:21:35'),
(376, 118, 'Puerto Nutrias', 1, 1, '2014-11-18 23:21:35', 1, '2014-11-18 23:21:35'),
(377, 118, 'Santa Catalina', 1, 1, '2014-11-18 23:21:35', 1, '2014-11-18 23:21:35'),
(378, 118, 'Simón Bolívar', 1, 1, '2014-11-18 23:21:35', 1, '2014-11-18 23:21:35'),
(379, 119, 'Cachamay', 1, 1, '2014-11-18 23:21:35', 1, '2014-11-18 23:21:35'),
(380, 119, 'Chirica', 1, 1, '2014-11-18 23:21:35', 1, '2014-11-18 23:21:35'),
(381, 119, 'Dalla Costa', 1, 1, '2014-11-18 23:21:35', 1, '2014-11-18 23:21:35'),
(382, 119, 'Once de Abril', 1, 1, '2014-11-18 23:21:35', 1, '2014-11-18 23:21:35'),
(383, 119, 'Simón Bolívar', 1, 1, '2014-11-18 23:21:35', 1, '2014-11-18 23:21:35'),
(384, 119, 'Unare', 1, 1, '2014-11-18 23:21:35', 1, '2014-11-18 23:21:35'),
(385, 119, 'Universidad', 1, 1, '2014-11-18 23:21:35', 1, '2014-11-18 23:21:35'),
(386, 119, 'Vista al Sol', 1, 1, '2014-11-18 23:21:35', 1, '2014-11-18 23:21:35'),
(387, 119, 'Pozo Verde', 1, 1, '2014-11-18 23:21:35', 1, '2014-11-18 23:21:35'),
(388, 119, 'Yocoima', 1, 1, '2014-11-18 23:21:35', 1, '2014-11-18 23:21:35'),
(389, 119, '5 de Julio', 1, 1, '2014-11-18 23:21:35', 1, '2014-11-18 23:21:35'),
(390, 120, 'Cedeño', 1, 1, '2014-11-18 23:21:35', 1, '2014-11-18 23:21:35'),
(391, 120, 'Altagracia', 1, 1, '2014-11-18 23:21:35', 1, '2014-11-18 23:21:35'),
(392, 120, 'Ascensión Farreras', 1, 1, '2014-11-18 23:21:35', 1, '2014-11-18 23:21:35'),
(393, 120, 'Guaniamo', 1, 1, '2014-11-18 23:21:35', 1, '2014-11-18 23:21:35'),
(394, 120, 'La Urbana', 1, 1, '2014-11-18 23:21:35', 1, '2014-11-18 23:21:35'),
(395, 120, 'Pijiguaos', 1, 1, '2014-11-18 23:21:35', 1, '2014-11-18 23:21:35'),
(396, 121, 'El Callao', 1, 1, '2014-11-18 23:21:35', 1, '2014-11-18 23:21:35'),
(397, 122, 'Gran Sabana', 1, 1, '2014-11-18 23:21:35', 1, '2014-11-18 23:21:35'),
(398, 122, 'Ikabarú', 1, 1, '2014-11-18 23:21:35', 1, '2014-11-18 23:21:35'),
(399, 123, 'Catedral', 1, 1, '2014-11-18 23:21:35', 1, '2014-11-18 23:21:35'),
(400, 123, 'Zea', 1, 1, '2014-11-18 23:21:35', 1, '2014-11-18 23:21:35'),
(401, 123, 'Orinoco', 1, 1, '2014-11-18 23:21:35', 1, '2014-11-18 23:21:35'),
(402, 123, 'José Antonio Páez', 1, 1, '2014-11-18 23:21:35', 1, '2014-11-18 23:21:35'),
(403, 123, 'Marhuanta', 1, 1, '2014-11-18 23:21:35', 1, '2014-11-18 23:21:35'),
(404, 123, 'Agua Salada', 1, 1, '2014-11-18 23:21:35', 1, '2014-11-18 23:21:35'),
(405, 123, 'Vista Hermosa', 1, 1, '2014-11-18 23:21:35', 1, '2014-11-18 23:21:35'),
(406, 123, 'La Sabanita', 1, 1, '2014-11-18 23:21:35', 1, '2014-11-18 23:21:35'),
(407, 123, 'Panapana', 1, 1, '2014-11-18 23:21:35', 1, '2014-11-18 23:21:35'),
(408, 129, 'Padre Pedro Chien', 1, 1, '2014-11-18 23:21:35', 1, '2014-11-18 23:21:35'),
(409, 129, 'Río Grande', 1, 1, '2014-11-18 23:21:35', 1, '2014-11-18 23:21:35'),
(410, 124, 'Andrés Eloy Blanco', 1, 1, '2014-11-18 23:21:35', 1, '2014-11-18 23:21:35'),
(411, 124, 'Pedro Cova', 1, 1, '2014-11-18 23:21:35', 1, '2014-11-18 23:21:35'),
(412, 125, 'Raúl Leoni', 1, 1, '2014-11-18 23:21:35', 1, '2014-11-18 23:21:35'),
(413, 125, 'Barceloneta', 1, 1, '2014-11-18 23:21:35', 1, '2014-11-18 23:21:35'),
(414, 125, 'Santa Bárbara', 1, 1, '2014-11-18 23:21:35', 1, '2014-11-18 23:21:35'),
(415, 125, 'San Francisco', 1, 1, '2014-11-18 23:21:35', 1, '2014-11-18 23:21:35'),
(416, 126, 'Roscio', 1, 1, '2014-11-18 23:21:35', 1, '2014-11-18 23:21:35'),
(417, 126, 'Salóm', 1, 1, '2014-11-18 23:21:35', 1, '2014-11-18 23:21:35'),
(418, 127, 'Sifontes', 1, 1, '2014-11-18 23:21:35', 1, '2014-11-18 23:21:35'),
(419, 127, 'Dalla Costa', 1, 1, '2014-11-18 23:21:35', 1, '2014-11-18 23:21:35'),
(420, 127, 'San Isidro ', 1, 1, '2014-11-18 23:21:35', 1, '2014-11-18 23:21:35'),
(421, 128, 'Sucre', 1, 1, '2014-11-18 23:21:35', 1, '2014-11-18 23:21:35'),
(422, 128, 'Aripao', 1, 1, '2014-11-18 23:21:35', 1, '2014-11-18 23:21:35'),
(423, 128, 'Guarataro', 1, 1, '2014-11-18 23:21:35', 1, '2014-11-18 23:21:35'),
(424, 128, 'Las Majadas', 1, 1, '2014-11-18 23:21:35', 1, '2014-11-18 23:21:35'),
(425, 128, 'Moitaco ', 1, 1, '2014-11-18 23:21:35', 1, '2014-11-18 23:21:35'),
(426, 130, 'Cojedes', 1, 1, '2014-11-18 23:21:35', 1, '2014-11-18 23:21:35'),
(427, 130, 'Juan de Mata Suárez', 1, 1, '2014-11-18 23:21:35', 1, '2014-11-18 23:21:35'),
(428, 134, 'El Pao', 1, 1, '2014-11-18 23:21:35', 1, '2014-11-18 23:21:35'),
(429, 131, 'Tinaquillo', 1, 1, '2014-11-18 23:21:35', 1, '2014-11-18 23:21:35'),
(430, 132, 'El Baúl', 1, 1, '2014-11-18 23:21:35', 1, '2014-11-18 23:21:35'),
(431, 132, 'Sucre', 1, 1, '2014-11-18 23:21:35', 1, '2014-11-18 23:21:35'),
(432, 133, 'La Aguadita', 1, 1, '2014-11-18 23:21:35', 1, '2014-11-18 23:21:35'),
(433, 133, 'Macapo', 1, 1, '2014-11-18 23:21:35', 1, '2014-11-18 23:21:35'),
(434, 135, 'El Amparo', 1, 1, '2014-11-18 23:21:35', 1, '2014-11-18 23:21:35'),
(435, 135, 'Libertad de Cojedes', 1, 1, '2014-11-18 23:21:35', 1, '2014-11-18 23:21:35'),
(436, 136, 'Rómulo Gallegos', 1, 1, '2014-11-18 23:21:35', 1, '2014-11-18 23:21:35'),
(437, 137, 'San Carlos de Austria', 1, 1, '2014-11-18 23:21:35', 1, '2014-11-18 23:21:35'),
(438, 137, 'Juan Ángel Bravo', 1, 1, '2014-11-18 23:21:35', 1, '2014-11-18 23:21:35'),
(439, 137, 'Manuel Manrique', 1, 1, '2014-11-18 23:21:35', 1, '2014-11-18 23:21:35'),
(440, 138, 'General en Jefe José Laurencio Silva', 1, 1, '2014-11-18 23:21:35', 1, '2014-11-18 23:21:35'),
(441, 139, 'Curiapo', 1, 1, '2014-11-18 23:21:35', 1, '2014-11-18 23:21:35'),
(442, 139, 'Almirante Luis Brión', 1, 1, '2014-11-18 23:21:35', 1, '2014-11-18 23:21:35'),
(443, 139, 'Francisco Aniceto Lugo Boca de Cuyubini', 1, 1, '2014-11-18 23:21:35', 1, '2014-11-18 23:21:35'),
(444, 139, 'Manuel Renaud', 1, 1, '2014-11-18 23:21:35', 1, '2014-11-18 23:21:35'),
(445, 139, 'Padre Barral', 1, 1, '2014-11-18 23:21:35', 1, '2014-11-18 23:21:35'),
(446, 139, 'Santos de Abelgas', 1, 1, '2014-11-18 23:21:35', 1, '2014-11-18 23:21:35'),
(447, 140, 'Imataca Moruca', 1, 1, '2014-11-18 23:21:35', 1, '2014-11-18 23:21:35'),
(448, 140, 'Cinco de Julio Piacoa', 1, 1, '2014-11-18 23:21:35', 1, '2014-11-18 23:21:35'),
(449, 140, 'Juan Bautista Arismendi', 1, 1, '2014-11-18 23:21:35', 1, '2014-11-18 23:21:35'),
(450, 140, 'Manuel Piar Santa Catalina', 1, 1, '2014-11-18 23:21:35', 1, '2014-11-18 23:21:35'),
(451, 140, 'Rómulo Gallegos', 1, 1, '2014-11-18 23:21:35', 1, '2014-11-18 23:21:35'),
(452, 141, 'Pedernales', 1, 1, '2014-11-18 23:21:35', 1, '2014-11-18 23:21:35'),
(453, 141, 'Luis Beltrán Prieto Figueroa', 1, 1, '2014-11-18 23:21:35', 1, '2014-11-18 23:21:35'),
(454, 142, 'San José (Delta Amacuro) Hacienda del Medio', 1, 1, '2014-11-18 23:21:35', 1, '2014-11-18 23:21:35'),
(455, 142, 'José Vidal Marcano Caparal de Guara', 1, 1, '2014-11-18 23:21:35', 1, '2014-11-18 23:21:35'),
(456, 142, 'Juan Millán Urbanización Leonardo Ruíz Pineda', 1, 1, '2014-11-18 23:21:35', 1, '2014-11-18 23:21:35'),
(457, 142, 'Leonardo Ruíz Pineda Paloma', 1, 1, '2014-11-18 23:21:35', 1, '2014-11-18 23:21:35'),
(458, 142, 'Mariscal Antonio José de Sucre Urbanización Delfín Mendoza', 1, 1, '2014-11-18 23:21:35', 1, '2014-11-18 23:21:35'),
(459, 142, 'Monseñor Argimiro García San Rafael', 1, 1, '2014-11-18 23:21:35', 1, '2014-11-18 23:21:35'),
(460, 142, 'San Rafael', 1, 1, '2014-11-18 23:21:35', 1, '2014-11-18 23:21:35'),
(461, 142, 'Virgen del Valle', 1, 1, '2014-11-18 23:21:35', 1, '2014-11-18 23:21:35'),
(462, 143, 'Capadare', 1, 1, '2014-11-18 23:21:35', 1, '2014-11-18 23:21:35'),
(463, 143, 'La Pastora', 1, 1, '2014-11-18 23:21:35', 1, '2014-11-18 23:21:35'),
(464, 143, 'Libertador', 1, 1, '2014-11-18 23:21:35', 1, '2014-11-18 23:21:35'),
(465, 143, 'San Juan de los Cayos', 1, 1, '2014-11-18 23:21:35', 1, '2014-11-18 23:21:35'),
(466, 144, 'Aracua', 1, 1, '2014-11-18 23:21:35', 1, '2014-11-18 23:21:35'),
(467, 144, 'La Peña', 1, 1, '2014-11-18 23:21:35', 1, '2014-11-18 23:21:35'),
(468, 144, 'San Luis', 1, 1, '2014-11-18 23:21:35', 1, '2014-11-18 23:21:35'),
(469, 145, 'Bariro', 1, 1, '2014-11-18 23:21:35', 1, '2014-11-18 23:21:35'),
(470, 145, 'Borojó', 1, 1, '2014-11-18 23:21:35', 1, '2014-11-18 23:21:35'),
(471, 145, 'Capatárida', 1, 1, '2014-11-18 23:21:35', 1, '2014-11-18 23:21:35'),
(472, 145, 'Guajiro', 1, 1, '2014-11-18 23:21:35', 1, '2014-11-18 23:21:35'),
(473, 145, 'Seque', 1, 1, '2014-11-18 23:21:35', 1, '2014-11-18 23:21:35'),
(474, 145, 'Zazárida', 1, 1, '2014-11-18 23:21:35', 1, '2014-11-18 23:21:35'),
(475, 145, 'Valle de Eroa', 1, 1, '2014-11-18 23:21:35', 1, '2014-11-18 23:21:35'),
(476, 146, 'Cacique Manaure', 1, 1, '2014-11-18 23:21:35', 1, '2014-11-18 23:21:35'),
(477, 147, 'Norte', 1, 1, '2014-11-18 23:21:35', 1, '2014-11-18 23:21:35'),
(478, 147, 'Carirubana', 1, 1, '2014-11-18 23:21:35', 1, '2014-11-18 23:21:35'),
(479, 147, 'Santa Ana', 1, 1, '2014-11-18 23:21:35', 1, '2014-11-18 23:21:35'),
(480, 147, 'Urbana Punta Cardón', 1, 1, '2014-11-18 23:21:35', 1, '2014-11-18 23:21:35'),
(481, 148, 'La Vela de Coro', 1, 1, '2014-11-18 23:21:35', 1, '2014-11-18 23:21:35'),
(482, 148, 'Acurigua', 1, 1, '2014-11-18 23:21:35', 1, '2014-11-18 23:21:35'),
(483, 148, 'Guaibacoa', 1, 1, '2014-11-18 23:21:35', 1, '2014-11-18 23:21:35'),
(484, 148, 'Las Calderas', 1, 1, '2014-11-18 23:21:35', 1, '2014-11-18 23:21:35'),
(485, 148, 'Macoruca', 1, 1, '2014-11-18 23:21:35', 1, '2014-11-18 23:21:35'),
(486, 149, 'Dabajuro', 1, 1, '2014-11-18 23:21:35', 1, '2014-11-18 23:21:35'),
(487, 150, 'Agua Clara', 1, 1, '2014-11-18 23:21:35', 1, '2014-11-18 23:21:35'),
(488, 150, 'Avaria', 1, 1, '2014-11-18 23:21:35', 1, '2014-11-18 23:21:35'),
(489, 150, 'Pedregal', 1, 1, '2014-11-18 23:21:35', 1, '2014-11-18 23:21:35'),
(490, 150, 'Piedra Grande', 1, 1, '2014-11-18 23:21:35', 1, '2014-11-18 23:21:35'),
(491, 150, 'Purureche', 1, 1, '2014-11-18 23:21:35', 1, '2014-11-18 23:21:35'),
(492, 151, 'Adaure', 1, 1, '2014-11-18 23:21:35', 1, '2014-11-18 23:21:35'),
(493, 151, 'Adícora', 1, 1, '2014-11-18 23:21:35', 1, '2014-11-18 23:21:35'),
(494, 151, 'Baraived', 1, 1, '2014-11-18 23:21:35', 1, '2014-11-18 23:21:35'),
(495, 151, 'Buena Vista', 1, 1, '2014-11-18 23:21:35', 1, '2014-11-18 23:21:35'),
(496, 151, 'Jadacaquiva', 1, 1, '2014-11-18 23:21:35', 1, '2014-11-18 23:21:35'),
(497, 151, 'El Vínculo', 1, 1, '2014-11-18 23:21:35', 1, '2014-11-18 23:21:35'),
(498, 151, 'El Hato', 1, 1, '2014-11-18 23:21:35', 1, '2014-11-18 23:21:35'),
(499, 151, 'Moruy', 1, 1, '2014-11-18 23:21:35', 1, '2014-11-18 23:21:35'),
(500, 151, 'Pueblo Nuevo', 1, 1, '2014-11-18 23:21:35', 1, '2014-11-18 23:21:35'),
(501, 152, 'Agua Larga', 1, 1, '2014-11-18 23:21:35', 1, '2014-11-18 23:21:35'),
(502, 152, 'Churuguara', 1, 1, '2014-11-18 23:21:35', 1, '2014-11-18 23:21:35'),
(503, 152, 'El Paují', 1, 1, '2014-11-18 23:21:35', 1, '2014-11-18 23:21:35'),
(504, 152, 'Independencia', 1, 1, '2014-11-18 23:21:35', 1, '2014-11-18 23:21:35'),
(505, 152, 'Mapararí', 1, 1, '2014-11-18 23:21:35', 1, '2014-11-18 23:21:35'),
(506, 153, 'Jacura', 1, 1, '2014-11-18 23:21:35', 1, '2014-11-18 23:21:35'),
(507, 154, 'Los Taques', 1, 1, '2014-11-18 23:21:35', 1, '2014-11-18 23:21:35'),
(508, 155, 'Mene de Mauroa', 1, 1, '2014-11-18 23:21:35', 1, '2014-11-18 23:21:35'),
(509, 156, 'Guzmán Guillermo', 1, 1, '2014-11-18 23:21:35', 1, '2014-11-18 23:21:35'),
(510, 156, 'Mitare ', 1, 1, '2014-11-18 23:21:35', 1, '2014-11-18 23:21:35'),
(511, 156, 'Río Seco', 1, 1, '2014-11-18 23:21:35', 1, '2014-11-18 23:21:35'),
(512, 156, 'Sabaneta', 1, 1, '2014-11-18 23:21:35', 1, '2014-11-18 23:21:35'),
(513, 156, 'Santa Ana', 1, 1, '2014-11-18 23:21:35', 1, '2014-11-18 23:21:35'),
(514, 157, 'Boca del Tocuyo', 1, 1, '2014-11-18 23:21:35', 1, '2014-11-18 23:21:35'),
(515, 157, 'Chichiriviche', 1, 1, '2014-11-18 23:21:35', 1, '2014-11-18 23:21:35'),
(516, 158, 'Palmasola', 1, 1, '2014-11-18 23:21:35', 1, '2014-11-18 23:21:35'),
(517, 159, 'Cabure', 1, 1, '2014-11-18 23:21:35', 1, '2014-11-18 23:21:35'),
(518, 159, 'Curimagua', 1, 1, '2014-11-18 23:21:35', 1, '2014-11-18 23:21:35'),
(519, 160, 'San José de la Costa', 1, 1, '2014-11-18 23:21:35', 1, '2014-11-18 23:21:35'),
(520, 160, 'Píritu', 1, 1, '2014-11-18 23:21:35', 1, '2014-11-18 23:21:35'),
(521, 161, 'Capital San Francisco', 1, 1, '2014-11-18 23:21:35', 1, '2014-11-18 23:21:35'),
(522, 162, 'Tucacas', 1, 1, '2014-11-18 23:21:35', 1, '2014-11-18 23:21:35'),
(523, 162, 'Boca de Aroa', 1, 1, '2014-11-18 23:21:35', 1, '2014-11-18 23:21:35'),
(524, 163, 'Sucre', 1, 1, '2014-11-18 23:21:35', 1, '2014-11-18 23:21:35'),
(525, 164, 'Tocópero', 1, 1, '2014-11-18 23:21:35', 1, '2014-11-18 23:21:35'),
(526, 165, 'Santa Cruz de Bucaral', 1, 1, '2014-11-18 23:21:35', 1, '2014-11-18 23:21:35'),
(527, 166, 'Bruzual', 1, 1, '2014-11-18 23:21:35', 1, '2014-11-18 23:21:35'),
(528, 166, 'Urumaco', 1, 1, '2014-11-18 23:21:35', 1, '2014-11-18 23:21:35'),
(529, 167, 'Puerto Cumarebo', 1, 1, '2014-11-18 23:21:35', 1, '2014-11-18 23:21:35'),
(530, 167, 'La Ciénaga', 1, 1, '2014-11-18 23:21:35', 1, '2014-11-18 23:21:35'),
(531, 167, 'La Soledad', 1, 1, '2014-11-18 23:21:35', 1, '2014-11-18 23:21:35'),
(532, 167, 'Pueblo Cumarebo', 1, 1, '2014-11-18 23:21:35', 1, '2014-11-18 23:21:35'),
(533, 167, 'Zazárida', 1, 1, '2014-11-18 23:21:35', 1, '2014-11-18 23:21:35'),
(534, 168, 'Pio Tamayo', 1, 1, '2014-11-18 23:21:35', 1, '2014-11-18 23:21:35'),
(535, 168, 'Quebrada Honda de Guache', 1, 1, '2014-11-18 23:21:35', 1, '2014-11-18 23:21:35'),
(536, 169, 'Freitez', 1, 1, '2014-11-18 23:21:35', 1, '2014-11-18 23:21:35'),
(537, 169, 'José María Blanco', 1, 1, '2014-11-18 23:21:35', 1, '2014-11-18 23:21:35'),
(538, 172, 'Anzoátegui', 1, 1, '2014-11-18 23:21:35', 1, '2014-11-18 23:21:35'),
(539, 172, 'Bolívar', 1, 1, '2014-11-18 23:21:35', 1, '2014-11-18 23:21:35'),
(540, 172, 'Guárico', 1, 1, '2014-11-18 23:21:35', 1, '2014-11-18 23:21:35'),
(541, 172, 'Hilario Luna y Luna', 1, 1, '2014-11-18 23:21:35', 1, '2014-11-18 23:21:35'),
(542, 173, 'Cabudare', 1, 1, '2014-11-18 23:21:35', 1, '2014-11-18 23:21:35'),
(543, 173, 'Agua Viva', 1, 1, '2014-11-18 23:21:35', 1, '2014-11-18 23:21:35'),
(544, 172, 'Morán', 1, 1, '2014-11-18 23:21:35', 1, '2014-11-18 23:21:35'),
(545, 174, 'Buría', 1, 1, '2014-11-18 23:21:35', 1, '2014-11-18 23:21:35'),
(546, 174, 'Sarare', 1, 1, '2014-11-18 23:21:35', 1, '2014-11-18 23:21:35'),
(547, 175, 'Altagracia', 1, 1, '2014-11-18 23:21:35', 1, '2014-11-18 23:21:35'),
(548, 175, 'Lara', 1, 1, '2014-11-18 23:21:35', 1, '2014-11-18 23:21:35'),
(549, 175, 'Chiquinquira', 1, 1, '2014-11-18 23:21:35', 1, '2014-11-18 23:21:35'),
(550, 176, 'Siquisique', 1, 1, '2014-11-18 23:21:35', 1, '2014-11-18 23:21:35'),
(551, 176, 'Moroturo', 1, 1, '2014-11-18 23:21:35', 1, '2014-11-18 23:21:35'),
(552, 170, 'Barquisimeto', 1, 1, '2014-11-18 23:21:35', 1, '2014-11-18 23:21:35'),
(553, 171, 'Quibor', 1, 1, '2014-11-18 23:21:35', 1, '2014-11-18 23:21:35'),
(554, 177, 'Betancourt', 1, 1, '2014-11-18 23:21:35', 1, '2014-11-18 23:21:35'),
(555, 177, 'Páez', 1, 1, '2014-11-18 23:21:35', 1, '2014-11-18 23:21:35'),
(556, 177, 'Rómulo Gallegos', 1, 1, '2014-11-18 23:21:35', 1, '2014-11-18 23:21:35'),
(557, 177, 'Gabriel Picón Gonzále', 1, 1, '2014-11-18 23:21:35', 1, '2014-11-18 23:21:35'),
(558, 177, 'Héctor Amable Mora', 1, 1, '2014-11-18 23:21:35', 1, '2014-11-18 23:21:35'),
(559, 178, 'La Azulita', 1, 1, '2014-11-18 23:21:35', 1, '2014-11-18 23:21:35'),
(560, 179, 'Santa Cruz de Mora', 1, 1, '2014-11-18 23:21:35', 1, '2014-11-18 23:21:35'),
(561, 179, 'Mesa de Las Palmas', 1, 1, '2014-11-18 23:21:35', 1, '2014-11-18 23:21:35'),
(562, 180, 'Aricagua', 1, 1, '2014-11-18 23:21:35', 1, '2014-11-18 23:21:35'),
(563, 181, 'Capurí', 1, 1, '2014-11-18 23:21:35', 1, '2014-11-18 23:21:35'),
(564, 181, 'Chacantá', 1, 1, '2014-11-18 23:21:35', 1, '2014-11-18 23:21:35'),
(565, 181, 'Guaimaral', 1, 1, '2014-11-18 23:21:35', 1, '2014-11-18 23:21:35'),
(566, 181, 'Mucuchachí', 1, 1, '2014-11-18 23:21:35', 1, '2014-11-18 23:21:35'),
(567, 182, 'Fernández Peña (Ejido)', 1, 1, '2014-11-18 23:21:35', 1, '2014-11-18 23:21:35'),
(568, 182, 'Acequias', 1, 1, '2014-11-18 23:21:35', 1, '2014-11-18 23:21:35'),
(569, 182, 'Jají', 1, 1, '2014-11-18 23:21:35', 1, '2014-11-18 23:21:35'),
(570, 182, 'La Mesa', 1, 1, '2014-11-18 23:21:35', 1, '2014-11-18 23:21:35'),
(571, 182, 'San José del Sur', 1, 1, '2014-11-18 23:21:35', 1, '2014-11-18 23:21:35'),
(572, 183, 'Tucaní', 1, 1, '2014-11-18 23:21:35', 1, '2014-11-18 23:21:35'),
(573, 184, 'Santo Domingo', 1, 1, '2014-11-18 23:21:35', 1, '2014-11-18 23:21:35'),
(574, 185, 'Guaraque', 1, 1, '2014-11-18 23:21:35', 1, '2014-11-18 23:21:35'),
(575, 186, 'Arapuey', 1, 1, '2014-11-18 23:21:35', 1, '2014-11-18 23:21:35'),
(576, 186, 'Palmira', 1, 1, '2014-11-18 23:21:35', 1, '2014-11-18 23:21:35'),
(577, 187, 'Torondoy', 1, 1, '2014-11-18 23:21:35', 1, '2014-11-18 23:21:35'),
(578, 188, 'Antonio Spinetti Dini', 1, 1, '2014-11-18 23:21:35', 1, '2014-11-18 23:21:35'),
(579, 188, 'Arias', 1, 1, '2014-11-18 23:21:35', 1, '2014-11-18 23:21:35'),
(580, 188, 'Caracciolo Parra Pérez', 1, 1, '2014-11-18 23:21:35', 1, '2014-11-18 23:21:35'),
(581, 188, 'Domingo Peña ', 1, 1, '2014-11-18 23:21:35', 1, '2014-11-18 23:21:35'),
(582, 188, 'El Llano', 1, 1, '2014-11-18 23:21:35', 1, '2014-11-18 23:21:35'),
(583, 188, 'Gonzalo Picón Febres', 1, 1, '2014-11-18 23:21:35', 1, '2014-11-18 23:21:35'),
(584, 188, 'Jacinto Plaza', 1, 1, '2014-11-18 23:21:35', 1, '2014-11-18 23:21:35'),
(585, 188, 'Juan Rodríguez Suárez', 1, 1, '2014-11-18 23:21:35', 1, '2014-11-18 23:21:35'),
(586, 188, 'Lasso de la Vega', 1, 1, '2014-11-18 23:21:35', 1, '2014-11-18 23:21:35'),
(587, 188, 'Mariano Picón Sala', 1, 1, '2014-11-18 23:21:35', 1, '2014-11-18 23:21:35'),
(588, 188, 'Milla', 1, 1, '2014-11-18 23:21:35', 1, '2014-11-18 23:21:35'),
(589, 188, 'Osuna Rodríguez', 1, 1, '2014-11-18 23:21:35', 1, '2014-11-18 23:21:35'),
(590, 188, 'Sagrario', 1, 1, '2014-11-18 23:21:35', 1, '2014-11-18 23:21:35'),
(591, 188, 'El Morro', 1, 1, '2014-11-18 23:21:35', 1, '2014-11-18 23:21:35'),
(592, 188, 'Los Nevados', 1, 1, '2014-11-18 23:21:35', 1, '2014-11-18 23:21:35'),
(593, 189, 'Andrés Eloy Blanco', 1, 1, '2014-11-18 23:21:35', 1, '2014-11-18 23:21:35'),
(594, 189, 'La Venta', 1, 1, '2014-11-18 23:21:35', 1, '2014-11-18 23:21:35'),
(595, 189, 'Piñango', 1, 1, '2014-11-18 23:21:35', 1, '2014-11-18 23:21:35'),
(596, 189, 'Timotes', 1, 1, '2014-11-18 23:21:35', 1, '2014-11-18 23:21:35'),
(597, 190, 'Eloy Paredes', 1, 1, '2014-11-18 23:21:35', 1, '2014-11-18 23:21:35'),
(598, 190, 'San Rafael de Alcázar', 1, 1, '2014-11-18 23:21:35', 1, '2014-11-18 23:21:35'),
(599, 191, 'Santa María de Caparo', 1, 1, '2014-11-18 23:21:35', 1, '2014-11-18 23:21:35'),
(600, 192, 'Pueblo Llano', 1, 1, '2014-11-18 23:21:35', 1, '2014-11-18 23:21:35'),
(601, 193, 'Cacute', 1, 1, '2014-11-18 23:21:35', 1, '2014-11-18 23:21:35'),
(602, 193, 'Mucuchíes', 1, 1, '2014-11-18 23:21:35', 1, '2014-11-18 23:21:35'),
(603, 194, 'Gerónimo Maldonado', 1, 1, '2014-11-18 23:21:35', 1, '2014-11-18 23:21:35'),
(604, 194, 'Bailadores', 1, 1, '2014-11-18 23:21:35', 1, '2014-11-18 23:21:35'),
(605, 195, 'Tabay', 1, 1, '2014-11-18 23:21:35', 1, '2014-11-18 23:21:35'),
(606, 196, 'Chiguará', 1, 1, '2014-11-18 23:21:35', 1, '2014-11-18 23:21:35'),
(607, 196, 'Estánquez', 1, 1, '2014-11-18 23:21:35', 1, '2014-11-18 23:21:35'),
(608, 196, 'Lagunillas', 1, 1, '2014-11-18 23:21:35', 1, '2014-11-18 23:21:35'),
(609, 196, 'Pueblo Nuevo del Sur', 1, 1, '2014-11-18 23:21:35', 1, '2014-11-18 23:21:35'),
(610, 196, 'San Juan', 1, 1, '2014-11-18 23:21:35', 1, '2014-11-18 23:21:35'),
(611, 197, 'El Amparo', 1, 1, '2014-11-18 23:21:35', 1, '2014-11-18 23:21:35'),
(612, 197, 'El Llano', 1, 1, '2014-11-18 23:21:35', 1, '2014-11-18 23:21:35'),
(613, 197, 'San Francisco', 1, 1, '2014-11-18 23:21:35', 1, '2014-11-18 23:21:35'),
(614, 197, 'Tovar', 1, 1, '2014-11-18 23:21:35', 1, '2014-11-18 23:21:35'),
(615, 198, 'Independencia', 1, 1, '2014-11-18 23:21:35', 1, '2014-11-18 23:21:35'),
(616, 198, 'María de la Concepción Palacios Blanco', 1, 1, '2014-11-18 23:21:35', 1, '2014-11-18 23:21:35'),
(617, 198, 'Nueva Bolivia', 1, 1, '2014-11-18 23:21:35', 1, '2014-11-18 23:21:35'),
(618, 198, 'Santa Apolonia', 1, 1, '2014-11-18 23:21:35', 1, '2014-11-18 23:21:35'),
(619, 199, 'Caño El Tigre', 1, 1, '2014-11-18 23:21:35', 1, '2014-11-18 23:21:35'),
(620, 199, 'Zea', 1, 1, '2014-11-18 23:21:35', 1, '2014-11-18 23:21:35');
INSERT INTO `parroquia` (`codigo`, `cod_mun`, `descripcion`, `status`, `cod_usr_reg`, `fec_reg`, `cod_usr_mod`, `fec_mod`) VALUES
(621, 200, 'San Antonio de Maturín', 1, 1, '2014-11-18 23:21:36', 1, '2014-11-18 23:21:36'),
(622, 200, 'San Francisco de Maturín', 1, 1, '2014-11-18 23:21:36', 1, '2014-11-18 23:21:36'),
(623, 201, 'Aguasay', 1, 1, '2014-11-18 23:21:36', 1, '2014-11-18 23:21:36'),
(624, 202, 'Caripito', 1, 1, '2014-11-18 23:21:36', 1, '2014-11-18 23:21:36'),
(625, 203, 'El Guácharo', 1, 1, '2014-11-18 23:21:36', 1, '2014-11-18 23:21:36'),
(626, 203, 'Caripe', 1, 1, '2014-11-18 23:21:36', 1, '2014-11-18 23:21:36'),
(627, 204, 'Capital Cedeño', 1, 1, '2014-11-18 23:21:36', 1, '2014-11-18 23:21:36'),
(628, 204, 'San Félix de Cantalicio', 1, 1, '2014-11-18 23:21:36', 1, '2014-11-18 23:21:36'),
(629, 205, 'El Tejero', 1, 1, '2014-11-18 23:21:36', 1, '2014-11-18 23:21:36'),
(630, 205, 'Punta de Mata', 1, 1, '2014-11-18 23:21:36', 1, '2014-11-18 23:21:36'),
(631, 206, 'Chaguaramas', 1, 1, '2014-11-18 23:21:36', 1, '2014-11-18 23:21:36'),
(632, 206, 'Temblador', 1, 1, '2014-11-18 23:21:36', 1, '2014-11-18 23:21:36'),
(633, 207, 'Alto de los Godos', 1, 1, '2014-11-18 23:21:36', 1, '2014-11-18 23:21:36'),
(634, 207, 'Boquerón', 1, 1, '2014-11-18 23:21:36', 1, '2014-11-18 23:21:36'),
(635, 207, 'Las Cocuizas', 1, 1, '2014-11-18 23:21:36', 1, '2014-11-18 23:21:36'),
(636, 207, 'La Cruz', 1, 1, '2014-11-18 23:21:36', 1, '2014-11-18 23:21:36'),
(637, 207, 'San Simón', 1, 1, '2014-11-18 23:21:36', 1, '2014-11-18 23:21:36'),
(638, 207, 'El Corozo', 1, 1, '2014-11-18 23:21:36', 1, '2014-11-18 23:21:36'),
(639, 207, 'El Furrial', 1, 1, '2014-11-18 23:21:36', 1, '2014-11-18 23:21:36'),
(640, 207, 'Jusepín', 1, 1, '2014-11-18 23:21:36', 1, '2014-11-18 23:21:36'),
(641, 207, 'La Pica', 1, 1, '2014-11-18 23:21:36', 1, '2014-11-18 23:21:36'),
(642, 207, 'San Vicente', 1, 1, '2014-11-18 23:21:36', 1, '2014-11-18 23:21:36'),
(643, 208, 'Aparicio', 1, 1, '2014-11-18 23:21:36', 1, '2014-11-18 23:21:36'),
(644, 208, 'Chaguamal', 1, 1, '2014-11-18 23:21:36', 1, '2014-11-18 23:21:36'),
(645, 208, 'El Pinto', 1, 1, '2014-11-18 23:21:36', 1, '2014-11-18 23:21:36'),
(646, 208, 'Guanaguana', 1, 1, '2014-11-18 23:21:36', 1, '2014-11-18 23:21:36'),
(647, 208, 'La Toscana', 1, 1, '2014-11-18 23:21:36', 1, '2014-11-18 23:21:36'),
(648, 209, 'Cachipo', 1, 1, '2014-11-18 23:21:36', 1, '2014-11-18 23:21:36'),
(649, 209, 'Quiriquire', 1, 1, '2014-11-18 23:21:36', 1, '2014-11-18 23:21:36'),
(650, 210, 'Santa Bárbara', 1, 1, '2014-11-18 23:21:36', 1, '2014-11-18 23:21:36'),
(651, 211, 'Barrancas', 1, 1, '2014-11-18 23:21:36', 1, '2014-11-18 23:21:36'),
(652, 212, 'Uracoa', 1, 1, '2014-11-18 23:21:36', 1, '2014-11-18 23:21:36'),
(653, 213, 'Antolín del Campo', 1, 1, '2014-11-18 23:21:36', 1, '2014-11-18 23:21:36'),
(654, 214, 'Arismendi', 1, 1, '2014-11-18 23:21:36', 1, '2014-11-18 23:21:36'),
(655, 215, 'San Juan Bautista', 1, 1, '2014-11-18 23:21:36', 1, '2014-11-18 23:21:36'),
(656, 215, 'Zabala', 1, 1, '2014-11-18 23:21:36', 1, '2014-11-18 23:21:36'),
(657, 216, 'García', 1, 1, '2014-11-18 23:21:36', 1, '2014-11-18 23:21:36'),
(658, 216, 'Francisco Fajardo', 1, 1, '2014-11-18 23:21:36', 1, '2014-11-18 23:21:36'),
(659, 217, 'Bolívar', 1, 1, '2014-11-18 23:21:36', 1, '2014-11-18 23:21:36'),
(660, 217, 'Guevara', 1, 1, '2014-11-18 23:21:36', 1, '2014-11-18 23:21:36'),
(661, 217, 'Cerro de Matasiete', 1, 1, '2014-11-18 23:21:36', 1, '2014-11-18 23:21:36'),
(662, 217, 'Santa Ana', 1, 1, '2014-11-18 23:21:36', 1, '2014-11-18 23:21:36'),
(663, 217, 'Sucre', 1, 1, '2014-11-18 23:21:36', 1, '2014-11-18 23:21:36'),
(664, 218, 'Aguirre', 1, 1, '2014-11-18 23:21:36', 1, '2014-11-18 23:21:36'),
(665, 218, 'Maneiro', 1, 1, '2014-11-18 23:21:36', 1, '2014-11-18 23:21:36'),
(666, 219, 'Adrián', 1, 1, '2014-11-18 23:21:36', 1, '2014-11-18 23:21:36'),
(667, 219, 'Juan Griego', 1, 1, '2014-11-18 23:21:36', 1, '2014-11-18 23:21:36'),
(668, 219, 'Yaguaraparo', 1, 1, '2014-11-18 23:21:36', 1, '2014-11-18 23:21:36'),
(669, 220, 'Porlamar', 1, 1, '2014-11-18 23:21:36', 1, '2014-11-18 23:21:36'),
(670, 221, 'San Francisco de Macanao', 1, 1, '2014-11-18 23:21:36', 1, '2014-11-18 23:21:36'),
(671, 221, 'Boca de Río', 1, 1, '2014-11-18 23:21:36', 1, '2014-11-18 23:21:36'),
(672, 222, 'Tubores', 1, 1, '2014-11-18 23:21:36', 1, '2014-11-18 23:21:36'),
(673, 223, 'Villalba', 1, 1, '2014-11-18 23:21:36', 1, '2014-11-18 23:21:36'),
(674, 224, 'Agua Blanca', 1, 1, '2014-11-18 23:21:36', 1, '2014-11-18 23:21:36'),
(675, 225, 'Araure', 1, 1, '2014-11-18 23:21:36', 1, '2014-11-18 23:21:36'),
(676, 226, 'Píritu', 1, 1, '2014-11-18 23:21:36', 1, '2014-11-18 23:21:36'),
(677, 226, 'Uveral', 1, 1, '2014-11-18 23:21:36', 1, '2014-11-18 23:21:36'),
(678, 227, 'Guanare', 1, 1, '2014-11-18 23:21:36', 1, '2014-11-18 23:21:36'),
(679, 228, 'Guanarito', 1, 1, '2014-11-18 23:21:36', 1, '2014-11-18 23:21:36'),
(680, 229, 'Peña Blanca', 1, 1, '2014-11-18 23:21:36', 1, '2014-11-18 23:21:36'),
(681, 230, 'Aparición', 1, 1, '2014-11-18 23:21:36', 1, '2014-11-18 23:21:36'),
(682, 230, 'Ospino', 1, 1, '2014-11-18 23:21:36', 1, '2014-11-18 23:21:36'),
(683, 231, 'Acarigua', 1, 1, '2014-11-18 23:21:36', 1, '2014-11-18 23:21:36'),
(684, 231, 'Payara', 1, 1, '2014-11-18 23:21:36', 1, '2014-11-18 23:21:36'),
(685, 232, 'Papelón', 1, 1, '2014-11-18 23:21:36', 1, '2014-11-18 23:21:36'),
(686, 233, 'Boconoíto', 1, 1, '2014-11-18 23:21:36', 1, '2014-11-18 23:21:36'),
(687, 234, 'San Rafael de Onoto', 1, 1, '2014-11-18 23:21:36', 1, '2014-11-18 23:21:36'),
(688, 234, 'Santa Fé', 1, 1, '2014-11-18 23:21:36', 1, '2014-11-18 23:21:36'),
(689, 235, 'Florida', 1, 1, '2014-11-18 23:21:36', 1, '2014-11-18 23:21:36'),
(690, 235, 'El Playón', 1, 1, '2014-11-18 23:21:36', 1, '2014-11-18 23:21:36'),
(691, 236, 'Biscucuy', 1, 1, '2014-11-18 23:21:36', 1, '2014-11-18 23:21:36'),
(692, 236, 'Concepción', 1, 1, '2014-11-18 23:21:36', 1, '2014-11-18 23:21:36'),
(693, 236, 'San José de Saguaz', 1, 1, '2014-11-18 23:21:36', 1, '2014-11-18 23:21:36'),
(694, 236, 'San Rafael de Palo Alzado', 1, 1, '2014-11-18 23:21:36', 1, '2014-11-18 23:21:36'),
(695, 236, 'Uvencio Antonio Velásquez', 1, 1, '2014-11-18 23:21:36', 1, '2014-11-18 23:21:36'),
(696, 236, 'Villa Rosa', 1, 1, '2014-11-18 23:21:36', 1, '2014-11-18 23:21:36'),
(697, 237, 'Canelones', 1, 1, '2014-11-18 23:21:36', 1, '2014-11-18 23:21:36'),
(698, 237, 'Santa Cruz', 1, 1, '2014-11-18 23:21:36', 1, '2014-11-18 23:21:36'),
(699, 237, 'San Isidro Labrador', 1, 1, '2014-11-18 23:21:36', 1, '2014-11-18 23:21:36'),
(700, 238, 'Mariño', 1, 1, '2014-11-18 23:21:36', 1, '2014-11-18 23:21:36'),
(701, 238, 'Rómulo Gallegos', 1, 1, '2014-11-18 23:21:36', 1, '2014-11-18 23:21:36'),
(702, 239, 'San José de Aerocuar', 1, 1, '2014-11-18 23:21:36', 1, '2014-11-18 23:21:36'),
(703, 239, 'Tavera Acosta', 1, 1, '2014-11-18 23:21:36', 1, '2014-11-18 23:21:36'),
(704, 240, 'Río Caribe', 1, 1, '2014-11-18 23:21:36', 1, '2014-11-18 23:21:36'),
(705, 240, 'Antonio José de Sucre', 1, 1, '2014-11-18 23:21:36', 1, '2014-11-18 23:21:36'),
(706, 240, 'El Morro de Puerto Santo', 1, 1, '2014-11-18 23:21:36', 1, '2014-11-18 23:21:36'),
(707, 240, 'Puerto Santo', 1, 1, '2014-11-18 23:21:36', 1, '2014-11-18 23:21:36'),
(708, 240, 'San Juan de las Galdonas', 1, 1, '2014-11-18 23:21:36', 1, '2014-11-18 23:21:36'),
(709, 241, 'El Pilar', 1, 1, '2014-11-18 23:21:36', 1, '2014-11-18 23:21:36'),
(710, 241, 'El Rincón', 1, 1, '2014-11-18 23:21:36', 1, '2014-11-18 23:21:36'),
(711, 241, 'General Francisco Antonio Váquez', 1, 1, '2014-11-18 23:21:36', 1, '2014-11-18 23:21:36'),
(712, 241, 'Guaraúnos', 1, 1, '2014-11-18 23:21:36', 1, '2014-11-18 23:21:36'),
(713, 241, 'Tunapuicito', 1, 1, '2014-11-18 23:21:36', 1, '2014-11-18 23:21:36'),
(714, 241, 'Unión', 1, 1, '2014-11-18 23:21:36', 1, '2014-11-18 23:21:36'),
(715, 242, 'Santa Catalina', 1, 1, '2014-11-18 23:21:36', 1, '2014-11-18 23:21:36'),
(716, 242, 'Santa Rosa', 1, 1, '2014-11-18 23:21:36', 1, '2014-11-18 23:21:36'),
(717, 242, 'Santa Teresa', 1, 1, '2014-11-18 23:21:36', 1, '2014-11-18 23:21:36'),
(718, 242, 'Bolívar', 1, 1, '2014-11-18 23:21:36', 1, '2014-11-18 23:21:36'),
(719, 242, 'Maracapana', 1, 1, '2014-11-18 23:21:36', 1, '2014-11-18 23:21:36'),
(720, 243, 'Bolívar', 1, 1, '2014-11-18 23:21:36', 1, '2014-11-18 23:21:36'),
(721, 244, 'El Paujil', 1, 1, '2014-11-18 23:21:36', 1, '2014-11-18 23:21:36'),
(722, 245, 'Cruz Salmerón Acosta', 1, 1, '2014-11-18 23:21:36', 1, '2014-11-18 23:21:36'),
(723, 245, 'Manicuare', 1, 1, '2014-11-18 23:21:36', 1, '2014-11-18 23:21:36'),
(724, 246, 'Tunapuy', 1, 1, '2014-11-18 23:21:36', 1, '2014-11-18 23:21:36'),
(725, 246, 'Campo Elías', 1, 1, '2014-11-18 23:21:36', 1, '2014-11-18 23:21:36'),
(726, 247, 'Irapa', 1, 1, '2014-11-18 23:21:36', 1, '2014-11-18 23:21:36'),
(727, 247, 'Campo Claro', 1, 1, '2014-11-18 23:21:36', 1, '2014-11-18 23:21:36'),
(728, 247, 'Maraval', 1, 1, '2014-11-18 23:21:36', 1, '2014-11-18 23:21:36'),
(729, 247, 'Soro', 1, 1, '2014-11-18 23:21:36', 1, '2014-11-18 23:21:36'),
(730, 248, 'Mejía', 1, 1, '2014-11-18 23:21:36', 1, '2014-11-18 23:21:36'),
(731, 249, 'Cumanacoa', 1, 1, '2014-11-18 23:21:36', 1, '2014-11-18 23:21:36'),
(732, 249, 'Aricagua', 1, 1, '2014-11-18 23:21:36', 1, '2014-11-18 23:21:36'),
(733, 249, 'San Fernando', 1, 1, '2014-11-18 23:21:36', 1, '2014-11-18 23:21:36'),
(734, 249, 'San Lorenzo', 1, 1, '2014-11-18 23:21:36', 1, '2014-11-18 23:21:36'),
(735, 250, 'Villa Frontado', 1, 1, '2014-11-18 23:21:36', 1, '2014-11-18 23:21:36'),
(736, 250, 'Catuaro', 1, 1, '2014-11-18 23:21:36', 1, '2014-11-18 23:21:36'),
(737, 250, 'Rendón', 1, 1, '2014-11-18 23:21:36', 1, '2014-11-18 23:21:36'),
(738, 250, 'San Cruz', 1, 1, '2014-11-18 23:21:36', 1, '2014-11-18 23:21:36'),
(739, 250, 'Santa María', 1, 1, '2014-11-18 23:21:36', 1, '2014-11-18 23:21:36'),
(740, 251, 'Altagracia', 1, 1, '2014-11-18 23:21:36', 1, '2014-11-18 23:21:36'),
(741, 251, 'Santa Inés', 1, 1, '2014-11-18 23:21:36', 1, '2014-11-18 23:21:36'),
(742, 251, 'Valentín Valiente', 1, 1, '2014-11-18 23:21:36', 1, '2014-11-18 23:21:36'),
(743, 251, 'Ayacucho', 1, 1, '2014-11-18 23:21:36', 1, '2014-11-18 23:21:36'),
(744, 251, 'San Juan', 1, 1, '2014-11-18 23:21:36', 1, '2014-11-18 23:21:36'),
(745, 251, 'Raúl Leoni', 1, 1, '2014-11-18 23:21:36', 1, '2014-11-18 23:21:36'),
(746, 251, 'Gran Mariscal', 1, 1, '2014-11-18 23:21:36', 1, '2014-11-18 23:21:36'),
(747, 252, 'Cristóbal Colón', 1, 1, '2014-11-18 23:21:36', 1, '2014-11-18 23:21:36'),
(748, 252, 'Bideau', 1, 1, '2014-11-18 23:21:36', 1, '2014-11-18 23:21:36'),
(749, 252, 'Punta de Piedras', 1, 1, '2014-11-18 23:21:36', 1, '2014-11-18 23:21:36'),
(750, 252, 'Güiria', 1, 1, '2014-11-18 23:21:36', 1, '2014-11-18 23:21:36'),
(751, 253, 'Andrés Bello', 1, 1, '2014-11-18 23:21:36', 1, '2014-11-18 23:21:36'),
(752, 254, 'Antonio Rómulo Costa', 1, 1, '2014-11-18 23:21:36', 1, '2014-11-18 23:21:36'),
(753, 255, 'Ayacucho', 1, 1, '2014-11-18 23:21:36', 1, '2014-11-18 23:21:36'),
(754, 255, 'San Pedro del Río', 1, 1, '2014-11-18 23:21:36', 1, '2014-11-18 23:21:36'),
(755, 256, 'Bolívar', 1, 1, '2014-11-18 23:21:36', 1, '2014-11-18 23:21:36'),
(756, 257, 'Cárdenas', 1, 1, '2014-11-18 23:21:36', 1, '2014-11-18 23:21:36'),
(757, 258, 'Córdoba', 1, 1, '2014-11-18 23:21:36', 1, '2014-11-18 23:21:36'),
(758, 259, 'Fernández Feo', 1, 1, '2014-11-18 23:21:36', 1, '2014-11-18 23:21:36'),
(759, 259, 'Alberto Adriani', 1, 1, '2014-11-18 23:21:36', 1, '2014-11-18 23:21:36'),
(760, 260, 'Francisco de Miranda', 1, 1, '2014-11-18 23:21:36', 1, '2014-11-18 23:21:36'),
(761, 261, 'García de Hevia', 1, 1, '2014-11-18 23:21:36', 1, '2014-11-18 23:21:36'),
(762, 261, 'Boca de Grita', 1, 1, '2014-11-18 23:21:36', 1, '2014-11-18 23:21:36'),
(763, 262, 'Guásimos', 1, 1, '2014-11-18 23:21:36', 1, '2014-11-18 23:21:36'),
(764, 263, 'Independencia', 1, 1, '2014-11-18 23:21:36', 1, '2014-11-18 23:21:36'),
(765, 262, 'Juan Germán Roscio', 1, 1, '2014-11-18 23:21:36', 1, '2014-11-18 23:21:36'),
(766, 264, 'Jáuregui', 1, 1, '2014-11-18 23:21:36', 1, '2014-11-18 23:21:36'),
(767, 265, 'José María Vargas', 1, 1, '2014-11-18 23:21:36', 1, '2014-11-18 23:21:36'),
(768, 266, 'Junín', 1, 1, '2014-11-18 23:21:36', 1, '2014-11-18 23:21:36'),
(769, 266, 'La Petrólea', 1, 1, '2014-11-18 23:21:36', 1, '2014-11-18 23:21:36'),
(770, 267, 'Libertad', 1, 1, '2014-11-18 23:21:36', 1, '2014-11-18 23:21:36'),
(771, 268, 'Capital Libertador', 1, 1, '2014-11-18 23:21:36', 1, '2014-11-18 23:21:36'),
(772, 269, 'Lobatera', 1, 1, '2014-11-18 23:21:36', 1, '2014-11-18 23:21:36'),
(773, 270, 'Michelena', 1, 1, '2014-11-18 23:21:36', 1, '2014-11-18 23:21:36'),
(774, 271, 'Panamericano', 1, 1, '2014-11-18 23:21:36', 1, '2014-11-18 23:21:36'),
(775, 272, 'Pedro María Ureña', 1, 1, '2014-11-18 23:21:36', 1, '2014-11-18 23:21:36'),
(776, 273, 'Delicias', 1, 1, '2014-11-18 23:21:36', 1, '2014-11-18 23:21:36'),
(777, 274, 'Samuel Darío Maldonado', 1, 1, '2014-11-18 23:21:36', 1, '2014-11-18 23:21:36'),
(778, 274, 'Boconó', 1, 1, '2014-11-18 23:21:36', 1, '2014-11-18 23:21:36'),
(779, 275, 'La Concordia', 1, 1, '2014-11-18 23:21:36', 1, '2014-11-18 23:21:36'),
(780, 275, 'San Juan Bautista', 1, 1, '2014-11-18 23:21:36', 1, '2014-11-18 23:21:36'),
(781, 275, 'Pedro María Morantes', 1, 1, '2014-11-18 23:21:36', 1, '2014-11-18 23:21:36'),
(782, 276, 'Seboruco', 1, 1, '2014-11-18 23:21:36', 1, '2014-11-18 23:21:36'),
(783, 277, 'Simón Rodríguez', 1, 1, '2014-11-18 23:21:36', 1, '2014-11-18 23:21:36'),
(784, 278, 'Sucre', 1, 1, '2014-11-18 23:21:36', 1, '2014-11-18 23:21:36'),
(785, 279, 'San José', 1, 1, '2014-11-18 23:21:36', 1, '2014-11-18 23:21:36'),
(786, 280, 'Uribante', 1, 1, '2014-11-18 23:21:36', 1, '2014-11-18 23:21:36'),
(787, 280, 'Juan Pablo Peñalosa', 1, 1, '2014-11-18 23:21:36', 1, '2014-11-18 23:21:36'),
(788, 280, 'Potosí', 1, 1, '2014-11-18 23:21:36', 1, '2014-11-18 23:21:36'),
(789, 281, 'San Judas Tadeo', 1, 1, '2014-11-18 23:21:36', 1, '2014-11-18 23:21:36'),
(800, 282, 'Araguaney', 1, 1, '2014-11-18 23:21:36', 1, '2014-11-18 23:21:36'),
(801, 282, 'El Jaguito', 1, 1, '2014-11-18 23:21:36', 1, '2014-11-18 23:21:36'),
(802, 283, 'Boconó', 1, 1, '2014-11-18 23:21:36', 1, '2014-11-18 23:21:36'),
(803, 284, 'Sabana Grande', 1, 1, '2014-11-18 23:21:36', 1, '2014-11-18 23:21:36'),
(804, 284, 'Cheregüé', 1, 1, '2014-11-18 23:21:36', 1, '2014-11-18 23:21:36'),
(805, 285, 'Arnoldo Gabaldón', 1, 1, '2014-11-18 23:21:36', 1, '2014-11-18 23:21:36'),
(806, 285, 'Bolivia', 1, 1, '2014-11-18 23:21:36', 1, '2014-11-18 23:21:36'),
(807, 285, 'Carrillo', 1, 1, '2014-11-18 23:21:36', 1, '2014-11-18 23:21:36'),
(808, 285, 'Manuel Salvador Ulloa', 1, 1, '2014-11-18 23:21:36', 1, '2014-11-18 23:21:36'),
(809, 286, 'Carache', 1, 1, '2014-11-18 23:21:36', 1, '2014-11-18 23:21:36'),
(810, 286, 'La Concepción', 1, 1, '2014-11-18 23:21:36', 1, '2014-11-18 23:21:36'),
(811, 286, 'Santa Cruz', 1, 1, '2014-11-18 23:21:36', 1, '2014-11-18 23:21:36'),
(812, 287, 'Escuque', 1, 1, '2014-11-18 23:21:36', 1, '2014-11-18 23:21:36'),
(813, 287, 'Santa Rita', 1, 1, '2014-11-18 23:21:36', 1, '2014-11-18 23:21:36'),
(814, 288, 'El Socorro', 1, 1, '2014-11-18 23:21:36', 1, '2014-11-18 23:21:36'),
(815, 288, 'Antonio José de Sucre', 1, 1, '2014-11-18 23:21:36', 1, '2014-11-18 23:21:36'),
(816, 289, 'Campo Elías', 1, 1, '2014-11-18 23:21:36', 1, '2014-11-18 23:21:36'),
(817, 289, 'Arnoldo Gabaldón', 1, 1, '2014-11-18 23:21:36', 1, '2014-11-18 23:21:36'),
(818, 290, 'Santa Apolonia', 1, 1, '2014-11-18 23:21:36', 1, '2014-11-18 23:21:36'),
(819, 290, 'La Ceiba', 1, 1, '2014-11-18 23:21:36', 1, '2014-11-18 23:21:36'),
(820, 291, 'Agua Santa', 1, 1, '2014-11-18 23:21:36', 1, '2014-11-18 23:21:36'),
(821, 291, 'Valerita', 1, 1, '2014-11-18 23:21:36', 1, '2014-11-18 23:21:36'),
(822, 292, 'Carmelo', 1, 1, '2014-11-18 23:21:36', 1, '2014-11-18 23:21:36'),
(823, 292, 'Santa María del Horcón', 1, 1, '2014-11-18 23:21:36', 1, '2014-11-18 23:21:36'),
(824, 293, 'Motatán', 1, 1, '2014-11-18 23:21:36', 1, '2014-11-18 23:21:36'),
(825, 293, 'Jalisco', 1, 1, '2014-11-18 23:21:36', 1, '2014-11-18 23:21:36'),
(826, 294, 'Pampán', 1, 1, '2014-11-18 23:21:36', 1, '2014-11-18 23:21:36'),
(827, 294, 'Santa Ana', 1, 1, '2014-11-18 23:21:36', 1, '2014-11-18 23:21:36'),
(828, 295, 'Pampanito', 1, 1, '2014-11-18 23:21:36', 1, '2014-11-18 23:21:36'),
(829, 295, 'Pampanito II', 1, 1, '2014-11-18 23:21:36', 1, '2014-11-18 23:21:36'),
(830, 296, 'Betijoque', 1, 1, '2014-11-18 23:21:36', 1, '2014-11-18 23:21:36'),
(831, 296, 'José Gregorio Hernández', 1, 1, '2014-11-18 23:21:36', 1, '2014-11-18 23:21:36'),
(832, 296, 'La Pueblita', 1, 1, '2014-11-18 23:21:36', 1, '2014-11-18 23:21:36'),
(833, 297, 'Carvajal', 1, 1, '2014-11-18 23:21:36', 1, '2014-11-18 23:21:36'),
(834, 297, 'Campo Alegre', 1, 1, '2014-11-18 23:21:36', 1, '2014-11-18 23:21:36'),
(835, 297, 'Antonio Nicolás Briceño', 1, 1, '2014-11-18 23:21:36', 1, '2014-11-18 23:21:36'),
(836, 298, 'Sabana de Mendoza', 1, 1, '2014-11-18 23:21:36', 1, '2014-11-18 23:21:36'),
(837, 298, 'Junín', 1, 1, '2014-11-18 23:21:36', 1, '2014-11-18 23:21:36'),
(838, 298, 'Valmore Rodríguez', 1, 1, '2014-11-18 23:21:36', 1, '2014-11-18 23:21:36'),
(839, 298, 'El Paraíso', 1, 1, '2014-11-18 23:21:36', 1, '2014-11-18 23:21:36'),
(840, 299, 'Andrés Linares', 1, 1, '2014-11-18 23:21:36', 1, '2014-11-18 23:21:36'),
(841, 299, 'Cristóbal Mendoza', 1, 1, '2014-11-18 23:21:36', 1, '2014-11-18 23:21:36'),
(842, 299, 'Carrillo', 1, 1, '2014-11-18 23:21:36', 1, '2014-11-18 23:21:36'),
(843, 300, 'Cabimbú', 1, 1, '2014-11-18 23:21:36', 1, '2014-11-18 23:21:36'),
(844, 300, 'Jajó', 1, 1, '2014-11-18 23:21:36', 1, '2014-11-18 23:21:36'),
(845, 300, 'La Mesa de Esnujaque', 1, 1, '2014-11-18 23:21:36', 1, '2014-11-18 23:21:36'),
(846, 300, 'Santiago', 1, 1, '2014-11-18 23:21:36', 1, '2014-11-18 23:21:36'),
(847, 300, 'La Quebrada', 1, 1, '2014-11-18 23:21:36', 1, '2014-11-18 23:21:36'),
(848, 301, 'Juan Ignacio Montilla', 1, 1, '2014-11-18 23:21:36', 1, '2014-11-18 23:21:36'),
(849, 301, 'La Beatriz', 1, 1, '2014-11-18 23:21:36', 1, '2014-11-18 23:21:36'),
(850, 301, 'La Puerta', 1, 1, '2014-11-18 23:21:36', 1, '2014-11-18 23:21:36'),
(851, 301, 'Mendoza del Valle de Momboy', 1, 1, '2014-11-18 23:21:36', 1, '2014-11-18 23:21:36'),
(852, 301, 'Mercedes Díaz', 1, 1, '2014-11-18 23:21:36', 1, '2014-11-18 23:21:36'),
(853, 301, 'San Luis', 1, 1, '2014-11-18 23:21:36', 1, '2014-11-18 23:21:36'),
(854, 302, 'El Guayabo', 1, 1, '2014-11-18 23:21:36', 1, '2014-11-18 23:21:36'),
(855, 302, 'Farriar', 1, 1, '2014-11-18 23:21:36', 1, '2014-11-18 23:21:36'),
(856, 303, 'Arístides Bastidas', 1, 1, '2014-11-18 23:21:36', 1, '2014-11-18 23:21:36'),
(857, 304, 'Bolívar', 1, 1, '2014-11-18 23:21:36', 1, '2014-11-18 23:21:36'),
(858, 305, 'Chivacoa', 1, 1, '2014-11-18 23:21:36', 1, '2014-11-18 23:21:36'),
(859, 305, 'Campo Elías', 1, 1, '2014-11-18 23:21:36', 1, '2014-11-18 23:21:36'),
(860, 306, 'Cocorote', 1, 1, '2014-11-18 23:21:36', 1, '2014-11-18 23:21:36'),
(861, 307, 'Independencia', 1, 1, '2014-11-18 23:21:36', 1, '2014-11-18 23:21:36'),
(862, 308, 'José Antonio Páez', 1, 1, '2014-11-18 23:21:36', 1, '2014-11-18 23:21:36'),
(863, 309, 'La Trinidad', 1, 1, '2014-11-18 23:21:36', 1, '2014-11-18 23:21:36'),
(864, 310, 'Manuel Monge', 1, 1, '2014-11-18 23:21:36', 1, '2014-11-18 23:21:36'),
(865, 311, 'Salóm', 1, 1, '2014-11-18 23:21:36', 1, '2014-11-18 23:21:36'),
(866, 311, 'Nirgua', 1, 1, '2014-11-18 23:21:36', 1, '2014-11-18 23:21:36'),
(867, 312, 'San Andrés', 1, 1, '2014-11-18 23:21:36', 1, '2014-11-18 23:21:36'),
(868, 312, 'Yaritagua', 1, 1, '2014-11-18 23:21:36', 1, '2014-11-18 23:21:36'),
(869, 313, 'San Felipe', 1, 1, '2014-11-18 23:21:36', 1, '2014-11-18 23:21:36'),
(870, 313, 'San Javier', 1, 1, '2014-11-18 23:21:36', 1, '2014-11-18 23:21:36'),
(871, 314, 'Sucre', 1, 1, '2014-11-18 23:21:36', 1, '2014-11-18 23:21:36'),
(872, 315, 'Urachiche', 1, 1, '2014-11-18 23:21:36', 1, '2014-11-18 23:21:36'),
(873, 316, 'Isla de Toas', 1, 1, '2014-11-18 23:21:36', 1, '2014-11-18 23:21:36'),
(874, 316, 'Monagas', 1, 1, '2014-11-18 23:21:36', 1, '2014-11-18 23:21:36'),
(875, 317, 'San Timoteo', 1, 1, '2014-11-18 23:21:36', 1, '2014-11-18 23:21:36'),
(876, 317, 'Libertador', 1, 1, '2014-11-18 23:21:36', 1, '2014-11-18 23:21:36'),
(877, 317, 'Pueblo Nuevo', 1, 1, '2014-11-18 23:21:36', 1, '2014-11-18 23:21:36'),
(878, 318, 'La Rosa', 1, 1, '2014-11-18 23:21:36', 1, '2014-11-18 23:21:36'),
(879, 318, 'Rómulo Betancourt', 1, 1, '2014-11-18 23:21:36', 1, '2014-11-18 23:21:36'),
(880, 318, 'San Benito', 1, 1, '2014-11-18 23:21:36', 1, '2014-11-18 23:21:36'),
(881, 318, 'Arístides Calvani', 1, 1, '2014-11-18 23:21:36', 1, '2014-11-18 23:21:36'),
(882, 319, 'Encontrados', 1, 1, '2014-11-18 23:21:36', 1, '2014-11-18 23:21:36'),
(883, 320, 'Moralito', 1, 1, '2014-11-18 23:21:36', 1, '2014-11-18 23:21:36'),
(884, 320, 'San Carlos del Zulia', 1, 1, '2014-11-18 23:21:36', 1, '2014-11-18 23:21:36'),
(885, 320, 'Santa Cruz del Zulia', 1, 1, '2014-11-18 23:21:36', 1, '2014-11-18 23:21:36'),
(886, 320, 'Santa Bárbara', 1, 1, '2014-11-18 23:21:36', 1, '2014-11-18 23:21:36'),
(887, 320, 'Urribarrí', 1, 1, '2014-11-18 23:21:36', 1, '2014-11-18 23:21:36'),
(888, 321, 'Carlos Quevedo', 1, 1, '2014-11-18 23:21:36', 1, '2014-11-18 23:21:36'),
(889, 321, 'Francisco Javier Pulgar', 1, 1, '2014-11-18 23:21:36', 1, '2014-11-18 23:21:36'),
(890, 322, 'La Concepción', 1, 1, '2014-11-18 23:21:36', 1, '2014-11-18 23:21:36'),
(891, 322, 'Mariano Parra León', 1, 1, '2014-11-18 23:21:36', 1, '2014-11-18 23:21:36'),
(892, 323, 'Concepción', 1, 1, '2014-11-18 23:21:36', 1, '2014-11-18 23:21:36'),
(893, 323, 'Chiquinquirá', 1, 1, '2014-11-18 23:21:36', 1, '2014-11-18 23:21:36'),
(894, 323, 'Potreritos', 1, 1, '2014-11-18 23:21:36', 1, '2014-11-18 23:21:36'),
(895, 324, 'Libertad', 1, 1, '2014-11-18 23:21:36', 1, '2014-11-18 23:21:36'),
(896, 324, 'Venezuela', 1, 1, '2014-11-18 23:21:36', 1, '2014-11-18 23:21:36'),
(897, 324, 'Campo Lara', 1, 1, '2014-11-18 23:21:36', 1, '2014-11-18 23:21:36'),
(898, 325, 'San José de Perijá', 1, 1, '2014-11-18 23:21:36', 1, '2014-11-18 23:21:36'),
(899, 326, 'mara', 1, 1, '2014-11-18 23:21:36', 1, '2014-11-18 23:21:36'),
(900, 327, 'Bolívar', 1, 1, '2014-11-18 23:21:36', 1, '2014-11-18 23:21:36'),
(901, 327, 'Coquivacoa', 1, 1, '2014-11-18 23:21:36', 1, '2014-11-18 23:21:36'),
(902, 327, 'Chiquinquirá', 1, 1, '2014-11-18 23:21:36', 1, '2014-11-18 23:21:36'),
(903, 327, 'Raúl Leoni', 1, 1, '2014-11-18 23:21:36', 1, '2014-11-18 23:21:36'),
(904, 327, 'Santa Lucía', 1, 1, '2014-11-18 23:21:36', 1, '2014-11-18 23:21:36'),
(905, 327, 'San Isidro', 1, 1, '2014-11-18 23:21:36', 1, '2014-11-18 23:21:36'),
(906, 328, 'Altagracia', 1, 1, '2014-11-18 23:21:36', 1, '2014-11-18 23:21:36'),
(907, 328, 'Faría', 1, 1, '2014-11-18 23:21:36', 1, '2014-11-18 23:21:36'),
(908, 328, 'San Antonio', 1, 328, '2014-11-18 23:21:36', 1, '2014-11-18 23:21:36'),
(909, 328, 'San José', 1, 1, '2014-11-18 23:21:36', 1, '2014-11-18 23:21:36'),
(910, 329, 'Guajira', 1, 1, '2014-11-18 23:21:36', 1, '2014-11-18 23:21:36'),
(911, 329, 'Elías Sánchez Rubio', 1, 1, '2014-11-18 23:21:36', 1, '2014-11-18 23:21:36'),
(912, 330, 'El Rosario', 1, 1, '2014-11-18 23:21:36', 1, '2014-11-18 23:21:36'),
(913, 331, 'San Francisco', 1, 1, '2014-11-18 23:21:36', 1, '2014-11-18 23:21:36'),
(914, 331, 'Los Cortijos', 1, 1, '2014-11-18 23:21:36', 1, '2014-11-18 23:21:36'),
(915, 332, 'Santa Rita', 1, 1, '2014-11-18 23:21:36', 1, '2014-11-18 23:21:36'),
(916, 332, 'Urribarrí', 1, 1, '2014-11-18 23:21:36', 1, '2014-11-18 23:21:36'),
(917, 333, 'Rafael', 1, 1, '2014-11-18 23:21:36', 1, '2014-11-18 23:21:36'),
(918, 333, 'Manuel Manrique', 1, 1, '2014-11-18 23:21:36', 1, '2014-11-18 23:21:36'),
(919, 334, 'Gibraltar', 1, 1, '2014-11-18 23:21:36', 1, '2014-11-18 23:21:36'),
(920, 334, 'Rómulo Gallegos', 1, 1, '2014-11-18 23:21:36', 1, '2014-11-18 23:21:36'),
(921, 335, 'Rafael Urdaneta ', 1, 1, '2014-11-18 23:21:36', 1, '2014-11-18 23:21:36'),
(922, 334, 'La Victoria', 1, 1, '2014-11-18 23:21:36', 1, '2014-11-18 23:21:36'),
(923, 335, 'Raúl Cuenca', 1, 1, '2014-11-18 23:21:36', 1, '2014-11-18 23:21:36'),
(924, 336, 'Jesús María Semprún', 1, 1, '2014-11-18 23:21:36', 1, '2014-11-18 23:21:36');

-- --------------------------------------------------------

--
-- Table structure for table `periodo_academico`
--

CREATE TABLE IF NOT EXISTS `periodo_academico` (
  `codigo` tinyint(3) unsigned NOT NULL,
  `descripcion` varchar(10) NOT NULL,
  `status` tinyint(1) unsigned NOT NULL DEFAULT '1',
  `cod_usr_reg` int(11) NOT NULL,
  `fec_reg` timestamp NOT NULL DEFAULT CURRENT_TIMESTAMP,
  `cod_usr_mod` int(11) NOT NULL,
  `fec_mod` timestamp NOT NULL,
  PRIMARY KEY (`codigo`)
) ENGINE=InnoDB DEFAULT CHARSET=latin1;

--
-- Dumping data for table `periodo_academico`
--

INSERT INTO `periodo_academico` (`codigo`, `descripcion`, `status`, `cod_usr_reg`, `fec_reg`, `cod_usr_mod`, `fec_mod`) VALUES
(0, '2014-2015', 1, 1, '2014-11-18 23:25:01', 1, '2014-11-18 23:25:01'),
(1, '2015-2016', 1, 1, '2014-11-18 23:25:01', 1, '2014-11-18 23:25:01'),
(2, '2016-2017', 1, 1, '2014-11-18 23:25:01', 1, '2014-11-18 23:25:01'),
(3, '2017-2018', 1, 1, '2014-11-18 23:25:01', 1, '2014-11-18 23:25:01'),
(4, '2018-2019', 1, 1, '2014-11-18 23:25:01', 1, '2014-11-18 23:25:01'),
(5, '2019-2020', 1, 1, '2014-11-18 23:25:01', 1, '2014-11-18 23:25:01'),
(6, '2020-2021', 1, 1, '2014-11-18 23:25:01', 1, '2014-11-18 23:25:01'),
(7, '2021-2022', 1, 1, '2014-11-18 23:25:01', 1, '2014-11-18 23:25:01'),
(8, '2022-2023', 1, 1, '2014-11-18 23:25:01', 1, '2014-11-18 23:25:01'),
(9, '2023-2024', 1, 1, '2014-11-18 23:25:01', 1, '2014-11-18 23:25:01'),
(10, '2024-2025', 1, 1, '2014-11-18 23:25:01', 1, '2014-11-18 23:25:01'),
(11, '2025-2026', 1, 1, '2014-11-18 23:25:01', 1, '2014-11-18 23:25:01'),
(12, '2026-2027', 1, 1, '2014-11-18 23:25:01', 1, '2014-11-18 23:25:01'),
(13, '2027-2028', 1, 1, '2014-11-18 23:25:01', 1, '2014-11-18 23:25:01'),
(14, '2028-2029', 1, 1, '2014-11-18 23:25:01', 1, '2014-11-18 23:25:01'),
(15, '2029-2030', 1, 1, '2014-11-18 23:25:01', 1, '2014-11-18 23:25:01'),
(16, '2030-2031', 1, 1, '2014-11-18 23:25:01', 1, '2014-11-18 23:25:01'),
(17, '2031-2032', 1, 1, '2014-11-18 23:25:01', 1, '2014-11-18 23:25:01'),
(18, '2032-2033', 1, 1, '2014-11-18 23:25:01', 1, '2014-11-18 23:25:01'),
(19, '2033-2034', 1, 1, '2014-11-18 23:25:01', 1, '2014-11-18 23:25:01'),
(20, '2034-2035', 1, 1, '2014-11-18 23:25:01', 1, '2014-11-18 23:25:01');

-- --------------------------------------------------------

--
-- Table structure for table `persona`
--

CREATE TABLE IF NOT EXISTS `persona` (
  `codigo` int(10) unsigned NOT NULL AUTO_INCREMENT,
  `p_nombre` varchar(40) NOT NULL,
  `s_nombre` varchar(40) DEFAULT 'Sin Registro',
  `p_apellido` varchar(40) NOT NULL,
  `s_apellido` varchar(40) DEFAULT 'Sin Registro',
  `nacionalidad` enum('v','e') NOT NULL DEFAULT 'v',
  `cedula` varchar(8) NOT NULL DEFAULT 'sinDatos',
  `fec_nac` date NOT NULL,
  `telefono` varchar(11) DEFAULT 'SinRegistro',
  `telefono_otro` varchar(11) DEFAULT 'SinRegistro',
  `sexo` tinyint(1) unsigned NOT NULL,
  `status` tinyint(1) unsigned NOT NULL DEFAULT '1',
  `cod_usr_reg` int(11) NOT NULL,
  `fec_reg` timestamp NOT NULL DEFAULT CURRENT_TIMESTAMP,
  `cod_usr_mod` int(11) NOT NULL,
  `fec_mod` timestamp NOT NULL,
  PRIMARY KEY (`codigo`),
  UNIQUE KEY `cedula` (`cedula`),
  KEY `sexo` (`sexo`)
) ENGINE=InnoDB  DEFAULT CHARSET=latin1 AUTO_INCREMENT=4 ;

--
-- Dumping data for table `persona`
--

INSERT INTO `persona` (`codigo`, `p_nombre`, `s_nombre`, `p_apellido`, `s_apellido`, `nacionalidad`, `cedula`, `fec_nac`, `telefono`, `telefono_otro`, `sexo`, `status`, `cod_usr_reg`, `fec_reg`, `cod_usr_mod`, `fec_mod`) VALUES
(1, 'pepita', 'Sin Registro', 'gonzalez', 'Sin Registro', 'v', '11122211', '2014-11-18', 'SinRegistro', 'SinRegistro', 1, 1, 1, '2014-11-18 23:34:48', 1, '2014-11-18 23:34:48'),
(2, 'sancho', 'Sin Registro', 'Gonzalez', 'Sin Registro', 'v', '33322211', '2014-11-04', 'SinRegistro', 'SinRegistro', 0, 1, 1, '2014-11-18 23:40:09', 1, '2014-11-18 23:40:09'),
(3, 'Alicia', 'Sin Registro', 'Silverstone', 'Sin Registro', 'e', '99988899', '2014-11-18', 'SinRegistro', 'SinRegistro', 1, 1, 1, '2014-11-18 23:40:09', 1, '2014-11-18 23:40:09');

-- --------------------------------------------------------

--
-- Table structure for table `personal`
--

CREATE TABLE IF NOT EXISTS `personal` (
  `codigo` int(10) unsigned NOT NULL AUTO_INCREMENT,
  `cod_persona` int(10) unsigned NOT NULL,
  `celular` varchar(11) DEFAULT 'SinRegistro',
  `nivel_instruccion` tinyint(1) unsigned NOT NULL,
  `titulo` varchar(80) DEFAULT 'Sin Registros',
  `email` varchar(50) DEFAULT 'Sin Registro',
  `cod_usr` int(10) unsigned DEFAULT NULL,
  `cod_cargo` tinyint(3) unsigned NOT NULL DEFAULT '1',
  `tipo_personal` tinyint(1) unsigned NOT NULL,
  `status` tinyint(1) unsigned NOT NULL DEFAULT '1',
  `cod_usr_reg` int(11) NOT NULL,
  `fec_reg` timestamp NOT NULL DEFAULT CURRENT_TIMESTAMP,
  `cod_usr_mod` int(11) NOT NULL,
  `fec_mod` timestamp NOT NULL,
  PRIMARY KEY (`codigo`),
  UNIQUE KEY `email` (`email`),
  KEY `cod_usr` (`cod_usr`),
  KEY `cod_persona` (`cod_persona`),
  KEY `nivel_instruccion` (`nivel_instruccion`),
  KEY `tipo_personal` (`tipo_personal`),
  KEY `cod_cargo` (`cod_cargo`)
) ENGINE=InnoDB  DEFAULT CHARSET=latin1 AUTO_INCREMENT=2 ;

--
-- Dumping data for table `personal`
--

INSERT INTO `personal` (`codigo`, `cod_persona`, `celular`, `nivel_instruccion`, `titulo`, `email`, `cod_usr`, `cod_cargo`, `tipo_personal`, `status`, `cod_usr_reg`, `fec_reg`, `cod_usr_mod`, `fec_mod`) VALUES
(1, 3, 'SinRegistro', 7, 'Sin Registros', 'Sin Registro', 2, 1, 0, 1, 1, '2014-11-18 23:44:44', 1, '2014-11-18 23:44:44');

-- --------------------------------------------------------

--
-- Table structure for table `personal_autorizado`
--

CREATE TABLE IF NOT EXISTS `personal_autorizado` (
  `codigo` int(10) unsigned NOT NULL AUTO_INCREMENT,
  `cod_persona` int(10) unsigned NOT NULL,
  `lugar_nac` varchar(50) DEFAULT 'Sin Registro',
  `email` varchar(50) DEFAULT 'Sin Registro',
  `relacion` tinyint(3) unsigned NOT NULL,
  `vive_con_alumno` enum('s','n') NOT NULL,
  `nivel_instruccion` tinyint(1) unsigned NOT NULL,
  `profesion` tinyint(3) unsigned DEFAULT '255',
  `telefono_trabajo` varchar(11) DEFAULT 'SinRegistro',
  `direccion_trabajo` varchar(150) DEFAULT 'Sin registro',
  `lugar_trabajo` varchar(50) DEFAULT 'Sin registro',
  `status` tinyint(1) unsigned NOT NULL DEFAULT '1',
  `cod_usr_reg` int(11) NOT NULL,
  `fec_reg` timestamp NOT NULL DEFAULT CURRENT_TIMESTAMP,
  `cod_usr_mod` int(11) NOT NULL,
  `fec_mod` timestamp NOT NULL,
  PRIMARY KEY (`codigo`),
  KEY `cod_persona` (`cod_persona`),
  KEY `relacion` (`relacion`),
  KEY `nivel_instruccion` (`nivel_instruccion`),
  KEY `profesion` (`profesion`)
) ENGINE=InnoDB  DEFAULT CHARSET=latin1 AUTO_INCREMENT=2 ;

--
-- Dumping data for table `personal_autorizado`
--

INSERT INTO `personal_autorizado` (`codigo`, `cod_persona`, `lugar_nac`, `email`, `relacion`, `vive_con_alumno`, `nivel_instruccion`, `profesion`, `telefono_trabajo`, `direccion_trabajo`, `lugar_trabajo`, `status`, `cod_usr_reg`, `fec_reg`, `cod_usr_mod`, `fec_mod`) VALUES
(1, 2, 'Sin Registro', 'Sin Registro', 2, 's', 3, 255, 'SinRegistro', 'Sin registro', 'Sin registro', 1, 1, '2014-11-18 23:41:26', 1, '2014-11-18 23:41:26');

-- --------------------------------------------------------

--
-- Table structure for table `profesion`
--

CREATE TABLE IF NOT EXISTS `profesion` (
  `codigo` tinyint(3) unsigned NOT NULL,
  `descripcion` varchar(40) NOT NULL,
  `status` tinyint(1) unsigned NOT NULL DEFAULT '1',
  `cod_usr_reg` int(11) NOT NULL,
  `fec_reg` timestamp NOT NULL DEFAULT CURRENT_TIMESTAMP,
  `cod_usr_mod` int(11) NOT NULL,
  `fec_mod` timestamp NOT NULL,
  PRIMARY KEY (`codigo`)
) ENGINE=InnoDB DEFAULT CHARSET=latin1;

--
-- Dumping data for table `profesion`
--

INSERT INTO `profesion` (`codigo`, `descripcion`, `status`, `cod_usr_reg`, `fec_reg`, `cod_usr_mod`, `fec_mod`) VALUES
(1, 'ABOGADO', 1, 1, '2014-11-18 23:23:31', 1, '2014-11-18 23:23:31'),
(2, 'ACTOR, ACTRIZ', 1, 1, '2014-11-18 23:23:31', 1, '2014-11-18 23:23:31'),
(3, 'ADMINISTRADOR', 1, 1, '2014-11-18 23:23:31', 1, '2014-11-18 23:23:31'),
(4, 'AGENTE VIAJERO', 1, 1, '2014-11-18 23:23:31', 1, '2014-11-18 23:23:31'),
(5, 'AGRICULTOR', 1, 1, '2014-11-18 23:23:31', 1, '2014-11-18 23:23:31'),
(6, 'ALBAÑIL', 1, 1, '2014-11-18 23:23:31', 1, '2014-11-18 23:23:31'),
(7, 'AMA DE CASA', 1, 1, '2014-11-18 23:23:31', 1, '2014-11-18 23:23:31'),
(8, 'ANALISTA', 1, 1, '2014-11-18 23:23:31', 1, '2014-11-18 23:23:31'),
(9, 'ARQUITECTO', 1, 1, '2014-11-18 23:23:31', 1, '2014-11-18 23:23:31'),
(10, 'ATLETA', 1, 1, '2014-11-18 23:23:31', 1, '2014-11-18 23:23:31'),
(11, 'AUDITOR', 1, 1, '2014-11-18 23:23:31', 1, '2014-11-18 23:23:31'),
(12, 'AUXILIAR DE LABORATORIO', 1, 1, '2014-11-18 23:23:31', 1, '2014-11-18 23:23:31'),
(13, 'AUXILIAR DE ENFERMERIA', 1, 1, '2014-11-18 23:23:31', 1, '2014-11-18 23:23:31'),
(14, 'AUXILIAR DE FARMACIA', 1, 1, '2014-11-18 23:23:31', 1, '2014-11-18 23:23:31'),
(15, 'AZAFATA', 1, 1, '2014-11-18 23:23:31', 1, '2014-11-18 23:23:31'),
(16, 'BAILARIN', 1, 1, '2014-11-18 23:23:31', 1, '2014-11-18 23:23:31'),
(17, 'BARBERO', 1, 1, '2014-11-18 23:23:31', 1, '2014-11-18 23:23:31'),
(18, 'BARMAN', 1, 1, '2014-11-18 23:23:31', 1, '2014-11-18 23:23:31'),
(19, 'BOMBERO', 1, 1, '2014-11-18 23:23:31', 1, '2014-11-18 23:23:31'),
(20, 'BOTANICO', 1, 1, '2014-11-18 23:23:31', 1, '2014-11-18 23:23:31'),
(21, 'CAJERO', 1, 1, '2014-11-18 23:23:31', 1, '2014-11-18 23:23:31'),
(22, 'CAMARERO, CAMARERA', 1, 1, '2014-11-18 23:23:31', 1, '2014-11-18 23:23:31'),
(23, 'CAMAROGRAFO', 1, 1, '2014-11-18 23:23:31', 1, '2014-11-18 23:23:31'),
(24, 'CAMILLERO', 1, 1, '2014-11-18 23:23:31', 1, '2014-11-18 23:23:31'),
(25, 'CANTANTE', 1, 1, '2014-11-18 23:23:31', 1, '2014-11-18 23:23:31'),
(26, 'CARNICERO', 1, 1, '2014-11-18 23:23:31', 1, '2014-11-18 23:23:31'),
(27, 'CARPINTERO', 1, 1, '2014-11-18 23:23:31', 1, '2014-11-18 23:23:31'),
(28, 'CARTERO', 1, 1, '2014-11-18 23:23:31', 1, '2014-11-18 23:23:31'),
(29, 'CERRAJERO', 1, 1, '2014-11-18 23:23:31', 1, '2014-11-18 23:23:31'),
(30, 'CIENTIFICO', 1, 1, '2014-11-18 23:23:31', 1, '2014-11-18 23:23:31'),
(31, 'COMERCIANTE', 1, 1, '2014-11-18 23:23:31', 1, '2014-11-18 23:23:31'),
(32, 'COMPOSITOR', 1, 1, '2014-11-18 23:23:31', 1, '2014-11-18 23:23:31'),
(33, 'COCINERO', 1, 1, '2014-11-18 23:23:31', 1, '2014-11-18 23:23:31'),
(34, 'CHOFER', 1, 1, '2014-11-18 23:23:31', 1, '2014-11-18 23:23:31'),
(35, 'CONTADOR', 1, 1, '2014-11-18 23:23:31', 1, '2014-11-18 23:23:31'),
(36, 'CONTRATISTA DE OBRA', 1, 1, '2014-11-18 23:23:31', 1, '2014-11-18 23:23:31'),
(37, 'COSTURERA', 1, 1, '2014-11-18 23:23:31', 1, '2014-11-18 23:23:31'),
(38, 'DECORADOR', 1, 1, '2014-11-18 23:23:31', 1, '2014-11-18 23:23:31'),
(39, 'DENTISTA', 1, 1, '2014-11-18 23:23:31', 1, '2014-11-18 23:23:31'),
(40, 'DIRECTOR DE ESCUELA', 1, 1, '2014-11-18 23:23:31', 1, '2014-11-18 23:23:31'),
(41, 'DIRECTOR DE ORQUESTA', 1, 1, '2014-11-18 23:23:31', 1, '2014-11-18 23:23:31'),
(42, 'DISEÑADOR GRAFICO', 1, 1, '2014-11-18 23:23:31', 1, '2014-11-18 23:23:31'),
(43, 'DOCENTE', 1, 1, '2014-11-18 23:23:31', 1, '2014-11-18 23:23:31'),
(44, 'ECONOMISTA', 1, 1, '2014-11-18 23:23:31', 1, '2014-11-18 23:23:31'),
(45, 'EDITOR', 1, 1, '2014-11-18 23:23:31', 1, '2014-11-18 23:23:31'),
(46, 'ELECTRICISTA', 1, 1, '2014-11-18 23:23:31', 1, '2014-11-18 23:23:31'),
(47, 'ENFERMERO/A', 1, 1, '2014-11-18 23:23:31', 1, '2014-11-18 23:23:31'),
(48, 'ESCOLTA', 1, 1, '2014-11-18 23:23:31', 1, '2014-11-18 23:23:31'),
(49, 'ESCRITOR', 1, 1, '2014-11-18 23:23:31', 1, '2014-11-18 23:23:31'),
(50, 'ESCULTOR', 1, 1, '2014-11-18 23:23:31', 1, '2014-11-18 23:23:31'),
(51, 'FARMACEUTICO', 1, 1, '2014-11-18 23:23:31', 1, '2014-11-18 23:23:31'),
(52, 'FISICO', 1, 1, '2014-11-18 23:23:31', 1, '2014-11-18 23:23:31'),
(53, 'FLORISTA', 1, 1, '2014-11-18 23:23:31', 1, '2014-11-18 23:23:31'),
(54, 'FOTOGRAFO', 1, 1, '2014-11-18 23:23:31', 1, '2014-11-18 23:23:31'),
(55, 'FRUTERO', 1, 1, '2014-11-18 23:23:31', 1, '2014-11-18 23:23:31'),
(56, 'GEOLOGO', 1, 1, '2014-11-18 23:23:31', 1, '2014-11-18 23:23:31'),
(57, 'GUARDA-PARQUES', 1, 1, '2014-11-18 23:23:31', 1, '2014-11-18 23:23:31'),
(58, 'HERRERO', 1, 1, '2014-11-18 23:23:31', 1, '2014-11-18 23:23:31'),
(59, 'INGENIERO', 1, 1, '2014-11-18 23:23:31', 1, '2014-11-18 23:23:31'),
(60, 'JARDINERO', 1, 1, '2014-11-18 23:23:31', 1, '2014-11-18 23:23:31'),
(61, 'JOYERO', 1, 1, '2014-11-18 23:23:31', 1, '2014-11-18 23:23:31'),
(62, 'JUEZ', 1, 1, '2014-11-18 23:23:31', 1, '2014-11-18 23:23:31'),
(63, 'LATONERO', 1, 1, '2014-11-18 23:23:31', 1, '2014-11-18 23:23:31'),
(64, 'LICENCIADO', 1, 1, '2014-11-18 23:23:31', 1, '2014-11-18 23:23:31'),
(65, 'LOCUTOR', 1, 1, '2014-11-18 23:23:31', 1, '2014-11-18 23:23:31'),
(66, 'MAQUINISTA', 1, 1, '2014-11-18 23:23:31', 1, '2014-11-18 23:23:31'),
(67, 'MATEMATICO', 1, 1, '2014-11-18 23:23:31', 1, '2014-11-18 23:23:31'),
(68, 'MECANICO', 1, 1, '2014-11-18 23:23:31', 1, '2014-11-18 23:23:31'),
(69, 'MEDICO', 1, 1, '2014-11-18 23:23:31', 1, '2014-11-18 23:23:31'),
(70, 'MEDICO VETERINARIO', 1, 1, '2014-11-18 23:23:31', 1, '2014-11-18 23:23:31'),
(71, 'MILITAR', 1, 1, '2014-11-18 23:23:31', 1, '2014-11-18 23:23:31'),
(72, 'MODELO', 1, 1, '2014-11-18 23:23:31', 1, '2014-11-18 23:23:31'),
(73, 'MODISTA', 1, 1, '2014-11-18 23:23:31', 1, '2014-11-18 23:23:31'),
(74, 'MUSICO', 1, 1, '2014-11-18 23:23:31', 1, '2014-11-18 23:23:31'),
(75, 'NIÑERA', 1, 1, '2014-11-18 23:23:31', 1, '2014-11-18 23:23:31'),
(76, 'NUTRICIONISTA', 1, 1, '2014-11-18 23:23:31', 1, '2014-11-18 23:23:31'),
(77, 'OBRERO', 1, 1, '2014-11-18 23:23:31', 1, '2014-11-18 23:23:31'),
(78, 'OFICIAL DE POLICIA', 1, 1, '2014-11-18 23:23:31', 1, '2014-11-18 23:23:31'),
(79, 'OFICIAL DE SEGURIDAD', 1, 1, '2014-11-18 23:23:31', 1, '2014-11-18 23:23:31'),
(80, 'PANADERO', 1, 1, '2014-11-18 23:23:31', 1, '2014-11-18 23:23:31'),
(81, 'PASTELERO', 1, 1, '2014-11-18 23:23:31', 1, '2014-11-18 23:23:31'),
(82, 'PEDIATRA', 1, 1, '2014-11-18 23:23:31', 1, '2014-11-18 23:23:31'),
(83, 'PELUQUERO', 1, 1, '2014-11-18 23:23:31', 1, '2014-11-18 23:23:31'),
(84, 'PERIODISTA', 1, 1, '2014-11-18 23:23:31', 1, '2014-11-18 23:23:31'),
(85, 'PERITO MERCANTIL', 1, 1, '2014-11-18 23:23:31', 1, '2014-11-18 23:23:31'),
(86, 'PESCADOR', 1, 1, '2014-11-18 23:23:31', 1, '2014-11-18 23:23:31'),
(87, 'PILOTO', 1, 1, '2014-11-18 23:23:31', 1, '2014-11-18 23:23:31'),
(88, 'PLOMERO', 1, 1, '2014-11-18 23:23:31', 1, '2014-11-18 23:23:31'),
(89, 'PINTOR', 1, 1, '2014-11-18 23:23:31', 1, '2014-11-18 23:23:31'),
(90, 'POLITICO', 1, 1, '2014-11-18 23:23:31', 1, '2014-11-18 23:23:31'),
(91, 'PROFESOR UNIVERSITARIO', 1, 1, '2014-11-18 23:23:31', 1, '2014-11-18 23:23:31'),
(92, 'PROGRAMADOR', 1, 1, '2014-11-18 23:23:31', 1, '2014-11-18 23:23:31'),
(93, 'PSICOLOGO', 1, 1, '2014-11-18 23:23:31', 1, '2014-11-18 23:23:31'),
(94, 'PSICOTERAPEUTA', 1, 1, '2014-11-18 23:23:31', 1, '2014-11-18 23:23:31'),
(95, 'PSIQUIATRA', 1, 1, '2014-11-18 23:23:31', 1, '2014-11-18 23:23:31'),
(96, 'PUBLICISTA', 1, 1, '2014-11-18 23:23:31', 1, '2014-11-18 23:23:31'),
(97, 'QUIMICO', 1, 1, '2014-11-18 23:23:31', 1, '2014-11-18 23:23:31'),
(98, 'RADIOLOGO', 1, 1, '2014-11-18 23:23:31', 1, '2014-11-18 23:23:31'),
(99, 'RECEPCIONISTA', 1, 1, '2014-11-18 23:23:31', 1, '2014-11-18 23:23:31'),
(100, 'SACERDOTE, MONJA', 1, 1, '2014-11-18 23:23:31', 1, '2014-11-18 23:23:31'),
(101, 'SASTRE', 1, 1, '2014-11-18 23:23:31', 1, '2014-11-18 23:23:31'),
(102, 'SECRETARIO/A', 1, 1, '2014-11-18 23:23:31', 1, '2014-11-18 23:23:31'),
(103, 'SIN PROFESION', 1, 1, '2014-11-18 23:23:31', 1, '2014-11-18 23:23:31'),
(104, 'SUPERVISOR/A', 1, 1, '2014-11-18 23:23:31', 1, '2014-11-18 23:23:31'),
(105, 'TAXISTA', 1, 1, '2014-11-18 23:23:31', 1, '2014-11-18 23:23:31'),
(106, 'TEOLOGO', 1, 1, '2014-11-18 23:23:31', 1, '2014-11-18 23:23:31'),
(107, 'TRADUCTOR DE IDIOMA', 1, 1, '2014-11-18 23:23:31', 1, '2014-11-18 23:23:31'),
(108, 'ZAPATERO', 1, 1, '2014-11-18 23:23:31', 1, '2014-11-18 23:23:31'),
(255, 'OTRO', 1, 1, '2014-11-18 23:23:31', 1, '2014-11-18 23:23:31');

-- --------------------------------------------------------

--
-- Table structure for table `relacion`
--

CREATE TABLE IF NOT EXISTS `relacion` (
  `codigo` tinyint(3) unsigned NOT NULL,
  `descripcion` varchar(20) NOT NULL,
  `status` tinyint(1) unsigned NOT NULL DEFAULT '1',
  `cod_usr_reg` int(11) NOT NULL,
  `fec_reg` timestamp NOT NULL DEFAULT CURRENT_TIMESTAMP,
  `cod_usr_mod` int(11) NOT NULL,
  `fec_mod` timestamp NOT NULL,
  PRIMARY KEY (`codigo`)
) ENGINE=InnoDB DEFAULT CHARSET=latin1;

--
-- Dumping data for table `relacion`
--

INSERT INTO `relacion` (`codigo`, `descripcion`, `status`, `cod_usr_reg`, `fec_reg`, `cod_usr_mod`, `fec_mod`) VALUES
(1, 'Madre', 1, 1, '2014-11-18 23:23:03', 1, '2014-11-18 23:23:03'),
(2, 'Padre', 1, 1, '2014-11-18 23:23:03', 1, '2014-11-18 23:23:03'),
(3, 'Tio(a)', 1, 1, '2014-11-18 23:23:03', 1, '2014-11-18 23:23:03'),
(4, 'Abuelo(a)', 1, 1, '2014-11-18 23:23:03', 1, '2014-11-18 23:23:03'),
(5, 'Hermano(a)', 1, 1, '2014-11-18 23:23:03', 1, '2014-11-18 23:23:03'),
(6, 'Primo(a)', 1, 1, '2014-11-18 23:23:03', 1, '2014-11-18 23:23:03'),
(7, 'Otro', 1, 1, '2014-11-18 23:23:03', 1, '2014-11-18 23:23:03');

-- --------------------------------------------------------

--
-- Table structure for table `sexo`
--

CREATE TABLE IF NOT EXISTS `sexo` (
  `codigo` tinyint(1) unsigned NOT NULL,
  `descripcion` varchar(10) NOT NULL,
  `status` tinyint(1) unsigned NOT NULL DEFAULT '1',
  `cod_usr_reg` int(11) NOT NULL,
  `fec_reg` timestamp NOT NULL DEFAULT CURRENT_TIMESTAMP,
  `cod_usr_mod` int(11) NOT NULL,
  `fec_mod` timestamp NOT NULL,
  PRIMARY KEY (`codigo`)
) ENGINE=InnoDB DEFAULT CHARSET=latin1;

--
-- Dumping data for table `sexo`
--

INSERT INTO `sexo` (`codigo`, `descripcion`, `status`, `cod_usr_reg`, `fec_reg`, `cod_usr_mod`, `fec_mod`) VALUES
(0, 'Masculino', 1, 1, '2014-11-18 23:21:57', 1, '2014-11-18 23:21:57'),
(1, 'Femenino', 1, 1, '2014-11-18 23:21:57', 1, '2014-11-18 23:21:57');

-- --------------------------------------------------------

--
-- Table structure for table `suplente`
--

CREATE TABLE IF NOT EXISTS `suplente` (
  `codigo` int(10) unsigned NOT NULL AUTO_INCREMENT,
  `cod_profesor` int(10) unsigned NOT NULL,
  `cod_suplente` int(10) unsigned NOT NULL,
  `comentarios` varchar(200) DEFAULT 'Sin Comentarios',
  `desde` timestamp NOT NULL DEFAULT 0,
  `hasta` timestamp NOT NULL DEFAULT 0,
  `status` tinyint(1) unsigned NOT NULL DEFAULT '1',
  `cod_usr_reg` int(11) NOT NULL,
  `fec_reg` timestamp NOT NULL DEFAULT CURRENT_TIMESTAMP,
  `cod_usr_mod` int(11) NOT NULL DEFAULT '0',
  `fec_mod` timestamp NOT NULL,
  PRIMARY KEY (`codigo`),
  KEY `cod_profesor` (`cod_profesor`),
  KEY `cod_suplente` (`cod_suplente`)
) ENGINE=InnoDB DEFAULT CHARSET=latin1 AUTO_INCREMENT=1 ;

-- --------------------------------------------------------

--
-- Table structure for table `talla`
--

CREATE TABLE IF NOT EXISTS `talla` (
  `codigo` tinyint(1) unsigned NOT NULL AUTO_INCREMENT,
  `descripcion` varchar(3) NOT NULL,
  `status` tinyint(1) unsigned NOT NULL DEFAULT '1',
  `cod_usr_reg` int(11) NOT NULL,
  `fec_reg` timestamp NOT NULL DEFAULT CURRENT_TIMESTAMP,
  `cod_usr_mod` int(11) NOT NULL,
  `fec_mod` timestamp NOT NULL,
  PRIMARY KEY (`codigo`)
) ENGINE=InnoDB  DEFAULT CHARSET=latin1 AUTO_INCREMENT=7 ;

--
-- Dumping data for table `talla`
--

INSERT INTO `talla` (`codigo`, `descripcion`, `status`, `cod_usr_reg`, `fec_reg`, `cod_usr_mod`, `fec_mod`) VALUES
(1, 'XS', 1, 1, '2014-11-18 23:22:43', 1, '2014-11-18 23:22:43'),
(2, 'S', 1, 1, '2014-11-18 23:22:43', 1, '2014-11-18 23:22:43'),
(3, 'M', 1, 1, '2014-11-18 23:22:43', 1, '2014-11-18 23:22:43'),
(4, 'L', 1, 1, '2014-11-18 23:22:43', 1, '2014-11-18 23:22:43'),
(5, 'XL', 1, 1, '2014-11-18 23:22:43', 1, '2014-11-18 23:22:43'),
(6, 'XXL', 1, 1, '2014-11-18 23:22:43', 1, '2014-11-18 23:22:43');

-- --------------------------------------------------------

--
-- Table structure for table `tipo_personal`
--

CREATE TABLE IF NOT EXISTS `tipo_personal` (
  `codigo` tinyint(3) unsigned NOT NULL,
  `descripcion` varchar(20) NOT NULL,
  `status` tinyint(1) unsigned NOT NULL DEFAULT '1',
  `cod_usr_reg` int(11) NOT NULL,
  `fec_reg` timestamp NOT NULL DEFAULT CURRENT_TIMESTAMP,
  `cod_usr_mod` int(11) NOT NULL,
  `fec_mod` timestamp NOT NULL,
  PRIMARY KEY (`codigo`)
) ENGINE=InnoDB DEFAULT CHARSET=latin1;

--
-- Dumping data for table `tipo_personal`
--

INSERT INTO `tipo_personal` (`codigo`, `descripcion`, `status`, `cod_usr_reg`, `fec_reg`, `cod_usr_mod`, `fec_mod`) VALUES
(0, 'Otro', 1, 1, '2014-11-18 23:31:16', 1, '2014-11-18 23:31:16'),
(1, 'Administra', 1, 1, '2014-11-18 23:31:16', 1, '2014-11-18 23:31:16'),
(2, 'Directivo', 1, 1, '2014-11-18 23:31:16', 1, '2014-11-18 23:31:16'),
(3, 'Docente', 1, 1, '2014-11-18 23:31:16', 1, '2014-11-18 23:31:16'),
(4, 'Pasante', 1, 1, '2014-11-18 23:31:16', 1, '2014-11-18 23:31:16');

-- --------------------------------------------------------

--
-- Table structure for table `tipo_usuario`
--

CREATE TABLE IF NOT EXISTS `tipo_usuario` (
  `codigo` tinyint(1) unsigned NOT NULL,
  `descripcion` varchar(20) NOT NULL,
  `status` tinyint(1) unsigned NOT NULL DEFAULT '1',
  `cod_usr_reg` int(11) NOT NULL,
  `fec_reg` timestamp NOT NULL DEFAULT CURRENT_TIMESTAMP,
  `cod_usr_mod` int(11) NOT NULL,
  `fec_mod` timestamp NOT NULL,
  PRIMARY KEY (`codigo`)
) ENGINE=InnoDB DEFAULT CHARSET=latin1;

--
-- Dumping data for table `tipo_usuario`
--

INSERT INTO `tipo_usuario` (`codigo`, `descripcion`, `status`, `cod_usr_reg`, `fec_reg`, `cod_usr_mod`, `fec_mod`) VALUES
(0, 'Dectivado', 1, 1, '2014-11-18 23:27:06', 2147483647, '0000-00-00 00:00:00'),
(1, 'Usuario', 1, 1, '2014-11-18 23:27:06', 2147483647, '0000-00-00 00:00:00'),
(2, 'Usuario Privilegiado', 1, 1, '2014-11-18 23:27:06', 2147483647, '0000-00-00 00:00:00'),
(3, 'Administrador', 1, 1, '2014-11-18 23:27:06', 2147483647, '0000-00-00 00:00:00'),
(4, 'Super Usuario', 1, 1, '2014-11-18 23:27:06', 2147483647, '0000-00-00 00:00:00'),
(5, 'Por verificar', 1, 1, '2014-11-18 23:27:06', 2147483647, '0000-00-00 00:00:00'),
(255, 'slayerfat', 1, 1, '2014-11-18 23:27:06', 2147483647, '0000-00-00 00:00:00');

-- --------------------------------------------------------

--
-- Table structure for table `usuario`
--

CREATE TABLE IF NOT EXISTS `usuario` (
  `codigo` int(10) unsigned NOT NULL AUTO_INCREMENT,
  `seudonimo` varchar(20) NOT NULL,
  `clave` varchar(60) NOT NULL,
  `cod_tipo_usr` tinyint(1) unsigned DEFAULT '1',
  `status` tinyint(1) unsigned NOT NULL DEFAULT '1',
  `cod_usr_reg` int(11) NOT NULL,
  `fec_reg` timestamp NOT NULL DEFAULT CURRENT_TIMESTAMP,
  `cod_usr_mod` int(11) NOT NULL,
  `fec_mod` timestamp NOT NULL,
  PRIMARY KEY (`codigo`),
  UNIQUE KEY `seudonimo` (`seudonimo`),
  KEY `cod_tipo_usr` (`cod_tipo_usr`)
) ENGINE=InnoDB  DEFAULT CHARSET=latin1 AUTO_INCREMENT=3 ;

--
-- Dumping data for table `usuario`
--

INSERT INTO `usuario` (`codigo`, `seudonimo`, `clave`, `cod_tipo_usr`, `status`, `cod_usr_reg`, `fec_reg`, `cod_usr_mod`, `fec_mod`) VALUES
(1, 'neo', 'matrix', 4, 1, 1, '2014-11-18 23:27:07', 1, '2014-11-18 23:27:07'),
(2, 'batichica', 'upacachete', 1, 1, 1, '2014-11-18 23:42:25', 1, '2014-11-18 23:42:25');

--
-- Constraints for dumped tables
--

--
-- Constraints for table `alumno`
--
ALTER TABLE `alumno`
  ADD CONSTRAINT `alumno_ibfk_1` FOREIGN KEY (`cod_persona`) REFERENCES `persona` (`codigo`) ON UPDATE CASCADE,
  ADD CONSTRAINT `alumno_ibfk_2` FOREIGN KEY (`camisa`) REFERENCES `talla` (`codigo`) ON UPDATE CASCADE,
  ADD CONSTRAINT `alumno_ibfk_3` FOREIGN KEY (`pantalon`) REFERENCES `talla` (`codigo`) ON UPDATE CASCADE,
  ADD CONSTRAINT `alumno_ibfk_5` FOREIGN KEY (`cod_representante`) REFERENCES `personal_autorizado` (`codigo`) ON UPDATE CASCADE,
  ADD CONSTRAINT `alumno_ibfk_6` FOREIGN KEY (`cod_persona_retira`) REFERENCES `personal_autorizado` (`codigo`) ON UPDATE CASCADE,
  ADD CONSTRAINT `alumno_ibfk_7` FOREIGN KEY (`cod_discapacidad`) REFERENCES `discapacidad` (`codigo`) ON UPDATE CASCADE,
  ADD CONSTRAINT `alumno_ibfk_8` FOREIGN KEY (`cod_curso`) REFERENCES `asume` (`codigo`) ON UPDATE CASCADE;

--
-- Constraints for table `asume`
--
ALTER TABLE `asume`
  ADD CONSTRAINT `asume_ibfk_1` FOREIGN KEY (`cod_docente`) REFERENCES `personal` (`codigo`) ON UPDATE CASCADE,
  ADD CONSTRAINT `asume_ibfk_2` FOREIGN KEY (`periodo_academico`) REFERENCES `periodo_academico` (`codigo`) ON UPDATE CASCADE,
  ADD CONSTRAINT `asume_ibfk_3` FOREIGN KEY (`cod_curso`) REFERENCES `curso` (`codigo`) ON UPDATE CASCADE;

--
-- Constraints for table `direccion`
--
ALTER TABLE `direccion`
  ADD CONSTRAINT `direccion_ibfk_1` FOREIGN KEY (`cod_parroquia`) REFERENCES `parroquia` (`codigo`) ON UPDATE CASCADE,
  ADD CONSTRAINT `direccion_ibfk_2` FOREIGN KEY (`cod_persona`) REFERENCES `persona` (`codigo`) ON UPDATE CASCADE;

--
-- Constraints for table `municipio`
--
ALTER TABLE `municipio`
  ADD CONSTRAINT `municipio_ibfk_1` FOREIGN KEY (`cod_edo`) REFERENCES `estado` (`codigo`) ON UPDATE CASCADE;

--
-- Constraints for table `obtiene`
--
ALTER TABLE `obtiene`
  ADD CONSTRAINT `obtiene_ibfk_1` FOREIGN KEY (`cod_alu`) REFERENCES `alumno` (`codigo`) ON UPDATE CASCADE,
  ADD CONSTRAINT `obtiene_ibfk_2` FOREIGN KEY (`cod_p_a`) REFERENCES `personal_autorizado` (`codigo`) ON UPDATE CASCADE;

--
-- Constraints for table `parroquia`
--
ALTER TABLE `parroquia`
  ADD CONSTRAINT `parroquia_ibfk_1` FOREIGN KEY (`cod_mun`) REFERENCES `municipio` (`codigo`) ON UPDATE CASCADE;

--
-- Constraints for table `persona`
--
ALTER TABLE `persona`
  ADD CONSTRAINT `persona_ibfk_1` FOREIGN KEY (`sexo`) REFERENCES `sexo` (`codigo`) ON UPDATE CASCADE;

--
-- Constraints for table `personal`
--
ALTER TABLE `personal`
  ADD CONSTRAINT `personal_ibfk_1` FOREIGN KEY (`cod_usr`) REFERENCES `usuario` (`codigo`) ON UPDATE CASCADE,
  ADD CONSTRAINT `personal_ibfk_2` FOREIGN KEY (`cod_persona`) REFERENCES `persona` (`codigo`) ON UPDATE CASCADE,
  ADD CONSTRAINT `personal_ibfk_3` FOREIGN KEY (`nivel_instruccion`) REFERENCES `nivel_instruccion` (`codigo`) ON UPDATE CASCADE,
  ADD CONSTRAINT `personal_ibfk_4` FOREIGN KEY (`cod_cargo`) REFERENCES `cargo` (`codigo`) ON UPDATE CASCADE,
  ADD CONSTRAINT `personal_ibfk_5` FOREIGN KEY (`tipo_personal`) REFERENCES `tipo_personal` (`codigo`) ON UPDATE CASCADE;

--
-- Constraints for table `personal_autorizado`
--
ALTER TABLE `personal_autorizado`
  ADD CONSTRAINT `personal_autorizado_ibfk_1` FOREIGN KEY (`cod_persona`) REFERENCES `persona` (`codigo`) ON UPDATE CASCADE,
  ADD CONSTRAINT `personal_autorizado_ibfk_2` FOREIGN KEY (`relacion`) REFERENCES `relacion` (`codigo`) ON UPDATE CASCADE,
  ADD CONSTRAINT `personal_autorizado_ibfk_3` FOREIGN KEY (`nivel_instruccion`) REFERENCES `nivel_instruccion` (`codigo`) ON UPDATE CASCADE,
  ADD CONSTRAINT `personal_autorizado_ibfk_4` FOREIGN KEY (`profesion`) REFERENCES `profesion` (`codigo`) ON UPDATE CASCADE;

--
-- Constraints for table `suplente`
--
ALTER TABLE `suplente`
  ADD CONSTRAINT `suplente_ibfk_10` FOREIGN KEY (`cod_profesor`) REFERENCES `personal` (`codigo`) ON UPDATE CASCADE,
  ADD CONSTRAINT `suplente_ibfk_2` FOREIGN KEY (`cod_suplente`) REFERENCES `personal` (`codigo`) ON UPDATE CASCADE;

--
-- Constraints for table `usuario`
--
ALTER TABLE `usuario`
  ADD CONSTRAINT `usuario_ibfk_1` FOREIGN KEY (`cod_tipo_usr`) REFERENCES `tipo_usuario` (`codigo`) ON UPDATE CASCADE;

/*!40101 SET CHARACTER_SET_CLIENT=@OLD_CHARACTER_SET_CLIENT */;
/*!40101 SET CHARACTER_SET_RESULTS=@OLD_CHARACTER_SET_RESULTS */;
/*!40101 SET COLLATION_CONNECTION=@OLD_COLLATION_CONNECTION */;
