-- phpMyAdmin SQL Dump
-- version 4.2.7.1
-- http://www.phpmyadmin.net
--
-- Servidor: localhost
-- Tiempo de generación: 31-10-2014 a las 12:46:53
-- Versión del servidor: 5.6.20
-- Versión de PHP: 5.5.15

SET SQL_MODE = "NO_AUTO_VALUE_ON_ZERO";
SET time_zone = "+00:00";


/*!40101 SET @OLD_CHARACTER_SET_CLIENT=@@CHARACTER_SET_CLIENT */;
/*!40101 SET @OLD_CHARACTER_SET_RESULTS=@@CHARACTER_SET_RESULTS */;
/*!40101 SET @OLD_COLLATION_CONNECTION=@@COLLATION_CONNECTION */;
/*!40101 SET NAMES utf8 */;

--
-- Base de datos: `jag`
--

-- --------------------------------------------------------

--
-- Estructura de tabla para la tabla `alumno`
--

CREATE TABLE IF NOT EXISTS `alumno` (
`cod_alu` int(10) unsigned NOT NULL,
  `ced` varchar(8) NOT NULL,
  `ced_esc` varchar(10) NOT NULL,
  `nac` varchar(15) NOT NULL,
  `pnom` varchar(40) NOT NULL,
  `snom` varchar(40) DEFAULT NULL,
  `papelli` varchar(40) NOT NULL,
  `sapelli` varchar(40) DEFAULT NULL,
  `tlf` varchar(11) NOT NULL,
  `tlfo` varchar(11) DEFAULT NULL,
  `cod_sex` tinyint(1) unsigned NOT NULL,
  `lug_nac` varchar(50) NOT NULL,
  `fec_nac` date NOT NULL,
  `cod_est` int(2) unsigned NOT NULL,
  `cod_mun` int(5) unsigned NOT NULL,
  `cod_parro` int(5) unsigned NOT NULL,
  `dir` varchar(20) NOT NULL,
  `acta_num_part_nac` int(10) unsigned NOT NULL,
  `acta_folio_num_part_nac` int(10) unsigned NOT NULL,
  `plantel_proce` varchar(50) NOT NULL,
  `repit` enum('s','n') NOT NULL,
  `alt` tinyint(3) unsigned NOT NULL,
  `peso` smallint(3) unsigned NOT NULL,
  `cam` tinyint(1) unsigned NOT NULL,
  `pant` tinyint(1) unsigned NOT NULL,
  `zap` tinyint(2) unsigned NOT NULL,
  `cod_repre` int(10) unsigned NOT NULL,
  `cod_cur` tinyint(3) unsigned NOT NULL,
  `status` tinyint(1) unsigned NOT NULL DEFAULT '1',
  `cod_pa_reg` int(11) NOT NULL,
  `fec_reg` timestamp NOT NULL DEFAULT CURRENT_TIMESTAMP,
  `cod_pa_mod` int(11) NOT NULL,
  `fec_mod` timestamp NOT NULL DEFAULT CURRENT_TIMESTAMP
) ENGINE=InnoDB  DEFAULT CHARSET=latin1 AUTO_INCREMENT=2 ;

--
-- Volcado de datos para la tabla `alumno`
--

INSERT INTO `alumno` (`cod_alu`, `ced`, `ced_esc`, `nac`, `pnom`, `snom`, `papelli`, `sapelli`, `tlf`, `tlfo`, `cod_sex`, `lug_nac`, `fec_nac`, `cod_est`, `cod_mun`, `cod_parro`, `dir`, `acta_num_part_nac`, `acta_folio_num_part_nac`, `plantel_proce`, `repit`, `alt`, `peso`, `cam`, `pant`, `zap`, `cod_repre`, `cod_cur`, `status`, `cod_pa_reg`, `fec_reg`, `cod_pa_mod`, `fec_mod`) VALUES
(1, '20044824', '', 'Venezolano', 'Andres', '', 'Letoru', '', '04129174387', '', 1, '3', '2014-10-02', 1, 1, 1, 'LaVega', 2, 3, '04', 'n', 255, 465, 2, 34, 46, 1, 1, 1, 1, '2014-10-30 23:14:56', 1, '2014-10-30 23:14:56');

-- --------------------------------------------------------

--
-- Estructura de tabla para la tabla `cargo`
--

CREATE TABLE IF NOT EXISTS `cargo` (
  `cod_car` tinyint(2) unsigned NOT NULL,
  `des_car` varchar(10) NOT NULL,
  `status` tinyint(1) unsigned NOT NULL,
  `cod_pa_reg` int(11) NOT NULL,
  `fec_reg` timestamp NOT NULL DEFAULT CURRENT_TIMESTAMP,
  `cod_pa_mod` int(11) NOT NULL,
  `fec_mod` timestamp NOT NULL DEFAULT CURRENT_TIMESTAMP
) ENGINE=InnoDB DEFAULT CHARSET=latin1;

-- --------------------------------------------------------

--
-- Estructura de tabla para la tabla `cursos`
--

CREATE TABLE IF NOT EXISTS `cursos` (
`cod_cur` tinyint(3) unsigned NOT NULL,
  `cod_gra` tinyint(3) unsigned NOT NULL,
  `cod_sec` tinyint(3) unsigned NOT NULL,
  `des_cur` varchar(50) NOT NULL,
  `status` tinyint(1) unsigned NOT NULL DEFAULT '1',
  `cod_pa_reg` int(11) NOT NULL,
  `fec_reg` timestamp NOT NULL DEFAULT CURRENT_TIMESTAMP,
  `cod_pa_mod` int(11) NOT NULL,
  `fec_mod` timestamp NOT NULL DEFAULT CURRENT_TIMESTAMP
) ENGINE=InnoDB  DEFAULT CHARSET=latin1 AUTO_INCREMENT=31 ;

--
-- Volcado de datos para la tabla `cursos`
--

INSERT INTO `cursos` (`cod_cur`, `cod_gra`, `cod_sec`, `des_cur`, `status`, `cod_pa_reg`, `fec_reg`, `cod_pa_mod`, `fec_mod`) VALUES
(1, 1, 1, 'Primer Grado Seccion:"A"', 1, 1, '2014-10-09 16:53:30', 1, '2014-10-09 16:53:30'),
(2, 1, 2, 'Primer Grado Seccion:"B"', 1, 1, '2014-10-09 16:53:30', 1, '2014-10-09 16:53:30'),
(3, 1, 3, 'Primer Grado Seccion:"C"', 1, 1, '2014-10-09 16:53:30', 1, '2014-10-09 16:53:30'),
(4, 1, 4, 'Primer Grado Seccion:"D"', 1, 1, '2014-10-09 16:53:30', 1, '2014-10-09 16:53:30'),
(5, 1, 5, 'Primer Grado Seccion:"E"', 1, 1, '2014-10-09 16:53:30', 1, '2014-10-09 16:53:30'),
(6, 2, 1, 'Segundo Grado Seccion:"A"', 1, 1, '2014-10-09 16:59:16', 1, '2014-10-09 16:59:16'),
(7, 2, 2, 'Segundo Grado Seccion:"B"', 1, 1, '2014-10-09 16:59:16', 1, '2014-10-09 16:59:16'),
(8, 2, 3, 'Segundo Grado Seccion:"C"', 1, 1, '2014-10-09 16:59:16', 1, '2014-10-09 16:59:16'),
(9, 2, 4, 'Segundo Grado Seccion:"D"', 1, 1, '2014-10-09 16:59:16', 1, '2014-10-09 16:59:16'),
(10, 2, 5, 'Segundo Grado Seccion:"E"', 1, 1, '2014-10-09 16:59:16', 1, '2014-10-09 16:59:16'),
(11, 3, 1, 'Tercer Grado Seccion:"A"', 1, 1, '2014-10-09 17:11:46', 1, '2014-10-09 17:11:46'),
(12, 3, 2, 'Tercer Grado Seccion:"B"', 1, 1, '2014-10-09 17:11:46', 1, '2014-10-09 17:11:46'),
(13, 3, 3, 'Tercer Grado Seccion:"C"', 1, 1, '2014-10-09 17:11:46', 1, '2014-10-09 17:11:46'),
(14, 3, 4, 'Tercer Grado Seccion:"D"', 1, 1, '2014-10-09 17:11:46', 1, '2014-10-09 17:11:46'),
(15, 3, 5, 'Tercer Grado Seccion:"E"', 1, 1, '2014-10-09 17:11:46', 1, '2014-10-09 17:11:46'),
(16, 4, 1, 'Cuarto Grado Seccion:"A"', 1, 1, '2014-10-09 17:19:25', 1, '2014-10-09 17:19:25'),
(17, 4, 2, 'Cuarto Grado Seccion:"B"', 1, 1, '2014-10-09 17:19:25', 1, '2014-10-09 17:19:25'),
(18, 4, 3, 'Cuarto Grado Seccion:"C"', 1, 1, '2014-10-09 17:19:25', 1, '2014-10-09 17:19:25'),
(19, 4, 4, 'Cuarto Grado Seccion:"D"', 1, 1, '2014-10-09 17:19:25', 1, '2014-10-09 17:19:25'),
(20, 4, 5, 'Cuarto Grado Seccion:"E"', 1, 1, '2014-10-09 17:19:25', 1, '2014-10-09 17:19:25'),
(21, 5, 1, 'Quinto Grado Seccion:"A"', 1, 1, '2014-10-09 17:20:50', 1, '2014-10-09 17:20:50'),
(22, 5, 2, 'Quinto Grado Seccion:"B"', 1, 1, '2014-10-09 17:20:50', 1, '2014-10-09 17:20:50'),
(23, 5, 3, 'Quinto Grado Seccion:"C"', 1, 1, '2014-10-09 17:20:50', 1, '2014-10-09 17:20:50'),
(24, 5, 4, 'Quinto Grado Seccion:"D"', 1, 1, '2014-10-09 17:20:50', 1, '2014-10-09 17:20:50'),
(25, 5, 5, 'Quinto Grado Seccion:"E"', 1, 1, '2014-10-09 17:20:50', 1, '2014-10-09 17:20:50'),
(26, 6, 1, 'Sexto Grado Seccion:"A"', 1, 1, '2014-10-09 17:22:29', 1, '2014-10-09 17:22:29'),
(27, 6, 2, 'Sexto Grado Seccion:"B"', 1, 1, '2014-10-09 17:22:29', 1, '2014-10-09 17:22:29'),
(28, 6, 3, 'Sexto Grado Seccion:"C"', 1, 1, '2014-10-09 17:22:29', 1, '2014-10-09 17:22:29'),
(29, 6, 4, 'Sexto Grado Seccion:"D"', 1, 1, '2014-10-09 17:22:29', 1, '2014-10-09 17:22:29'),
(30, 6, 5, 'Sexto Grado Seccion:"E"', 1, 1, '2014-10-09 17:22:29', 1, '2014-10-09 17:22:29');

-- --------------------------------------------------------

--
-- Estructura de tabla para la tabla `estado`
--

CREATE TABLE IF NOT EXISTS `estado` (
`cod_est` int(2) unsigned NOT NULL,
  `des_est` varchar(100) NOT NULL,
  `status` tinyint(1) unsigned NOT NULL DEFAULT '1',
  `cod_pa_reg` int(11) NOT NULL,
  `fec_reg` timestamp NOT NULL DEFAULT CURRENT_TIMESTAMP,
  `cod_pa_mod` int(11) NOT NULL,
  `fec_mod` timestamp NOT NULL DEFAULT CURRENT_TIMESTAMP
) ENGINE=InnoDB  DEFAULT CHARSET=latin1 AUTO_INCREMENT=25 ;

--
-- Volcado de datos para la tabla `estado`
--

INSERT INTO `estado` (`cod_est`, `des_est`, `status`, `cod_pa_reg`, `fec_reg`, `cod_pa_mod`, `fec_mod`) VALUES
(1, 'Distrito Capital', 1, 1, '2014-08-27 17:47:02', 1, '2014-08-27 17:47:02'),
(2, 'Anzoátegui', 1, 1, '2014-08-27 17:47:02', 1, '2014-08-27 17:47:02'),
(3, 'Amazonas', 1, 1, '2014-08-27 17:47:02', 1, '2014-08-27 17:47:02'),
(4, 'Apure', 1, 1, '2014-08-27 17:47:02', 1, '2014-08-27 17:47:02'),
(5, 'Aragua', 1, 1, '2014-08-27 17:47:02', 1, '2014-08-27 17:47:02'),
(6, 'Barinas', 1, 1, '2014-08-27 17:47:02', 1, '2014-08-27 17:47:02'),
(7, 'Bolívar', 1, 1, '2014-08-27 17:47:02', 1, '2014-08-27 17:47:02'),
(8, 'Carabobo', 1, 1, '2014-08-27 17:47:02', 1, '2014-08-27 17:47:02'),
(9, 'Cojedes', 1, 1, '2014-08-27 17:47:02', 1, '2014-08-27 17:47:02'),
(10, 'Delta Amacuro', 1, 1, '2014-08-27 17:47:02', 1, '2014-08-27 17:47:02'),
(11, 'Falcón', 1, 1, '2014-08-27 17:47:02', 1, '2014-08-27 17:47:02'),
(12, 'Guárico', 1, 1, '2014-08-27 17:47:02', 1, '2014-08-27 17:47:02'),
(13, 'Lara', 1, 1, '2014-08-27 17:47:02', 1, '2014-08-27 17:47:02'),
(14, 'Mérida', 1, 1, '2014-08-27 17:47:02', 1, '2014-08-27 17:47:02'),
(15, 'Miranda', 1, 1, '2014-08-27 17:47:02', 1, '2014-08-27 17:47:02'),
(16, 'Monagas', 1, 1, '2014-08-27 17:47:02', 1, '2014-08-27 17:47:02'),
(17, 'Nueva Esparta', 1, 1, '2014-08-27 17:47:02', 1, '2014-08-27 17:47:02'),
(18, 'Portuguesa', 1, 1, '2014-08-27 17:47:02', 1, '2014-08-27 17:47:02'),
(19, 'Sucre', 1, 1, '2014-08-27 17:47:02', 1, '2014-08-27 17:47:02'),
(20, 'Táchira', 1, 1, '2014-08-27 17:47:02', 1, '2014-08-27 17:47:02'),
(21, 'Trujillo', 1, 1, '2014-08-27 17:47:02', 1, '2014-08-27 17:47:02'),
(22, 'Yaracuy', 1, 1, '2014-08-27 17:47:02', 1, '2014-08-27 17:47:02'),
(23, 'Vargas', 1, 1, '2014-08-27 17:47:02', 1, '2014-08-27 17:47:02'),
(24, 'Zulia', 1, 1, '2014-08-27 17:47:02', 1, '2014-08-27 17:47:02');

-- --------------------------------------------------------

--
-- Estructura de tabla para la tabla `grados`
--

CREATE TABLE IF NOT EXISTS `grados` (
`cod_gra` tinyint(3) unsigned NOT NULL,
  `des_gra` varchar(15) NOT NULL,
  `status` tinyint(1) unsigned NOT NULL DEFAULT '1',
  `cod_pa_reg` int(11) NOT NULL,
  `fec_reg` timestamp NOT NULL DEFAULT CURRENT_TIMESTAMP,
  `cod_pa_mod` int(11) NOT NULL,
  `fec_mod` timestamp NOT NULL DEFAULT CURRENT_TIMESTAMP
) ENGINE=InnoDB  DEFAULT CHARSET=latin1 AUTO_INCREMENT=7 ;

--
-- Volcado de datos para la tabla `grados`
--

INSERT INTO `grados` (`cod_gra`, `des_gra`, `status`, `cod_pa_reg`, `fec_reg`, `cod_pa_mod`, `fec_mod`) VALUES
(1, '1ro', 1, 1, '2014-10-09 14:51:20', 1, '2014-10-09 14:51:20'),
(2, '2do', 1, 1, '2014-10-09 14:51:20', 1, '2014-10-09 14:51:20'),
(3, '3ro', 1, 1, '2014-10-09 14:57:06', 1, '2014-10-09 14:57:06'),
(4, '4t', 1, 1, '2014-10-09 14:57:06', 1, '2014-10-09 14:57:06'),
(5, '5to', 1, 1, '2014-10-09 14:57:06', 1, '2014-10-09 14:57:06'),
(6, '6to', 1, 1, '2014-10-09 14:57:06', 1, '2014-10-09 14:57:06');

-- --------------------------------------------------------

--
-- Estructura de tabla para la tabla `municipio`
--

CREATE TABLE IF NOT EXISTS `municipio` (
`cod_mun` int(5) unsigned NOT NULL,
  `cod_est` int(2) unsigned NOT NULL,
  `des_mun` varchar(100) NOT NULL,
  `status` tinyint(1) unsigned NOT NULL DEFAULT '1',
  `cod_pa_reg` int(11) NOT NULL,
  `fec_reg` timestamp NOT NULL DEFAULT CURRENT_TIMESTAMP,
  `cod_pa_mod` int(11) NOT NULL,
  `fec_mod` timestamp NOT NULL DEFAULT CURRENT_TIMESTAMP
) ENGINE=InnoDB  DEFAULT CHARSET=latin1 AUTO_INCREMENT=337 ;

--
-- Volcado de datos para la tabla `municipio`
--

INSERT INTO `municipio` (`cod_mun`, `cod_est`, `des_mun`, `status`, `cod_pa_reg`, `fec_reg`, `cod_pa_mod`, `fec_mod`) VALUES
(1, 1, 'Libertador', 1, 1, '2014-08-27 13:17:14', 1, '2014-08-27 13:17:14'),
(2, 15, 'Baruta', 1, 1, '2014-08-27 13:17:14', 1, '2014-08-27 13:17:14'),
(3, 15, 'Chacao', 1, 1, '2014-08-27 13:17:14', 1, '2014-08-27 13:17:14'),
(4, 15, 'Sucre', 1, 1, '2014-08-27 13:17:14', 1, '2014-08-27 13:17:14'),
(5, 15, 'El Hatillo', 1, 1, '2014-08-27 13:17:14', 1, '2014-08-27 13:17:14'),
(6, 15, 'Acevedo', 1, 1, '2014-08-27 13:17:14', 1, '2014-08-27 13:17:14'),
(7, 15, 'Andres Bello', 1, 1, '2014-08-27 13:17:14', 1, '2014-08-27 13:17:14'),
(8, 15, 'Brion', 1, 1, '2014-08-27 13:17:14', 1, '2014-08-27 13:17:14'),
(9, 15, 'Buroz', 1, 1, '2014-08-27 13:17:14', 1, '2014-08-27 13:17:14'),
(10, 15, 'Carrizal', 1, 1, '2014-08-27 13:17:14', 1, '2014-08-27 13:17:14'),
(11, 15, 'Cristobal Rojas', 1, 1, '2014-08-27 13:17:14', 1, '2014-08-27 13:17:14'),
(12, 15, 'Guacaipuro', 1, 1, '2014-08-27 13:17:14', 1, '2014-08-27 13:17:14'),
(13, 15, 'Independencia', 1, 1, '2014-08-27 13:17:14', 1, '2014-08-27 13:17:14'),
(14, 15, 'Lander', 1, 1, '2014-08-27 13:17:14', 1, '2014-08-27 13:17:14'),
(15, 15, 'Los Salias', 1, 1, '2014-08-27 13:17:14', 1, '2014-08-27 13:17:14'),
(16, 15, 'Paez', 1, 1, '2014-08-27 13:17:14', 1, '2014-08-27 13:17:14'),
(17, 15, 'Paz Castillo', 1, 1, '2014-08-27 13:17:14', 1, '2014-08-27 13:17:14'),
(18, 15, 'Pedro Gual', 1, 1, '2014-08-27 13:17:14', 1, '2014-08-27 13:17:14'),
(19, 15, 'Plaza', 1, 1, '2014-08-27 13:17:14', 1, '2014-08-27 13:17:14'),
(20, 15, 'Simon Bolivar', 1, 1, '2014-08-27 13:17:14', 1, '2014-08-27 13:17:14'),
(21, 15, 'Urdaneta', 1, 1, '2014-08-27 13:17:14', 1, '2014-08-27 13:17:14'),
(22, 15, 'Zamora', 1, 1, '2014-08-27 13:17:14', 1, '2014-08-27 13:17:14'),
(23, 23, 'Vargas', 1, 1, '2014-08-27 13:17:14', 1, '2014-08-27 13:17:14'),
(24, 12, 'Camaguan', 1, 1, '2014-08-27 13:17:14', 1, '2014-08-27 13:17:14'),
(25, 12, 'Chaguaramas', 1, 1, '2014-08-27 13:17:14', 1, '2014-08-27 13:17:14'),
(26, 12, 'El Socorro', 1, 1, '2014-08-27 13:17:14', 1, '2014-08-27 13:17:14'),
(27, 12, 'Francisco de Miranda', 1, 1, '2014-08-27 13:17:14', 1, '2014-08-27 13:17:14'),
(28, 12, 'Jose Felix Ribas', 1, 1, '2014-08-27 13:17:14', 1, '2014-08-27 13:17:14'),
(29, 12, 'Jose Tadeo Monagas', 1, 1, '2014-08-27 13:17:14', 1, '2014-08-27 13:17:14'),
(30, 12, 'Juan German Roscio', 1, 1, '2014-08-27 13:17:14', 1, '2014-08-27 13:17:14'),
(31, 12, 'Julian Mellado', 1, 1, '2014-08-27 13:17:14', 1, '2014-08-27 13:17:14'),
(32, 12, 'Las Mercedes del Llano', 1, 1, '2014-08-27 13:17:14', 1, '2014-08-27 13:17:14'),
(33, 12, 'Leonardo Infante', 1, 1, '2014-08-27 13:17:14', 1, '2014-08-27 13:17:14'),
(34, 12, 'Ortiz', 1, 1, '2014-08-27 13:17:14', 1, '2014-08-27 13:17:14'),
(35, 12, 'Pedro Zaraza', 1, 1, '2014-08-27 13:17:14', 1, '2014-08-27 13:17:14'),
(36, 12, 'San Geronimo de Guayabal', 1, 1, '2014-08-27 13:17:14', 1, '2014-08-27 13:17:14'),
(37, 12, 'San Jose de Guaribe', 1, 1, '2014-08-27 13:17:14', 1, '2014-08-27 13:17:14'),
(38, 12, 'Santa Maria de Ipire', 1, 1, '2014-08-27 13:17:14', 1, '2014-08-27 13:17:14'),
(39, 5, 'Bolivar', 1, 1, '2014-08-27 13:17:14', 1, '2014-08-27 13:17:14'),
(41, 5, 'Camatagua', 1, 1, '2014-08-27 13:17:14', 1, '2014-08-27 13:17:14'),
(42, 5, 'Francisco Linares', 1, 1, '2014-08-27 13:17:14', 1, '2014-08-27 13:17:14'),
(43, 5, 'Giradot', 1, 1, '2014-08-27 13:17:14', 1, '2014-08-27 13:17:14'),
(44, 5, 'Jose Angel Lamas', 1, 1, '2014-08-27 13:17:14', 1, '2014-08-27 13:17:14'),
(45, 5, 'Jose Felix Ribas', 1, 1, '2014-08-27 13:17:14', 1, '2014-08-27 13:17:14'),
(46, 5, 'Jose Revenga', 1, 1, '2014-08-27 13:17:14', 1, '2014-08-27 13:17:14'),
(47, 5, 'Libertador', 1, 1, '2014-08-27 13:17:14', 1, '2014-08-27 13:17:14'),
(48, 5, 'Mario Iragorry', 1, 1, '2014-08-27 13:17:14', 1, '2014-08-27 13:17:14'),
(49, 5, 'Ocumare de la costa', 1, 1, '2014-08-27 13:17:14', 1, '2014-08-27 13:17:14'),
(50, 5, 'San Casimiro', 1, 1, '2014-08-27 13:17:14', 1, '2014-08-27 13:17:14'),
(51, 5, 'San Sebastian', 1, 1, '2014-08-27 13:17:14', 1, '2014-08-27 13:17:14'),
(52, 5, 'Santiago Mariño', 1, 1, '2014-08-27 13:17:14', 1, '2014-08-27 13:17:14'),
(53, 5, 'Santos Michelena', 1, 1, '2014-08-27 13:17:14', 1, '2014-08-27 13:17:14'),
(54, 5, 'Sucre', 1, 1, '2014-08-27 13:17:14', 1, '2014-08-27 13:17:14'),
(55, 5, 'Tovar', 1, 1, '2014-08-27 13:17:14', 1, '2014-08-27 13:17:14'),
(56, 5, 'Urdaneta', 1, 1, '2014-08-27 13:17:14', 1, '2014-08-27 13:17:14'),
(57, 5, 'Zamora', 1, 1, '2014-08-27 13:17:14', 1, '2014-08-27 13:17:14'),
(58, 8, 'Bejuma', 1, 1, '2014-08-27 13:17:14', 1, '2014-08-27 13:17:14'),
(59, 8, 'Carlos Arevalo', 1, 1, '2014-08-27 13:17:14', 1, '2014-08-27 13:17:14'),
(60, 8, 'Diego Ibarra', 1, 1, '2014-08-27 13:17:14', 1, '2014-08-27 13:17:14'),
(61, 8, 'Guacara', 1, 1, '2014-08-27 13:17:14', 1, '2014-08-27 13:17:14'),
(62, 8, 'Juan Jose Mora', 1, 1, '2014-08-27 13:17:14', 1, '2014-08-27 13:17:14'),
(63, 8, 'Libertador', 1, 1, '2014-08-27 13:17:14', 1, '2014-08-27 13:17:14'),
(64, 8, 'Los Guayos', 1, 1, '2014-08-27 13:17:14', 1, '2014-08-27 13:17:14'),
(65, 8, 'Miranda', 1, 1, '2014-08-27 13:17:14', 1, '2014-08-27 13:17:14'),
(66, 8, 'Montalban', 1, 1, '2014-08-27 13:17:14', 1, '2014-08-27 13:17:14'),
(67, 8, 'Naguanagua', 1, 1, '2014-08-27 13:17:14', 1, '2014-08-27 13:17:14'),
(68, 8, 'Puerto Cabello', 1, 1, '2014-08-27 13:17:14', 1, '2014-08-27 13:17:14'),
(69, 8, 'San Diego', 1, 1, '2014-08-27 13:17:14', 1, '2014-08-27 13:17:14'),
(70, 8, 'San Joaquin', 1, 1, '2014-08-27 13:17:14', 1, '2014-08-27 13:17:14'),
(71, 8, 'Valencia', 1, 1, '2014-08-27 13:17:14', 1, '2014-08-27 13:17:14'),
(72, 2, 'Anaco', 1, 1, '2014-10-19 03:58:14', 1, '2014-10-19 03:58:14'),
(73, 2, 'Aragua', 1, 1, '2014-10-19 04:02:09', 1, '2014-10-19 04:02:09'),
(74, 2, 'Bolivar', 1, 1, '2014-10-19 04:02:09', 1, '2014-10-19 04:02:09'),
(75, 2, 'Bruzual', 1, 1, '2014-10-19 04:04:23', 1, '2014-10-19 04:04:23'),
(76, 2, 'Cajigal', 1, 1, '2014-10-19 04:04:23', 1, '2014-10-19 04:04:23'),
(77, 2, 'Carvajal', 1, 1, '2014-10-19 04:07:52', 1, '2014-10-19 04:07:52'),
(78, 2, 'Diego Bautista Urbaneja', 1, 1, '2014-10-19 04:07:52', 1, '2014-10-19 04:07:52'),
(79, 2, 'Freites', 1, 1, '2014-10-19 04:08:28', 1, '2014-10-19 04:08:28'),
(80, 2, 'Guanipa', 1, 1, '2014-10-19 04:09:12', 1, '2014-10-19 04:09:12'),
(81, 2, 'Guanta', 1, 1, '2014-10-19 04:11:28', 1, '2014-10-19 04:11:28'),
(82, 2, 'Independencia', 1, 1, '2014-10-19 04:11:54', 1, '2014-10-19 04:11:54'),
(83, 2, 'Libertad', 1, 1, '2014-10-19 04:14:16', 1, '2014-10-19 04:14:16'),
(84, 2, 'Mcgregor', 1, 1, '2014-10-19 04:14:16', 1, '2014-10-19 04:14:16'),
(85, 2, 'Miranda', 1, 1, '2014-10-19 04:20:07', 1, '2014-10-19 04:20:07'),
(86, 2, 'Monagas', 1, 1, '2014-10-19 04:20:07', 1, '2014-10-19 04:20:07'),
(87, 2, 'Peñalver', 1, 1, '2014-10-19 04:20:07', 1, '2014-10-19 04:20:07'),
(88, 2, 'Piritu', 1, 1, '2014-10-19 04:20:07', 1, '2014-10-19 04:20:07'),
(89, 2, 'San Juan de Capistrano', 1, 1, '2014-10-19 04:20:07', 1, '2014-10-19 04:20:07'),
(90, 2, 'Santa Ana', 1, 1, '2014-10-19 04:20:07', 1, '2014-10-19 04:20:07'),
(91, 2, 'Simón Rodriguez', 1, 1, '2014-10-19 04:20:07', 1, '2014-10-19 04:20:07'),
(92, 2, 'Sotillo', 1, 1, '2014-10-19 04:20:07', 1, '2014-10-19 04:20:07'),
(93, 3, 'Alto Orinoco', 1, 1, '2014-10-19 04:26:40', 1, '2014-10-19 04:26:40'),
(94, 3, 'Atabapo', 1, 1, '2014-10-19 04:26:40', 1, '2014-10-19 04:26:40'),
(95, 3, 'Atures', 1, 1, '2014-10-19 04:26:40', 1, '2014-10-19 04:26:40'),
(96, 3, 'Autana', 1, 1, '2014-10-19 04:26:40', 1, '2014-10-19 04:26:40'),
(97, 3, 'Manapiare', 1, 1, '2014-10-19 04:26:40', 1, '2014-10-19 04:26:40'),
(98, 3, 'Maroa', 1, 1, '2014-10-19 04:26:40', 1, '2014-10-19 04:26:40'),
(99, 3, 'Rio Negro', 1, 1, '2014-10-19 04:26:40', 1, '2014-10-19 04:26:40'),
(100, 4, 'Achaguas', 1, 1, '2014-10-19 04:34:41', 1, '2014-10-19 04:34:41'),
(101, 4, 'Biruaca', 1, 1, '2014-10-19 04:34:41', 1, '2014-10-19 04:34:41'),
(102, 4, 'Muños', 1, 1, '2014-10-19 04:34:41', 1, '2014-10-19 04:34:41'),
(103, 4, 'Paez', 1, 1, '2014-10-19 04:34:41', 1, '2014-10-19 04:34:41'),
(104, 4, 'Pedro Camejo', 1, 1, '2014-10-19 04:34:41', 1, '2014-10-19 04:34:41'),
(105, 4, 'Romulo Gallegos', 1, 1, '2014-10-19 04:34:41', 1, '2014-10-19 04:34:41'),
(106, 4, 'San Fernando', 1, 1, '2014-10-19 04:34:41', 1, '2014-10-19 04:34:41'),
(107, 6, 'Alberto Arvelo Torrealba', 1, 1, '2014-10-19 04:46:54', 1, '2014-10-19 04:46:54'),
(108, 6, 'Andrés Eloy Blanco', 1, 1, '2014-10-19 04:46:54', 1, '2014-10-19 04:46:54'),
(109, 6, 'Antonio José de Sucre', 1, 1, '2014-10-19 04:46:54', 1, '2014-10-19 04:46:54'),
(110, 6, 'Arismendi', 1, 1, '2014-10-19 04:46:54', 1, '2014-10-19 04:46:54'),
(111, 6, 'Barinas', 1, 1, '2014-10-19 04:46:54', 1, '2014-10-19 04:46:54'),
(112, 6, 'Bolívar', 1, 1, '2014-10-19 04:46:54', 1, '2014-10-19 04:46:54'),
(113, 6, 'Cruz Paredes', 1, 1, '2014-10-19 04:46:54', 1, '2014-10-19 04:46:54'),
(114, 6, 'Ezequiel Zamora', 1, 1, '2014-10-19 04:46:54', 1, '2014-10-19 04:46:54'),
(115, 6, 'Obispos', 1, 1, '2014-10-19 04:46:54', 1, '2014-10-19 04:46:54'),
(116, 6, 'Pedraza', 1, 1, '2014-10-19 04:46:54', 1, '2014-10-19 04:46:54'),
(117, 6, 'Rojas', 1, 1, '2014-10-19 04:46:54', 1, '2014-10-19 04:46:54'),
(118, 6, 'Sosa', 1, 1, '2014-10-19 04:46:54', 1, '2014-10-19 04:46:54'),
(119, 7, 'Caroní', 1, 1, '2014-10-19 04:54:11', 1, '2014-10-19 04:54:11'),
(120, 7, 'Cedeño', 1, 1, '2014-10-19 04:54:11', 1, '2014-10-19 04:54:11'),
(121, 7, 'El Callao', 1, 1, '2014-10-19 04:54:11', 1, '2014-10-19 04:54:11'),
(122, 7, 'Gran Sabana', 1, 1, '2014-10-19 04:54:11', 1, '2014-10-19 04:54:11'),
(123, 7, 'Heres', 1, 1, '2014-10-19 04:54:11', 1, '2014-10-19 04:54:11'),
(124, 7, 'Piar', 1, 1, '2014-10-19 04:54:11', 1, '2014-10-19 04:54:11'),
(125, 7, 'Raul Leoni', 1, 1, '2014-10-19 04:54:11', 1, '2014-10-19 04:54:11'),
(126, 7, 'Roscio', 1, 1, '2014-10-19 04:54:11', 1, '2014-10-19 04:54:11'),
(127, 7, 'Sifontes', 1, 1, '2014-10-19 04:54:11', 1, '2014-10-19 04:54:11'),
(128, 7, 'Sucre', 1, 1, '2014-10-19 04:54:11', 1, '2014-10-19 04:54:11'),
(129, 7, 'Padre Pedro Chen', 1, 1, '2014-10-19 04:54:11', 1, '2014-10-19 04:54:11'),
(130, 9, 'Anzoategui', 1, 1, '2014-10-19 05:02:48', 1, '2014-10-19 05:02:48'),
(131, 9, 'Falcon', 1, 1, '2014-10-19 05:02:48', 1, '2014-10-19 05:02:48'),
(132, 9, 'Giraldot', 1, 1, '2014-10-19 05:02:48', 1, '2014-10-19 05:02:48'),
(133, 9, 'Lima Blanco', 1, 1, '2014-10-19 05:02:48', 1, '2014-10-19 05:02:48'),
(134, 9, 'Pao de San Juan Bautista', 1, 1, '2014-10-19 05:02:48', 1, '2014-10-19 05:02:48'),
(135, 9, 'Ricaurte', 1, 1, '2014-10-19 05:02:48', 1, '2014-10-19 05:02:48'),
(136, 9, 'Rómulo Gallegos', 1, 1, '2014-10-19 05:02:48', 1, '2014-10-19 05:02:48'),
(137, 9, 'San Carlos', 1, 1, '2014-10-19 05:02:48', 1, '2014-10-19 05:02:48'),
(138, 9, 'Tinaco', 1, 1, '2014-10-19 05:02:48', 1, '2014-10-19 05:02:48'),
(139, 10, 'Antonio Díaz', 1, 1, '2014-10-19 05:05:44', 1, '2014-10-19 05:05:44'),
(140, 10, 'Casacoima', 1, 1, '2014-10-19 05:05:44', 1, '2014-10-19 05:05:44'),
(141, 10, 'Pedernales', 1, 1, '2014-10-19 05:05:44', 1, '2014-10-19 05:05:44'),
(142, 10, 'Tucupita', 1, 1, '2014-10-19 05:05:44', 1, '2014-10-19 05:05:44'),
(143, 11, 'Acosta', 1, 1, '2014-10-19 05:25:21', 1, '2014-10-19 05:25:21'),
(144, 11, 'Bolívar', 1, 1, '2014-10-19 05:25:21', 1, '2014-10-19 05:25:21'),
(145, 11, 'Buchivacoa', 1, 1, '2014-10-19 05:25:21', 1, '2014-10-19 05:25:21'),
(146, 11, 'Cacique Manaure', 1, 1, '2014-10-19 05:25:21', 1, '2014-10-19 05:25:21'),
(147, 11, 'Carirubana', 1, 1, '2014-10-19 05:25:21', 1, '2014-10-19 05:25:21'),
(148, 11, 'Colina', 1, 1, '2014-10-19 05:25:21', 1, '2014-10-19 05:25:21'),
(149, 11, 'Dabajuro', 1, 1, '2014-10-19 05:25:21', 1, '2014-10-19 05:25:21'),
(150, 11, 'Democracia', 1, 1, '2014-10-19 05:25:21', 1, '2014-10-19 05:25:21'),
(151, 11, 'Falcón', 1, 1, '2014-10-19 05:25:21', 1, '2014-10-19 05:25:21'),
(152, 11, 'Federacion', 1, 1, '2014-10-19 05:25:21', 1, '2014-10-19 05:25:21'),
(153, 11, 'Jacura', 1, 1, '2014-10-19 05:25:21', 1, '2014-10-19 05:25:21'),
(154, 11, 'Los Taques', 1, 1, '2014-10-19 05:25:21', 1, '2014-10-19 05:25:21'),
(155, 11, 'Mauroa', 1, 1, '2014-10-19 05:25:21', 1, '2014-10-19 05:25:21'),
(156, 11, 'Miranda', 1, 1, '2014-10-19 05:25:21', 1, '2014-10-19 05:25:21'),
(157, 11, 'Monseñor Iturriza', 1, 1, '2014-10-19 05:25:21', 1, '2014-10-19 05:25:21'),
(158, 11, 'Palmasola', 1, 1, '2014-10-19 05:25:21', 1, '2014-10-19 05:25:21'),
(159, 11, 'Petit', 1, 1, '2014-10-19 05:25:21', 1, '2014-10-19 05:25:21'),
(160, 11, 'Piritu', 1, 1, '2014-10-19 05:25:21', 1, '2014-10-19 05:25:21'),
(161, 11, 'San Francisco', 1, 1, '2014-10-19 05:25:21', 1, '2014-10-19 05:25:21'),
(162, 11, 'Silva', 1, 1, '2014-10-19 05:25:21', 1, '2014-10-19 05:25:21'),
(163, 11, 'Sucre', 1, 1, '2014-10-19 05:25:21', 1, '2014-10-19 05:25:21'),
(164, 11, 'Tocopero', 1, 1, '2014-10-19 05:25:21', 1, '2014-10-19 05:25:21'),
(165, 11, 'Union', 1, 1, '2014-10-19 05:25:21', 1, '2014-10-19 05:25:21'),
(166, 11, 'Urumaco', 1, 1, '2014-10-19 05:25:21', 1, '2014-10-19 05:25:21'),
(167, 11, 'Zamora', 1, 1, '2014-10-19 05:25:21', 1, '2014-10-19 05:25:21'),
(168, 13, 'Andrés Eloy Blanco', 1, 1, '2014-10-19 05:35:12', 1, '2014-10-19 05:35:12'),
(169, 13, 'Crespo', 1, 1, '2014-10-19 05:35:12', 1, '2014-10-19 05:35:12'),
(170, 13, 'Iribarren', 1, 1, '2014-10-19 05:35:12', 1, '2014-10-19 05:35:12'),
(171, 13, 'Jiménez', 1, 1, '2014-10-19 05:35:12', 1, '2014-10-19 05:35:12'),
(172, 13, 'Morán', 1, 1, '2014-10-19 05:35:12', 1, '2014-10-19 05:35:12'),
(173, 13, 'Palavecino', 1, 1, '2014-10-19 05:35:12', 1, '2014-10-19 05:35:12'),
(174, 13, 'Simón Planas', 1, 1, '2014-10-19 05:35:12', 1, '2014-10-19 05:35:12'),
(175, 13, 'Torres', 1, 1, '2014-10-19 05:35:12', 1, '2014-10-19 05:35:12'),
(176, 13, 'Urdaneta', 1, 1, '2014-10-19 05:35:12', 1, '2014-10-19 05:35:12'),
(177, 14, 'Alberto Adriani', 1, 1, '2014-10-21 04:39:13', 1, '2014-10-21 04:39:13'),
(178, 14, 'Andrés Bello ', 1, 1, '2014-10-21 04:39:13', 1, '2014-10-21 04:39:13'),
(179, 14, 'Antonio Pinto Salinas ', 1, 1, '2014-10-21 04:39:13', 1, '2014-10-21 04:39:13'),
(180, 14, 'Acarigua', 1, 1, '2014-10-21 04:39:13', 1, '2014-10-21 04:39:13'),
(181, 14, 'Arzobispo Chacón', 1, 1, '2014-10-21 04:39:13', 1, '2014-10-21 04:39:13'),
(182, 14, 'Campo Elías', 1, 1, '2014-10-21 04:39:13', 1, '2014-10-21 04:39:13'),
(183, 14, 'Caracciolo Parra Olmedo ', 1, 1, '2014-10-21 04:39:13', 1, '2014-10-21 04:39:13'),
(184, 14, 'Cardenal Quintero', 1, 1, '2014-10-21 04:39:13', 1, '2014-10-21 04:39:13'),
(185, 14, 'Guaraque', 1, 1, '2014-10-21 04:39:13', 1, '2014-10-21 04:39:13'),
(186, 14, 'Julio César Salas ', 1, 1, '2014-10-21 04:39:13', 1, '2014-10-21 04:39:13'),
(187, 14, 'Justo Briceño', 1, 1, '2014-10-21 04:39:13', 1, '2014-10-21 04:39:13'),
(188, 14, 'Libertador', 1, 1, '2014-10-21 04:39:13', 1, '2014-10-21 04:39:13'),
(189, 14, 'Miranda', 1, 1, '2014-10-21 04:39:13', 1, '2014-10-21 04:39:13'),
(190, 14, 'Obispo Ramos de Lora ', 1, 1, '2014-10-21 04:39:13', 1, '2014-10-21 04:39:13'),
(191, 14, 'Padre Norega', 1, 1, '2014-10-21 04:39:13', 1, '2014-10-21 04:39:13'),
(192, 14, 'Pueblo Llano', 1, 1, '2014-10-21 04:39:13', 1, '2014-10-21 04:39:13'),
(193, 14, 'Rangel', 1, 1, '2014-10-21 04:39:13', 1, '2014-10-21 04:39:13'),
(194, 14, 'Rivas Dávila', 1, 1, '2014-10-21 04:39:13', 1, '2014-10-21 04:39:13'),
(195, 14, 'Santos Marquina', 1, 1, '2014-10-21 04:39:13', 1, '2014-10-21 04:39:13'),
(196, 14, 'Sucre', 1, 1, '2014-10-21 04:39:13', 1, '2014-10-21 04:39:13'),
(197, 14, 'Tovar', 1, 1, '2014-10-21 04:39:13', 1, '2014-10-21 04:39:13'),
(198, 14, 'Tulio Febres Cordero', 1, 1, '2014-10-21 04:39:13', 1, '2014-10-21 04:39:13'),
(199, 14, 'Zea', 1, 1, '2014-10-21 04:39:13', 1, '2014-10-21 04:39:13'),
(200, 16, 'Acosta', 1, 2, '2014-10-21 04:50:46', 2, '2014-10-21 04:50:46'),
(201, 16, 'Aguasay', 1, 1, '2014-10-21 04:50:46', 1, '2014-10-21 04:50:46'),
(202, 16, 'Bolívar', 1, 1, '2014-10-21 04:50:46', 1, '2014-10-21 04:50:46'),
(203, 16, 'Caripe', 1, 1, '2014-10-21 04:50:46', 1, '2014-10-21 04:50:46'),
(204, 16, 'Cedeño', 1, 1, '2014-10-21 04:50:46', 1, '2014-10-21 04:50:46'),
(205, 16, 'Ezequiel Zamora', 1, 1, '2014-10-21 04:50:46', 1, '2014-10-21 04:50:46'),
(206, 16, 'Libertador', 1, 1, '2014-10-21 04:50:46', 1, '2014-10-21 04:50:46'),
(207, 16, 'Maturín', 1, 1, '2014-10-21 04:50:46', 1, '2014-10-21 04:50:46'),
(208, 16, 'Piar', 1, 1, '2014-10-21 04:50:46', 1, '2014-10-21 04:50:46'),
(209, 16, 'Punceres', 1, 1, '2014-10-21 04:50:46', 1, '2014-10-21 04:50:46'),
(210, 16, 'Santa Bárbara', 1, 1, '2014-10-21 04:50:46', 1, '2014-10-21 04:50:46'),
(211, 16, 'Sotillo', 1, 1, '2014-10-21 04:50:46', 1, '2014-10-21 04:50:46'),
(212, 16, 'Uracoa', 1, 1, '2014-10-21 04:50:46', 1, '2014-10-21 04:50:46'),
(213, 17, 'Antolín del Campo', 1, 1, '2014-10-21 04:57:32', 1, '2014-10-21 04:57:32'),
(214, 17, 'Arismendi', 1, 1, '2014-10-21 04:57:32', 1, '2014-10-21 04:57:32'),
(215, 17, 'Díaz', 1, 1, '2014-10-21 04:57:32', 1, '2014-10-21 04:57:32'),
(216, 17, 'García', 1, 1, '2014-10-21 04:57:32', 1, '2014-10-21 04:57:32'),
(217, 17, 'Gómez', 1, 1, '2014-10-21 04:57:32', 1, '2014-10-21 04:57:32'),
(218, 17, 'Maneiro', 1, 1, '2014-10-21 04:57:32', 1, '2014-10-21 04:57:32'),
(219, 17, 'Marcano', 1, 1, '2014-10-21 04:57:32', 1, '2014-10-21 04:57:32'),
(220, 17, 'Mariño', 1, 1, '2014-10-21 04:57:32', 1, '2014-10-21 04:57:32'),
(221, 17, 'Península de Macanao', 1, 1, '2014-10-21 04:57:32', 1, '2014-10-21 04:57:32'),
(222, 17, 'Tubores', 1, 1, '2014-10-21 04:57:32', 1, '2014-10-21 04:57:32'),
(223, 17, 'Villalba', 1, 1, '2014-10-21 04:57:32', 1, '2014-10-21 04:57:32'),
(224, 18, 'Agua Blanca', 1, 1, '2014-10-21 16:45:56', 1, '2014-10-21 16:45:56'),
(225, 18, 'Araure', 1, 1, '2014-10-21 16:45:56', 1, '2014-10-21 16:45:56'),
(226, 18, 'Esteller', 1, 1, '2014-10-21 16:45:56', 1, '2014-10-21 16:45:56'),
(227, 18, 'Guanare', 1, 1, '2014-10-21 16:45:56', 1, '2014-10-21 16:45:56'),
(228, 18, 'Guanarito', 1, 1, '2014-10-21 16:45:56', 1, '2014-10-21 16:45:56'),
(229, 18, 'Monseñor José Vicenti de Unda', 1, 1, '2014-10-21 16:45:56', 1, '2014-10-21 16:45:56'),
(230, 18, 'Ospino', 1, 1, '2014-10-21 16:45:56', 1, '2014-10-21 16:45:56'),
(231, 18, 'Páez', 1, 1, '2014-10-21 16:45:56', 1, '2014-10-21 16:45:56'),
(232, 18, 'Papelón', 1, 1, '2014-10-21 16:45:56', 1, '2014-10-21 16:45:56'),
(233, 18, 'San Genaro de Boconoíto', 1, 1, '2014-10-21 16:45:56', 1, '2014-10-21 16:45:56'),
(234, 18, 'San Rafael de Onoto', 1, 1, '2014-10-21 16:45:56', 1, '2014-10-21 16:45:56'),
(235, 18, 'Santa Rosalía', 1, 1, '2014-10-21 16:45:56', 1, '2014-10-21 16:45:56'),
(236, 18, 'Sucre', 1, 1, '2014-10-21 16:45:56', 1, '2014-10-21 16:45:56'),
(237, 18, 'Turén', 1, 1, '2014-10-21 16:45:56', 1, '2014-10-21 16:45:56'),
(238, 19, 'Andrés Eloy Blanco19', 1, 1, '2014-10-21 16:51:55', 1, '2014-10-21 16:51:55'),
(239, 19, 'Andrés Mata', 1, 1, '2014-10-21 16:51:55', 1, '2014-10-21 16:51:55'),
(240, 19, 'Arismendi', 1, 1, '2014-10-21 16:51:55', 1, '2014-10-21 16:51:55'),
(241, 19, 'Benítez', 1, 1, '2014-10-21 16:51:55', 1, '2014-10-21 16:51:55'),
(242, 19, 'Beremúdez', 1, 1, '2014-10-21 16:51:55', 1, '2014-10-21 16:51:55'),
(243, 19, 'Bolívar', 1, 1, '2014-10-21 16:51:55', 1, '2014-10-21 16:51:55'),
(244, 19, 'Cagigal', 1, 1, '2014-10-21 16:51:55', 1, '2014-10-21 16:51:55'),
(245, 19, 'Cruz Salmerón Acosta', 1, 1, '2014-10-21 16:51:55', 1, '2014-10-21 16:51:55'),
(246, 19, 'Libertador', 1, 1, '2014-10-21 16:51:55', 1, '2014-10-21 16:51:55'),
(247, 19, 'Mariño', 1, 1, '2014-10-21 16:51:55', 1, '2014-10-21 16:51:55'),
(248, 19, 'Mejía', 1, 1, '2014-10-21 16:51:55', 1, '2014-10-21 16:51:55'),
(249, 19, 'Montes', 1, 1, '2014-10-21 16:51:55', 1, '2014-10-21 16:51:55'),
(250, 19, 'Ribero', 1, 1, '2014-10-21 16:51:55', 1, '2014-10-21 16:51:55'),
(251, 19, 'Sucre', 1, 1, '2014-10-21 16:51:55', 1, '2014-10-21 16:51:55'),
(252, 19, 'Valdez', 1, 1, '2014-10-21 16:51:55', 1, '2014-10-21 16:51:55'),
(253, 20, 'Andrés Bello', 1, 1, '2014-10-21 17:22:44', 1, '2014-10-21 17:22:44'),
(254, 20, 'Antonio Rómulo Costa', 1, 1, '2014-10-21 17:22:44', 1, '2014-10-21 17:22:44'),
(255, 20, 'Ayacucho', 1, 1, '2014-10-21 17:22:44', 1, '2014-10-21 17:22:44'),
(256, 20, 'Bolívar', 1, 1, '2014-10-21 17:22:44', 1, '2014-10-21 17:22:44'),
(257, 20, 'Cárdenas', 1, 1, '2014-10-21 17:22:44', 1, '2014-10-21 17:22:44'),
(258, 20, 'Córdova', 1, 1, '2014-10-21 17:22:44', 1, '2014-10-21 17:22:44'),
(259, 20, 'Fernández Feo', 1, 1, '2014-10-21 17:22:44', 1, '2014-10-21 17:22:44'),
(260, 20, 'Francisco de Miranda', 1, 1, '2014-10-21 17:22:44', 1, '2014-10-21 17:22:44'),
(261, 20, 'García de Hevia', 1, 1, '2014-10-21 17:22:44', 1, '2014-10-21 17:22:44'),
(262, 20, 'Guásimos', 1, 1, '2014-10-21 17:22:44', 1, '2014-10-21 17:22:44'),
(263, 20, 'Independencia', 1, 1, '2014-10-21 17:22:44', 1, '2014-10-21 17:22:44'),
(264, 20, 'Jáuregui', 1, 1, '2014-10-21 17:22:44', 1, '2014-10-21 17:22:44'),
(265, 20, 'José María Vargas', 1, 1, '2014-10-21 17:22:44', 1, '2014-10-21 17:22:44'),
(266, 20, 'Junín', 1, 1, '2014-10-21 17:22:44', 1, '2014-10-21 17:22:44'),
(267, 20, 'Libertad', 1, 1, '2014-10-21 17:22:44', 1, '2014-10-21 17:22:44'),
(268, 20, 'Libertador', 1, 1, '2014-10-21 17:22:44', 1, '2014-10-21 17:22:44'),
(269, 20, 'Lobatera', 1, 1, '2014-10-21 17:22:44', 1, '2014-10-21 17:22:44'),
(270, 20, 'Michelena', 1, 1, '2014-10-21 17:22:44', 1, '2014-10-21 17:22:44'),
(271, 20, 'Panamericano', 1, 1, '2014-10-21 17:22:44', 1, '2014-10-21 17:22:44'),
(272, 20, 'Pedro María Ureña', 1, 1, '2014-10-21 17:22:44', 1, '2014-10-21 17:22:44'),
(273, 20, 'Rafael Urdaneta', 1, 1, '2014-10-21 17:22:44', 1, '2014-10-21 17:22:44'),
(274, 20, 'Samuel Darío Maldonado', 1, 1, '2014-10-21 17:22:44', 1, '2014-10-21 17:22:44'),
(275, 20, 'San Cristóbal', 1, 1, '2014-10-21 17:22:44', 1, '2014-10-21 17:22:44'),
(276, 20, 'Seboruco', 1, 1, '2014-10-21 17:22:44', 1, '2014-10-21 17:22:44'),
(277, 20, 'Simón Rodríguez', 1, 1, '2014-10-21 17:22:44', 1, '2014-10-21 17:22:44'),
(278, 20, 'Sucre', 1, 1, '2014-10-21 17:22:44', 1, '2014-10-21 17:22:44'),
(279, 20, 'Torbes', 1, 1, '2014-10-21 17:22:44', 1, '2014-10-21 17:22:44'),
(280, 20, 'Uribante', 1, 1, '2014-10-21 17:22:44', 1, '2014-10-21 17:22:44'),
(281, 20, 'San Judas Tadeo', 1, 1, '2014-10-21 17:22:44', 1, '2014-10-21 17:22:44'),
(282, 21, 'Andrés Bello', 1, 1, '2014-10-21 17:49:50', 1, '2014-10-21 17:49:50'),
(283, 21, 'Boconó', 1, 1, '2014-10-21 17:49:50', 1, '2014-10-21 17:49:50'),
(284, 21, 'Bolívar', 1, 1, '2014-10-21 17:49:50', 1, '2014-10-21 17:49:50'),
(285, 21, 'Candelaria', 1, 1, '2014-10-21 17:49:50', 1, '2014-10-21 17:49:50'),
(286, 21, 'Carache', 1, 1, '2014-10-21 17:49:50', 1, '2014-10-21 17:49:50'),
(287, 21, 'Escuque', 1, 1, '2014-10-21 17:49:50', 1, '2014-10-21 17:49:50'),
(288, 21, 'José Felipe Márquez Cañizalez', 1, 1, '2014-10-21 17:49:50', 1, '2014-10-21 17:49:50'),
(289, 21, 'Juan Vicente Campos Elías', 1, 1, '2014-10-21 17:49:50', 1, '2014-10-21 17:49:50'),
(290, 21, 'La Ceiba', 1, 1, '2014-10-21 17:49:50', 1, '2014-10-21 17:49:50'),
(291, 21, 'Miranda', 1, 1, '2014-10-21 17:49:50', 1, '2014-10-21 17:49:50'),
(292, 21, 'Monte Carmelo', 1, 1, '2014-10-21 17:49:50', 1, '2014-10-21 17:49:50'),
(293, 21, 'Motatán', 1, 1, '2014-10-21 17:49:50', 1, '2014-10-21 17:49:50'),
(294, 21, 'Pampán', 1, 1, '2014-10-21 17:49:50', 1, '2014-10-21 17:49:50'),
(295, 21, 'Pampanito', 1, 1, '2014-10-21 17:49:50', 1, '2014-10-21 17:49:50'),
(296, 21, 'Rafael Rangel', 1, 1, '2014-10-21 17:49:50', 1, '2014-10-21 17:49:50'),
(297, 21, 'San Rafael de Carvajal', 1, 1, '2014-10-21 17:49:50', 1, '2014-10-21 17:49:50'),
(298, 21, 'Sucre', 1, 1, '2014-10-21 17:49:50', 1, '2014-10-21 17:49:50'),
(299, 21, 'Trujillo', 1, 1, '2014-10-21 17:49:50', 1, '2014-10-21 17:49:50'),
(300, 21, 'Urdaneta', 1, 1, '2014-10-21 17:49:50', 1, '2014-10-21 17:49:50'),
(301, 21, 'Valera', 1, 1, '2014-10-21 17:49:50', 1, '2014-10-21 17:49:50'),
(302, 22, 'Veroes', 1, 1, '2014-10-21 18:33:56', 1, '2014-10-21 18:33:56'),
(303, 22, 'Arístides Bastidas', 1, 1, '2014-10-21 18:33:56', 1, '2014-10-21 18:33:56'),
(304, 22, 'Bolívar', 1, 1, '2014-10-21 18:33:56', 1, '2014-10-21 18:33:56'),
(305, 22, 'Bruzal', 1, 1, '2014-10-21 18:33:56', 1, '2014-10-21 18:33:56'),
(306, 22, 'Cocorote', 1, 1, '2014-10-21 18:33:56', 1, '2014-10-21 18:33:56'),
(307, 22, 'Independencia', 1, 1, '2014-10-21 18:33:56', 1, '2014-10-21 18:33:56'),
(308, 22, 'José Antonio Páez', 1, 1, '2014-10-21 18:33:56', 1, '2014-10-21 18:33:56'),
(309, 22, 'La Trinidad', 1, 1, '2014-10-21 18:33:56', 1, '2014-10-21 18:33:56'),
(310, 22, 'Manuel Monge', 1, 1, '2014-10-21 18:33:56', 1, '2014-10-21 18:33:56'),
(311, 22, 'Nirgua', 1, 1, '2014-10-21 18:33:56', 1, '2014-10-21 18:33:56'),
(312, 22, 'Peña', 1, 1, '2014-10-21 18:33:56', 1, '2014-10-21 18:33:56'),
(313, 22, 'San Felipe', 1, 1, '2014-10-21 18:33:56', 1, '2014-10-21 18:33:56'),
(314, 22, 'Sucre', 1, 1, '2014-10-21 18:33:56', 1, '2014-10-21 18:33:56'),
(315, 22, 'Urachiche', 1, 1, '2014-10-21 18:33:56', 1, '2014-10-21 18:33:56'),
(316, 24, 'Almirante Padilla', 1, 1, '2014-10-21 18:49:55', 1, '2014-10-21 18:49:55'),
(317, 24, 'Baralt', 1, 1, '2014-10-21 18:49:55', 1, '2014-10-21 18:49:55'),
(318, 24, 'Cabimas', 1, 1, '2014-10-21 18:49:55', 1, '2014-10-21 18:49:55'),
(319, 24, 'Catatumbo', 1, 1, '2014-10-21 18:49:55', 1, '2014-10-21 18:49:55'),
(320, 24, 'Colón', 1, 1, '2014-10-21 18:49:55', 1, '2014-10-21 18:49:55'),
(321, 24, 'Francisco Javier Pulgar', 1, 1, '2014-10-21 18:49:55', 1, '2014-10-21 18:49:55'),
(322, 24, 'Jesús Enrique Losada', 1, 1, '2014-10-21 18:49:55', 1, '2014-10-21 18:49:55'),
(323, 24, 'La Cañada de Urdaneta', 1, 1, '2014-10-21 18:49:55', 1, '2014-10-21 18:49:55'),
(324, 24, 'Lagunillas', 1, 1, '2014-10-21 18:49:55', 1, '2014-10-21 18:49:55'),
(325, 24, 'Machiques de Perijá', 1, 1, '2014-10-21 18:49:55', 1, '2014-10-21 18:49:55'),
(326, 24, 'Mara', 1, 1, '2014-10-21 18:49:55', 1, '2014-10-21 18:49:55'),
(327, 24, 'Maracaibo', 1, 1, '2014-10-21 18:49:55', 1, '2014-10-21 18:49:55'),
(328, 24, 'Miranda', 1, 1, '2014-10-21 18:49:55', 1, '2014-10-21 18:49:55'),
(329, 24, 'Páez', 1, 1, '2014-10-21 18:49:55', 1, '2014-10-21 18:49:55'),
(330, 24, 'Rosario de Perijá', 1, 1, '2014-10-21 18:49:55', 1, '2014-10-21 18:49:55'),
(331, 24, 'San Francisco', 1, 1, '2014-10-21 18:49:55', 1, '2014-10-21 18:49:55'),
(332, 24, 'Santa Rita', 1, 1, '2014-10-21 18:49:55', 1, '2014-10-21 18:49:55'),
(333, 24, 'Simón Bolívar', 1, 1, '2014-10-21 18:49:55', 1, '2014-10-21 18:49:55'),
(334, 24, 'Sucre', 1, 1, '2014-10-21 18:49:55', 1, '2014-10-21 18:49:55'),
(335, 24, 'Valmore Rodríguez', 1, 1, '2014-10-21 18:49:55', 1, '2014-10-21 18:49:55'),
(336, 24, 'Jesús María Semprún', 1, 1, '2014-10-21 18:50:28', 1, '2014-10-21 18:50:28');

-- --------------------------------------------------------

--
-- Estructura de tabla para la tabla `nivel_educativo`
--

CREATE TABLE IF NOT EXISTS `nivel_educativo` (
`cod_ne` tinyint(3) unsigned NOT NULL,
  `des_ne` varchar(20) NOT NULL,
  `status` tinyint(1) unsigned NOT NULL DEFAULT '1',
  `cod_pa_reg` int(11) NOT NULL,
  `fec_reg` timestamp NOT NULL DEFAULT CURRENT_TIMESTAMP,
  `cod_pa_mod` int(11) NOT NULL,
  `fec_mod` timestamp NOT NULL DEFAULT CURRENT_TIMESTAMP
) ENGINE=InnoDB  DEFAULT CHARSET=latin1 AUTO_INCREMENT=8 ;

--
-- Volcado de datos para la tabla `nivel_educativo`
--

INSERT INTO `nivel_educativo` (`cod_ne`, `des_ne`, `status`, `cod_pa_reg`, `fec_reg`, `cod_pa_mod`, `fec_mod`) VALUES
(1, 'Primaria', 1, 1, '2014-09-17 22:33:56', 1, '2014-09-17 22:33:56'),
(2, 'Secundaria', 1, 1, '2014-09-17 22:34:10', 1, '2014-09-17 22:34:10'),
(3, 'Técnico Medio', 1, 1, '2014-09-17 22:35:35', 1, '2014-09-17 22:35:35'),
(4, 'Técnico Superior', 1, 1, '2014-09-17 22:39:58', 1, '2014-09-17 22:39:58'),
(5, 'Universitario', 1, 1, '2014-09-17 22:40:12', 1, '2014-09-17 22:40:12'),
(6, 'Post-grado', 1, 1, '2014-10-21 16:27:47', 1, '2014-10-21 16:27:47'),
(7, 'Doctorado', 1, 1, '2014-10-21 16:27:47', 1, '2014-10-21 16:27:47');

-- --------------------------------------------------------

--
-- Estructura de tabla para la tabla `padres_representante`
--

CREATE TABLE IF NOT EXISTS `padres_representante` (
`cod_repre` int(10) unsigned NOT NULL,
  `ced_repre` varchar(8) NOT NULL,
  `nac` varchar(15) NOT NULL,
  `pnom` varchar(20) NOT NULL,
  `snom` varchar(20) DEFAULT NULL,
  `papelli` varchar(40) NOT NULL,
  `sapelli` varchar(20) DEFAULT NULL,
  `cod_sex` tinyint(1) unsigned NOT NULL,
  `fec_nac` date NOT NULL,
  `lug_nac` varchar(20) DEFAULT NULL,
  `tlf` varchar(11) DEFAULT NULL,
  `tlfo` varchar(11) DEFAULT NULL,
  `email` varchar(50) DEFAULT NULL,
  `paren` tinyint(2) unsigned NOT NULL,
  `vi_alu` enum('s','n') NOT NULL,
  `cod_est` int(10) unsigned NOT NULL,
  `cod_mun` int(10) unsigned NOT NULL,
  `cod_parro` int(10) unsigned NOT NULL,
  `dir` varchar(100) NOT NULL,
  `cod_ne` tinyint(3) unsigned NOT NULL,
  `prof` varchar(40) DEFAULT NULL,
  `lug_tra` varchar(50) DEFAULT NULL,
  `dir_tra` varchar(150) DEFAULT NULL,
  `tlf_tra` varchar(11) DEFAULT NULL,
  `status` tinyint(1) unsigned NOT NULL DEFAULT '1',
  `cod_pa_reg` int(11) NOT NULL,
  `fec_reg` timestamp NOT NULL DEFAULT CURRENT_TIMESTAMP,
  `cod_pa_mod` int(11) NOT NULL,
  `fec_mod` timestamp NOT NULL DEFAULT CURRENT_TIMESTAMP
) ENGINE=InnoDB  DEFAULT CHARSET=latin1 AUTO_INCREMENT=2 ;

--
-- Volcado de datos para la tabla `padres_representante`
--

INSERT INTO `padres_representante` (`cod_repre`, `ced_repre`, `nac`, `pnom`, `snom`, `papelli`, `sapelli`, `cod_sex`, `fec_nac`, `lug_nac`, `tlf`, `tlfo`, `email`, `paren`, `vi_alu`, `cod_est`, `cod_mun`, `cod_parro`, `dir`, `cod_ne`, `prof`, `lug_tra`, `dir_tra`, `tlf_tra`, `status`, `cod_pa_reg`, `fec_reg`, `cod_pa_mod`, `fec_mod`) VALUES
(1, '17639604', 'Venezolano', 'Andres', '', 'LEotur', '', 1, '2014-10-01', '3', '02124761155', '', '', 1, 's', 1, 1, 1, 'Caricuao', 1, 'AmadeCasa', 'EnalgunLugar', 'Porahi', '02124432903', 1, 1, '2014-10-30 17:03:59', 1, '2014-10-30 17:03:59');

-- --------------------------------------------------------

--
-- Estructura de tabla para la tabla `parentesco`
--

CREATE TABLE IF NOT EXISTS `parentesco` (
  `cod_par` tinyint(2) unsigned NOT NULL,
  `des_par` varchar(30) NOT NULL,
  `cod_pa_reg` int(11) NOT NULL,
  `fec_reg` timestamp NOT NULL DEFAULT CURRENT_TIMESTAMP,
  `cod_pa_mod` int(11) NOT NULL,
  `fec_mod` timestamp NOT NULL DEFAULT CURRENT_TIMESTAMP
) ENGINE=InnoDB DEFAULT CHARSET=latin1;

--
-- Volcado de datos para la tabla `parentesco`
--

INSERT INTO `parentesco` (`cod_par`, `des_par`, `cod_pa_reg`, `fec_reg`, `cod_pa_mod`, `fec_mod`) VALUES
(1, 'MADRE', 1, '2014-10-24 03:39:14', 1, '2014-10-24 03:39:14'),
(2, 'PADRE', 1, '2014-10-24 03:40:36', 1, '2014-10-24 03:40:36'),
(3, 'MADRE-REPRESENTANTE', 1, '2014-10-24 03:40:36', 1, '2014-10-24 03:40:36'),
(4, 'PADRE-REPRESENTANTE', 1, '2014-10-24 03:42:27', 1, '2014-10-24 03:42:27');

-- --------------------------------------------------------

--
-- Estructura de tabla para la tabla `parroquia`
--

CREATE TABLE IF NOT EXISTS `parroquia` (
`cod_parro` int(5) unsigned NOT NULL,
  `cod_mun` int(5) unsigned NOT NULL,
  `des_parro` varchar(100) NOT NULL,
  `status` tinyint(1) unsigned NOT NULL DEFAULT '1',
  `cod_pa_reg` int(11) NOT NULL,
  `fec_reg` timestamp NOT NULL DEFAULT CURRENT_TIMESTAMP,
  `cod_pa_mod` int(11) NOT NULL,
  `fec_mod` timestamp NOT NULL DEFAULT CURRENT_TIMESTAMP
) ENGINE=InnoDB  DEFAULT CHARSET=latin1 AUTO_INCREMENT=925 ;

--
-- Volcado de datos para la tabla `parroquia`
--

INSERT INTO `parroquia` (`cod_parro`, `cod_mun`, `des_parro`, `status`, `cod_pa_reg`, `fec_reg`, `cod_pa_mod`, `fec_mod`) VALUES
(1, 1, 'Altagracia', 1, 1, '2014-08-27 13:17:22', 1, '2014-08-27 13:17:22'),
(2, 1, 'Antímano', 1, 1, '2014-08-27 13:17:22', 1, '2014-08-27 13:17:22'),
(3, 1, 'Caricuao', 1, 1, '2014-08-27 13:17:22', 1, '2014-08-27 13:17:22'),
(4, 1, 'Catedral', 1, 1, '2014-08-27 13:17:22', 1, '2014-08-27 13:17:22'),
(5, 1, 'Coche', 1, 1, '2014-08-27 13:17:22', 1, '2014-08-27 13:17:22'),
(6, 1, 'El Junquito', 1, 1, '2014-08-27 13:17:22', 1, '2014-08-27 13:17:22'),
(7, 1, 'El paraíso', 1, 1, '2014-08-27 13:17:22', 1, '2014-08-27 13:17:22'),
(8, 1, 'El Recreo', 1, 1, '2014-08-27 13:17:22', 1, '2014-08-27 13:17:22'),
(9, 1, 'El Valle', 1, 1, '2014-08-27 13:17:22', 1, '2014-08-27 13:17:22'),
(10, 1, 'La Candelaria', 1, 1, '2014-08-27 13:17:22', 1, '2014-08-27 13:17:22'),
(11, 1, 'La Pastora', 1, 1, '2014-08-27 13:17:22', 1, '2014-08-27 13:17:22'),
(12, 1, 'La Vega', 1, 1, '2014-08-27 13:17:22', 1, '2014-08-27 13:17:22'),
(13, 1, 'Macarao', 1, 1, '2014-08-27 13:17:22', 1, '2014-08-27 13:17:22'),
(14, 1, 'San Agustín', 1, 1, '2014-08-27 13:17:22', 1, '2014-08-27 13:17:22'),
(15, 1, 'San Bernardino', 1, 1, '2014-08-27 13:17:22', 1, '2014-08-27 13:17:22'),
(16, 1, 'San José', 1, 1, '2014-08-27 13:17:22', 1, '2014-08-27 13:17:22'),
(17, 1, 'San Juan', 1, 1, '2014-08-27 13:17:22', 1, '2014-08-27 13:17:22'),
(18, 1, 'Santa Rosalia', 1, 1, '2014-08-27 13:17:22', 1, '2014-08-27 13:17:22'),
(19, 1, 'Santa Teresa', 1, 1, '2014-08-27 13:17:22', 1, '2014-08-27 13:17:22'),
(20, 1, 'Sucre', 1, 1, '2014-08-27 13:17:22', 1, '2014-08-27 13:17:22'),
(21, 1, '23 de enero', 1, 1, '2014-08-27 13:17:22', 1, '2014-08-27 13:17:22'),
(22, 1, 'San Pedro', 1, 1, '2014-08-27 13:17:22', 1, '2014-08-27 13:17:22'),
(23, 2, 'El Cafetal', 1, 1, '2014-08-27 13:17:22', 1, '2014-08-27 13:17:22'),
(24, 2, 'Las minas de Baruta', 1, 1, '2014-08-27 13:17:22', 1, '2014-08-27 13:17:22'),
(25, 2, 'Nuestra Señora del Rosario', 1, 1, '2014-08-27 13:17:22', 1, '2014-08-27 13:17:22'),
(26, 3, 'Chacao', 1, 1, '2014-08-27 13:17:22', 1, '2014-08-27 13:17:22'),
(27, 4, 'Petare', 1, 1, '2014-08-27 13:17:22', 1, '2014-08-27 13:17:22'),
(28, 4, 'Leoncio Martinez', 1, 1, '2014-08-27 13:17:22', 1, '2014-08-27 13:17:22'),
(29, 4, 'La Dolorita', 1, 1, '2014-08-27 13:17:22', 1, '2014-08-27 13:17:22'),
(30, 4, 'Caucaguita', 1, 1, '2014-08-27 13:17:22', 1, '2014-08-27 13:17:22'),
(31, 4, 'Filas de Mariche', 1, 1, '2014-08-27 13:17:22', 1, '2014-08-27 13:17:22'),
(32, 6, 'Araguita', 1, 1, '2014-08-27 13:17:22', 1, '2014-08-27 13:17:22'),
(33, 6, 'Arevalo Gonzalez', 1, 1, '2014-08-27 13:17:22', 1, '2014-08-27 13:17:22'),
(34, 6, 'Capaya', 1, 1, '2014-08-27 13:17:22', 1, '2014-08-27 13:17:22'),
(35, 6, 'Caucagua', 1, 1, '2014-08-27 13:17:22', 1, '2014-08-27 13:17:22'),
(36, 6, 'El Cafe', 1, 1, '2014-08-27 13:17:22', 1, '2014-08-27 13:17:22'),
(37, 6, 'Marizapa', 1, 1, '2014-08-27 13:17:22', 1, '2014-08-27 13:17:22'),
(38, 6, 'Panaquire', 1, 1, '2014-08-27 13:17:22', 1, '2014-08-27 13:17:22'),
(39, 6, 'Ribas', 1, 1, '2014-08-27 13:17:22', 1, '2014-08-27 13:17:22'),
(40, 7, 'Cumbo', 1, 1, '2014-08-27 13:17:22', 1, '2014-08-27 13:17:22'),
(41, 7, 'San Jose Barlovento', 1, 1, '2014-08-27 13:17:22', 1, '2014-08-27 13:17:22'),
(42, 8, 'Curiepe', 1, 1, '2014-08-27 13:17:22', 1, '2014-08-27 13:17:22'),
(43, 8, 'Higuerote', 1, 1, '2014-08-27 13:17:22', 1, '2014-08-27 13:17:22'),
(44, 8, 'Tacarigua', 1, 1, '2014-08-27 13:17:22', 1, '2014-08-27 13:17:22'),
(45, 9, 'Mamporal', 1, 1, '2014-08-27 13:17:22', 1, '2014-08-27 13:17:22'),
(46, 10, 'Carrizal', 1, 1, '2014-08-27 13:17:22', 1, '2014-08-27 13:17:22'),
(47, 11, 'Charallave', 1, 1, '2014-08-27 13:17:22', 1, '2014-08-27 13:17:22'),
(48, 11, 'Las Brisas', 1, 1, '2014-08-27 13:17:22', 1, '2014-08-27 13:17:22'),
(49, 12, 'Altagracia de la M', 1, 1, '2014-08-27 13:17:22', 1, '2014-08-27 13:17:22'),
(50, 12, 'Cecilio Acosta', 1, 1, '2014-08-27 13:17:22', 1, '2014-08-27 13:17:22'),
(51, 12, 'El Jarillo', 1, 1, '2014-08-27 13:17:22', 1, '2014-08-27 13:17:22'),
(52, 12, 'Los Teques', 1, 1, '2014-08-27 13:17:22', 1, '2014-08-27 13:17:22'),
(53, 12, 'Paracotos', 1, 1, '2014-08-27 13:17:22', 1, '2014-08-27 13:17:22'),
(54, 12, 'San Pedro', 1, 1, '2014-08-27 13:17:22', 1, '2014-08-27 13:17:22'),
(55, 12, 'Tacata', 1, 1, '2014-08-27 13:17:22', 1, '2014-08-27 13:17:22'),
(56, 13, 'El Cartanal', 1, 1, '2014-08-27 13:17:22', 1, '2014-08-27 13:17:22'),
(57, 13, 'Sta Teresa del Tuy', 1, 1, '2014-08-27 13:17:22', 1, '2014-08-27 13:17:22'),
(58, 14, 'La Democracia', 1, 1, '2014-08-27 13:17:22', 1, '2014-08-27 13:17:22'),
(59, 14, 'Ocumare del Tuy', 1, 1, '2014-08-27 13:17:22', 1, '2014-08-27 13:17:22'),
(60, 14, 'Santa Barbara', 1, 1, '2014-08-27 13:17:22', 1, '2014-08-27 13:17:22'),
(61, 15, 'San Antonio de los altos', 1, 1, '2014-08-27 13:17:22', 1, '2014-08-27 13:17:22'),
(62, 16, 'El Guapo', 1, 1, '2014-08-27 13:17:22', 1, '2014-08-27 13:17:22'),
(63, 16, 'Paparo', 1, 1, '2014-08-27 13:17:22', 1, '2014-08-27 13:17:22'),
(64, 16, 'Tacarigua de la laguna', 1, 1, '2014-08-27 13:17:22', 1, '2014-08-27 13:17:22'),
(65, 16, 'Rio Chico', 1, 1, '2014-08-27 13:17:22', 1, '2014-08-27 13:17:22'),
(66, 16, 'San Fernardo del Guapo', 1, 1, '2014-08-27 13:17:22', 1, '2014-08-27 13:17:22'),
(67, 17, 'Santa Lucia', 1, 1, '2014-08-27 13:17:22', 1, '2014-08-27 13:17:22'),
(68, 18, 'Cupira', 1, 1, '2014-08-27 13:17:22', 1, '2014-08-27 13:17:22'),
(69, 18, 'Machurucuto', 1, 1, '2014-08-27 13:17:22', 1, '2014-08-27 13:17:22'),
(70, 19, 'Guarenas', 1, 1, '2014-08-27 13:17:22', 1, '2014-08-27 13:17:22'),
(71, 20, 'San Francisco de Yare', 1, 1, '2014-08-27 13:17:22', 1, '2014-08-27 13:17:22'),
(72, 20, 'San Antonio de Yare', 1, 1, '2014-08-27 13:17:22', 1, '2014-08-27 13:17:22'),
(73, 21, 'Cua', 1, 1, '2014-08-27 13:17:22', 1, '2014-08-27 13:17:22'),
(74, 21, 'Nueva Cua', 1, 1, '2014-08-27 13:17:22', 1, '2014-08-27 13:17:22'),
(75, 22, 'Bolivar', 1, 1, '2014-08-27 13:17:22', 1, '2014-08-27 13:17:22'),
(76, 22, 'Guatire', 1, 1, '2014-08-27 13:17:22', 1, '2014-08-27 13:17:22'),
(77, 23, 'Caraballeda', 1, 1, '2014-08-27 13:17:22', 1, '2014-08-27 13:17:22'),
(78, 23, 'Carayaca', 1, 1, '2014-08-27 13:17:22', 1, '2014-08-27 13:17:22'),
(79, 23, 'Carlos Soublette', 1, 1, '2014-08-27 13:17:22', 1, '2014-08-27 13:17:22'),
(80, 23, 'Caruao', 1, 1, '2014-08-27 13:17:22', 1, '2014-08-27 13:17:22'),
(81, 23, 'Catia la mar', 1, 1, '2014-08-27 13:17:22', 1, '2014-08-27 13:17:22'),
(82, 23, 'El Junko', 1, 1, '2014-08-27 13:17:22', 1, '2014-08-27 13:17:22'),
(83, 23, 'La Guaira', 1, 1, '2014-08-27 13:17:22', 1, '2014-08-27 13:17:22'),
(84, 23, 'Macuto', 1, 1, '2014-08-27 13:17:22', 1, '2014-08-27 13:17:22'),
(85, 23, 'Maiquetia', 1, 1, '2014-08-27 13:17:22', 1, '2014-08-27 13:17:22'),
(86, 23, 'Naiguata', 1, 1, '2014-08-27 13:17:22', 1, '2014-08-27 13:17:22'),
(87, 23, 'Urimare', 1, 1, '2014-08-27 13:17:22', 1, '2014-08-27 13:17:22'),
(88, 24, 'Camaguan', 1, 1, '2014-08-27 13:17:22', 1, '2014-08-27 13:17:22'),
(89, 24, 'Puerto Miranda', 1, 1, '2014-08-27 13:17:22', 1, '2014-08-27 13:17:22'),
(90, 24, 'Uverito', 1, 1, '2014-08-27 13:17:22', 1, '2014-08-27 13:17:22'),
(91, 25, 'Chaguaramas', 1, 1, '2014-08-27 13:17:22', 1, '2014-08-27 13:17:22'),
(92, 26, 'El Socorro', 1, 1, '2014-08-27 13:17:22', 1, '2014-08-27 13:17:22'),
(93, 27, 'Calabozo', 1, 1, '2014-08-27 13:17:22', 1, '2014-08-27 13:17:22'),
(94, 27, 'El Calvario', 1, 1, '2014-08-27 13:17:22', 1, '2014-08-27 13:17:22'),
(95, 27, 'El rastro', 1, 1, '2014-08-27 13:17:22', 1, '2014-08-27 13:17:22'),
(96, 27, 'Guardatinajas', 1, 1, '2014-08-27 13:17:22', 1, '2014-08-27 13:17:22'),
(97, 28, 'San Rafael de Laya', 1, 1, '2014-08-27 13:17:22', 1, '2014-08-27 13:17:22'),
(98, 28, 'Tucupido', 1, 1, '2014-08-27 13:17:22', 1, '2014-08-27 13:17:22'),
(99, 29, 'Altagracia de Orituco', 1, 1, '2014-08-27 13:17:22', 1, '2014-08-27 13:17:22'),
(100, 29, 'Lezama', 1, 1, '2014-08-27 13:17:22', 1, '2014-08-27 13:17:22'),
(101, 29, 'Libertad de Orituco', 1, 1, '2014-08-27 13:17:22', 1, '2014-08-27 13:17:22'),
(102, 29, 'Paso real de Macaira', 1, 1, '2014-08-27 13:17:22', 1, '2014-08-27 13:17:22'),
(103, 29, 'San Fco de Macaira', 1, 1, '2014-08-27 13:17:22', 1, '2014-08-27 13:17:22'),
(104, 29, 'San Rafael de Orituco', 1, 1, '2014-08-27 13:17:22', 1, '2014-08-27 13:17:22'),
(105, 29, 'Soublette', 1, 1, '2014-08-27 13:17:22', 1, '2014-08-27 13:17:22'),
(106, 30, 'Cantagallo', 1, 1, '2014-08-27 13:17:22', 1, '2014-08-27 13:17:22'),
(107, 30, 'Parapara', 1, 1, '2014-08-27 13:17:22', 1, '2014-08-27 13:17:22'),
(108, 30, 'San Juan de los Morros', 1, 1, '2014-08-27 13:17:22', 1, '2014-08-27 13:17:22'),
(109, 31, 'El Sombrero', 1, 1, '2014-08-27 13:17:22', 1, '2014-08-27 13:17:22'),
(110, 31, 'Sosa', 1, 1, '2014-08-27 13:17:22', 1, '2014-08-27 13:17:22'),
(111, 32, 'Cabruta', 1, 1, '2014-08-27 13:17:22', 1, '2014-08-27 13:17:22'),
(112, 32, 'Las Mercedes', 1, 1, '2014-08-27 13:17:22', 1, '2014-08-27 13:17:22'),
(113, 32, 'Santa Rita de Manapire', 1, 1, '2014-08-27 13:17:22', 1, '2014-08-27 13:17:22'),
(114, 33, 'Espino', 1, 1, '2014-08-27 13:17:22', 1, '2014-08-27 13:17:22'),
(115, 33, 'Valle de la Pascua', 1, 1, '2014-08-27 13:17:22', 1, '2014-08-27 13:17:22'),
(116, 34, 'Ortiz', 1, 1, '2014-08-27 13:17:22', 1, '2014-08-27 13:17:22'),
(117, 34, 'Sn Fco de Tiznados', 1, 1, '2014-08-27 13:17:22', 1, '2014-08-27 13:17:22'),
(118, 34, 'San Jose de Tiznados', 1, 1, '2014-08-27 13:17:22', 1, '2014-08-27 13:17:22'),
(119, 34, 'Sn Lorenzo de tiznados', 1, 1, '2014-08-27 13:17:22', 1, '2014-08-27 13:17:22'),
(120, 35, 'San Jose de Unare', 1, 1, '2014-08-27 13:17:22', 1, '2014-08-27 13:17:22'),
(121, 35, 'Zaraza', 1, 1, '2014-08-27 13:17:22', 1, '2014-08-27 13:17:22'),
(122, 36, 'Cazorla', 1, 1, '2014-08-27 13:17:22', 1, '2014-08-27 13:17:22'),
(123, 36, 'Guayabal', 1, 1, '2014-08-27 13:17:22', 1, '2014-08-27 13:17:22'),
(124, 37, 'San Jose de Guaribe', 1, 1, '2014-08-27 13:17:22', 1, '2014-08-27 13:17:22'),
(125, 38, 'Altamira', 1, 1, '2014-08-27 13:17:22', 1, '2014-08-27 13:17:22'),
(126, 38, 'Santa Maria de Ipire', 1, 1, '2014-08-27 13:17:22', 1, '2014-08-27 13:17:22'),
(127, 39, 'San Mateo', 1, 1, '2014-08-27 13:17:22', 1, '2014-08-27 13:17:22'),
(128, 41, 'Carmen de Cura', 1, 1, '2014-08-27 13:17:22', 1, '2014-08-27 13:17:22'),
(129, 41, 'Camatagua', 1, 1, '2014-08-27 13:17:22', 1, '2014-08-27 13:17:22'),
(130, 42, 'Santa Rita', 1, 1, '2014-08-27 13:17:22', 1, '2014-08-27 13:17:22'),
(131, 42, 'Francisco de Miranda', 1, 1, '2014-08-27 13:17:22', 1, '2014-08-27 13:17:22'),
(132, 42, 'Mons Feliciano', 1, 1, '2014-08-27 13:17:22', 1, '2014-08-27 13:17:22'),
(133, 43, 'Andres Eloy Blanco', 1, 1, '2014-08-27 13:17:22', 1, '2014-08-27 13:17:22'),
(134, 43, 'Choroni', 1, 1, '2014-08-27 13:17:22', 1, '2014-08-27 13:17:22'),
(135, 43, 'Joaquin Crespo', 1, 1, '2014-08-27 13:17:22', 1, '2014-08-27 13:17:22'),
(136, 43, 'Jose Casanova Godoy', 1, 1, '2014-08-27 13:17:22', 1, '2014-08-27 13:17:22'),
(137, 43, 'Las Delicias', 1, 1, '2014-08-27 13:17:22', 1, '2014-08-27 13:17:22'),
(138, 43, 'Los Tacariguas', 1, 1, '2014-08-27 13:17:22', 1, '2014-08-27 13:17:22'),
(139, 43, 'Madre Ma de San Jose', 1, 1, '2014-08-27 13:17:22', 1, '2014-08-27 13:17:22'),
(140, 43, 'Pedro Jose Ovalies', 1, 1, '2014-08-27 13:17:22', 1, '2014-08-27 13:17:22'),
(141, 44, 'Santa Cruz', 1, 1, '2014-08-27 13:17:22', 1, '2014-08-27 13:17:22'),
(142, 45, 'Castor Nieves Rios', 1, 1, '2014-08-27 13:17:22', 1, '2014-08-27 13:17:22'),
(143, 45, 'La Victoria', 1, 1, '2014-08-27 13:17:22', 1, '2014-08-27 13:17:22'),
(144, 45, 'Las Guacamayas', 1, 1, '2014-08-27 13:17:22', 1, '2014-08-27 13:17:22'),
(145, 45, 'Pao de Zarate', 1, 1, '2014-08-27 13:17:22', 1, '2014-08-27 13:17:22'),
(146, 45, 'Zuata', 1, 1, '2014-08-27 13:17:22', 1, '2014-08-27 13:17:22'),
(147, 46, 'El Consejo', 1, 1, '2014-08-27 13:17:22', 1, '2014-08-27 13:17:22'),
(148, 47, 'Palo Negro', 1, 1, '2014-08-27 13:17:22', 1, '2014-08-27 13:17:22'),
(149, 47, 'Martin de Porres', 1, 1, '2014-08-27 13:17:22', 1, '2014-08-27 13:17:22'),
(150, 48, 'Ca de Azucar', 1, 1, '2014-08-27 13:17:22', 1, '2014-08-27 13:17:22'),
(151, 48, 'El Limon', 1, 1, '2014-08-27 13:17:22', 1, '2014-08-27 13:17:22'),
(152, 49, 'Ocumare de la costa', 1, 1, '2014-08-27 13:17:22', 1, '2014-08-27 13:17:22'),
(153, 50, 'San Casimiro', 1, 1, '2014-08-27 13:17:22', 1, '2014-08-27 13:17:22'),
(154, 50, 'Guiripa', 1, 1, '2014-08-27 13:17:22', 1, '2014-08-27 13:17:22'),
(155, 50, 'Ollas de Caramacate', 1, 1, '2014-08-27 13:17:22', 1, '2014-08-27 13:17:22'),
(156, 50, 'Valle Morin', 1, 1, '2014-08-27 13:17:22', 1, '2014-08-27 13:17:22'),
(157, 51, 'San Sebastian', 1, 1, '2014-08-27 13:17:22', 1, '2014-08-27 13:17:22'),
(158, 52, 'Alfredo Pacheco', 1, 1, '2014-08-27 13:17:22', 1, '2014-08-27 13:17:22'),
(159, 52, 'Arevalo Aponte', 1, 1, '2014-08-27 13:17:22', 1, '2014-08-27 13:17:22'),
(160, 52, 'Chuao', 1, 1, '2014-08-27 13:17:22', 1, '2014-08-27 13:17:22'),
(161, 52, 'Turumero', 1, 1, '2014-08-27 13:17:22', 1, '2014-08-27 13:17:22'),
(162, 52, 'Saman de Guere', 1, 1, '2014-08-27 13:17:22', 1, '2014-08-27 13:17:22'),
(163, 53, 'Las Tejerias', 1, 1, '2014-08-27 13:17:22', 1, '2014-08-27 13:17:22'),
(164, 53, 'Tiara', 1, 1, '2014-08-27 13:17:22', 1, '2014-08-27 13:17:22'),
(165, 54, 'Bella Vista', 1, 1, '2014-08-27 13:17:22', 1, '2014-08-27 13:17:22'),
(166, 54, 'Cagua', 1, 1, '2014-08-27 13:17:22', 1, '2014-08-27 13:17:22'),
(167, 55, 'Colonia Tovar', 1, 1, '2014-08-27 13:17:22', 1, '2014-08-27 13:17:22'),
(168, 56, 'Barbacoas', 1, 1, '2014-08-27 13:17:22', 1, '2014-08-27 13:17:22'),
(169, 56, 'Las Peñitas', 1, 1, '2014-08-27 13:17:22', 1, '2014-08-27 13:17:22'),
(170, 56, 'San Francisco de Cara', 1, 1, '2014-08-27 13:17:22', 1, '2014-08-27 13:17:22'),
(171, 56, 'Taguay', 1, 1, '2014-08-27 13:17:22', 1, '2014-08-27 13:17:22'),
(172, 57, 'Augusto Mijares', 1, 1, '2014-08-27 13:17:22', 1, '2014-08-27 13:17:22'),
(173, 57, 'Villa de cura', 1, 1, '2014-08-27 13:17:22', 1, '2014-08-27 13:17:22'),
(174, 57, 'Magdaleno', 1, 1, '2014-08-27 13:17:22', 1, '2014-08-27 13:17:22'),
(175, 57, 'Sam Francisco de Asis', 1, 1, '2014-08-27 13:17:22', 1, '2014-08-27 13:17:22'),
(176, 57, 'Valles de Tucutunemo', 1, 1, '2014-08-27 13:17:22', 1, '2014-08-27 13:17:22'),
(177, 58, 'Bejuma', 1, 1, '2014-08-27 13:17:22', 1, '2014-08-27 13:17:22'),
(178, 58, 'Canoabo', 1, 1, '2014-08-27 13:17:22', 1, '2014-08-27 13:17:22'),
(179, 58, 'Simon Bolivar', 1, 1, '2014-08-27 13:17:22', 1, '2014-08-27 13:17:22'),
(180, 59, 'Belen', 1, 1, '2014-08-27 13:17:22', 1, '2014-08-27 13:17:22'),
(181, 59, 'Guigue', 1, 1, '2014-08-27 13:17:22', 1, '2014-08-27 13:17:22'),
(182, 59, 'Tacarigua', 1, 1, '2014-08-27 13:17:22', 1, '2014-08-27 13:17:22'),
(183, 60, 'Agua Caliente', 1, 1, '2014-08-27 13:17:22', 1, '2014-08-27 13:17:22'),
(184, 60, 'Mariara', 1, 1, '2014-08-27 13:17:22', 1, '2014-08-27 13:17:22'),
(185, 61, 'Ciudad Alianza', 1, 1, '2014-08-27 13:17:22', 1, '2014-08-27 13:17:22'),
(186, 61, 'Guacara', 1, 1, '2014-08-27 13:17:22', 1, '2014-08-27 13:17:22'),
(187, 61, 'Yagua', 1, 1, '2014-08-27 13:17:22', 1, '2014-08-27 13:17:22'),
(188, 62, 'Moron', 1, 1, '2014-08-27 13:17:22', 1, '2014-08-27 13:17:22'),
(189, 62, 'Urama', 1, 1, '2014-08-27 13:17:22', 1, '2014-08-27 13:17:22'),
(190, 63, 'Independencia', 1, 1, '2014-08-27 13:17:22', 1, '2014-08-27 13:17:22'),
(191, 63, 'Tocuyito', 1, 1, '2014-08-27 13:17:22', 1, '2014-08-27 13:17:22'),
(192, 64, 'Los Guayos', 1, 1, '2014-08-27 13:17:22', 1, '2014-08-27 13:17:22'),
(193, 65, 'Miranda', 1, 1, '2014-08-27 13:17:22', 1, '2014-08-27 13:17:22'),
(194, 66, 'Montalban', 1, 1, '2014-08-27 13:17:22', 1, '2014-08-27 13:17:22'),
(195, 67, 'Naguanagua', 1, 1, '2014-08-27 13:17:22', 1, '2014-08-27 13:17:22'),
(196, 68, 'Bartolome Salom', 1, 1, '2014-08-27 13:17:22', 1, '2014-08-27 13:17:22'),
(197, 68, 'Borburata', 1, 1, '2014-08-27 13:17:22', 1, '2014-08-27 13:17:22'),
(198, 68, 'Democracia', 1, 1, '2014-08-27 13:17:22', 1, '2014-08-27 13:17:22'),
(199, 68, 'Fraternidad', 1, 1, '2014-08-27 13:17:22', 1, '2014-08-27 13:17:22'),
(200, 68, 'Goaigoaza', 1, 1, '2014-08-27 13:17:22', 1, '2014-08-27 13:17:22'),
(201, 68, 'Juan Jose Flores', 1, 1, '2014-08-27 13:17:22', 1, '2014-08-27 13:17:22'),
(202, 68, 'Patanemo', 1, 1, '2014-08-27 13:17:22', 1, '2014-08-27 13:17:22'),
(203, 68, 'Union', 1, 1, '2014-08-27 13:17:22', 1, '2014-08-27 13:17:22'),
(204, 69, 'San Diego', 1, 1, '2014-08-27 13:17:22', 1, '2014-08-27 13:17:22'),
(205, 70, 'San Joaquin', 1, 1, '2014-08-27 13:17:22', 1, '2014-08-27 13:17:22'),
(206, 71, 'Candelaria', 1, 1, '2014-08-27 13:17:22', 1, '2014-08-27 13:17:22'),
(207, 71, 'Catedral', 1, 1, '2014-08-27 13:17:22', 1, '2014-08-27 13:17:22'),
(208, 71, 'El Socorro', 1, 1, '2014-08-27 13:17:22', 1, '2014-08-27 13:17:22'),
(209, 71, 'Miguel Peña', 1, 1, '2014-08-27 13:17:22', 1, '2014-08-27 13:17:22'),
(210, 71, 'Negro Primero', 1, 1, '2014-08-27 13:17:22', 1, '2014-08-27 13:17:22'),
(211, 71, 'Rafael Urdaneta', 1, 1, '2014-08-27 13:17:22', 1, '2014-08-27 13:17:22'),
(212, 71, 'San Bias', 1, 1, '2014-08-27 13:17:22', 1, '2014-08-27 13:17:22'),
(213, 71, 'San Jose', 1, 1, '2014-08-27 13:17:22', 1, '2014-08-27 13:17:22'),
(214, 71, 'Santa Rosa', 1, 1, '2014-08-27 13:17:22', 1, '2014-08-27 13:17:22'),
(215, 5, 'El Hatillo', 1, 1, '2014-08-27 13:17:22', 1, '2014-08-27 13:17:22'),
(216, 93, 'Alto Orinoco La Esmeralda', 1, 1, '2014-10-21 19:01:31', 1, '2014-10-21 19:01:31'),
(217, 93, 'Huachamacare Acanaña', 1, 1, '2014-10-21 19:01:31', 1, '2014-10-21 19:01:31'),
(218, 93, 'Marawaka Toky Shamanaña', 1, 1, '2014-10-21 19:01:31', 1, '2014-10-21 19:01:31'),
(219, 93, 'Mavaka Mavaka', 1, 1, '2014-10-21 19:01:31', 1, '2014-10-21 19:01:31'),
(220, 93, 'Sierra Parima Parimabé', 1, 1, '2014-10-21 19:01:31', 1, '2014-10-21 19:01:31'),
(221, 94, 'Ucata Laja Lisa', 1, 1, '2014-10-21 19:03:34', 1, '2014-10-21 19:03:34'),
(222, 94, 'Yapacana Macuruco', 1, 1, '2014-10-21 19:03:34', 1, '2014-10-21 19:03:34'),
(223, 94, 'Caname Guarinuma', 1, 1, '2014-10-21 19:03:58', 1, '2014-10-21 19:03:58'),
(224, 95, 'Fernando Girón Tovar Puerto Ayacucho', 1, 1, '2014-10-21 19:07:05', 1, '2014-10-21 19:07:05'),
(225, 95, 'Luis Alberto Gómez Puerto Ayacucho', 1, 1, '2014-10-21 19:07:05', 1, '2014-10-21 19:07:05'),
(226, 95, 'Pahueña Limón de Parhueña', 1, 1, '2014-10-21 19:07:05', 1, '2014-10-21 19:07:05'),
(227, 95, 'Platanillal Platanillal', 1, 1, '2014-10-21 19:07:05', 1, '2014-10-21 19:07:05'),
(228, 96, 'Samariapo Samariapo', 1, 1, '2014-10-21 19:11:28', 1, '2014-10-21 19:11:28'),
(229, 96, 'Sipapo Pendare', 1, 1, '2014-10-21 19:11:28', 1, '2014-10-21 19:11:28'),
(230, 96, 'Munduapo Munduapo', 1, 1, '2014-10-21 19:11:28', 1, '2014-10-21 19:11:28'),
(231, 96, 'Guayapo San Pedro del Orinoco', 1, 1, '2014-10-21 19:11:28', 1, '2014-10-21 19:11:28'),
(232, 97, 'Alto Ventuari Cacurí', 1, 1, '2014-10-21 19:12:26', 1, '2014-10-21 19:12:26'),
(233, 97, 'Medio Ventuari Manami', 1, 1, '2014-10-21 19:12:26', 1, '2014-10-21 19:12:26'),
(234, 97, 'Ventuari Marueta', 1, 1, '2014-10-21 19:13:01', 1, '2014-10-21 19:13:01'),
(235, 98, 'Victorino', 1, 1, '2014-10-21 19:13:50', 1, '2014-10-21 19:13:50'),
(236, 98, 'Comunidad', 1, 1, '2014-10-21 19:13:50', 1, '2014-10-21 19:13:50'),
(237, 99, 'Casiquiare Curimacare', 1, 1, '2014-10-21 19:17:34', 1, '2014-10-21 19:17:34'),
(238, 99, 'Cucuy', 1, 1, '2014-10-21 19:17:34', 1, '2014-10-21 19:17:34'),
(239, 99, 'Casiquiare Curimacare', 1, 1, '2014-10-21 19:17:34', 1, '2014-10-21 19:17:34'),
(240, 99, 'Solano Solano', 1, 1, '2014-10-21 19:17:34', 1, '2014-10-21 19:17:34'),
(241, 72, 'Anaco', 1, 1, '2014-10-21 19:25:31', 1, '2014-10-21 19:25:31'),
(242, 72, 'San Joaquín', 1, 1, '2014-10-21 19:25:31', 1, '2014-10-21 19:25:31'),
(243, 73, 'Cachipo', 1, 1, '2014-10-21 19:27:11', 1, '2014-10-21 19:27:11'),
(244, 73, 'Aragua de Barcelona', 1, 1, '2014-10-21 19:27:11', 1, '2014-10-21 19:27:11'),
(245, 78, 'Lechería', 1, 1, '2014-10-21 19:28:51', 1, '2014-10-21 19:28:51'),
(246, 78, 'El Morro', 1, 1, '2014-10-21 19:28:51', 1, '2014-10-21 19:28:51'),
(247, 87, 'Puerto Píritu', 1, 1, '2014-10-21 19:32:01', 1, '2014-10-21 19:32:01'),
(248, 87, 'San Miguel', 1, 1, '2014-10-21 19:32:01', 1, '2014-10-21 19:32:01'),
(249, 87, 'Sucre', 1, 1, '2014-10-21 19:32:45', 1, '2014-10-21 19:32:45'),
(250, 77, 'Valle de Guanape', 1, 1, '2014-10-21 19:35:37', 1, '2014-10-21 19:35:37'),
(251, 77, 'Santa Bárbara', 1, 1, '2014-10-21 19:35:37', 1, '2014-10-21 19:35:37'),
(252, 85, 'Atapirire', 1, 1, '2014-10-21 19:38:34', 1, '2014-10-21 19:38:34'),
(253, 85, 'Boca del Pao', 1, 1, '2014-10-21 19:38:34', 1, '2014-10-21 19:38:34'),
(254, 85, 'El Pao', 1, 1, '2014-10-21 19:38:34', 1, '2014-10-21 19:38:34'),
(255, 85, 'Pariaguán', 1, 1, '2014-10-21 19:38:34', 1, '2014-10-21 19:38:34'),
(256, 81, 'Guanta', 1, 1, '2014-10-21 20:07:11', 1, '2014-10-21 20:07:11'),
(257, 81, 'Chorrerón', 1, 1, '2014-10-21 20:07:11', 1, '2014-10-21 20:07:11'),
(258, 82, 'Mamo', 1, 1, '2014-10-21 20:08:51', 1, '2014-10-21 20:08:51'),
(259, 82, 'Soledad', 1, 1, '2014-10-21 20:08:51', 1, '2014-10-21 20:08:51'),
(260, 86, 'Mapire', 1, 1, '2014-10-21 20:11:07', 1, '2014-10-21 20:11:07'),
(261, 86, 'Piar', 1, 1, '2014-10-21 20:11:07', 1, '2014-10-21 20:11:07'),
(262, 86, 'Santa Clara', 1, 1, '2014-10-21 20:11:07', 1, '2014-10-21 20:11:07'),
(263, 86, 'San Diego de Cabrutica', 1, 1, '2014-10-21 20:11:07', 1, '2014-10-21 20:11:07'),
(264, 86, 'Uverito', 1, 1, '2014-10-21 20:11:07', 1, '2014-10-21 20:11:07'),
(265, 86, 'Zuata', 1, 1, '2014-10-21 20:11:07', 1, '2014-10-21 20:11:07'),
(266, 92, 'Puerto La Cruz', 1, 1, '2014-10-21 20:12:25', 1, '2014-10-21 20:12:25'),
(267, 92, 'Pozuelos', 1, 1, '2014-10-21 20:12:25', 1, '2014-10-21 20:12:25'),
(268, 76, 'Onoto', 1, 1, '2014-10-21 20:15:19', 1, '2014-10-21 20:15:19'),
(269, 76, 'San Pablo', 1, 1, '2014-10-21 20:15:19', 1, '2014-10-21 20:15:19'),
(270, 83, 'San Mateo', 1, 1, '2014-10-21 20:17:38', 1, '2014-10-21 20:17:38'),
(271, 83, 'El Carito', 1, 1, '2014-10-21 20:17:38', 1, '2014-10-21 20:17:38'),
(272, 83, 'Santa Inés', 1, 1, '2014-10-21 20:17:38', 1, '2014-10-21 20:17:38'),
(273, 83, 'La Romereña', 1, 1, '2014-10-21 20:17:38', 1, '2014-10-21 20:17:38'),
(274, 75, 'Clarines', 1, 1, '2014-10-21 20:19:43', 1, '2014-10-21 20:19:43'),
(275, 75, 'Guanape', 1, 1, '2014-10-21 20:19:43', 1, '2014-10-21 20:19:43'),
(276, 75, 'Sabana de Uchire', 1, 1, '2014-10-21 20:20:09', 1, '2014-10-21 20:20:09'),
(277, 79, 'Cantaura', 1, 1, '2014-10-21 20:22:11', 1, '2014-10-21 20:22:11'),
(278, 79, 'Libertador', 1, 1, '2014-10-21 20:22:11', 1, '2014-10-21 20:22:11'),
(279, 79, 'Santa Rosa', 1, 1, '2014-10-21 20:22:11', 1, '2014-10-21 20:22:11'),
(280, 79, 'Urica', 1, 1, '2014-10-21 20:22:11', 1, '2014-10-21 20:22:11'),
(281, 88, 'Píritu', 1, 1, '2014-10-21 20:23:32', 1, '2014-10-21 20:23:32'),
(282, 88, 'San Francisco', 1, 1, '2014-10-21 20:23:32', 1, '2014-10-21 20:23:32'),
(283, 80, 'San José de Guanipa', 1, 1, '2014-10-21 20:25:52', 1, '2014-10-21 20:25:52'),
(284, 89, 'Boca de Uchire', 1, 1, '2014-10-21 20:27:11', 1, '2014-10-21 20:27:11'),
(285, 89, 'Boca de Chávez', 1, 1, '2014-10-21 20:27:11', 1, '2014-10-21 20:27:11'),
(286, 90, 'Pueblo Nuevo', 1, 1, '2014-10-21 20:28:25', 1, '2014-10-21 20:28:25'),
(287, 90, 'Santa Ana', 1, 1, '2014-10-21 20:28:25', 1, '2014-10-21 20:28:25'),
(288, 74, 'Bergatín', 1, 1, '2014-10-21 20:31:46', 1, '2014-10-21 20:31:46'),
(289, 74, 'Caigua', 1, 1, '2014-10-21 20:31:46', 1, '2014-10-21 20:31:46'),
(290, 74, 'El Carmen', 1, 1, '2014-10-21 20:31:46', 1, '2014-10-21 20:31:46'),
(291, 74, 'El Pilar', 1, 1, '2014-10-21 20:31:46', 1, '2014-10-21 20:31:46'),
(292, 74, 'Naricual', 1, 1, '2014-10-21 20:31:46', 1, '2014-10-21 20:31:46'),
(293, 74, 'San Cristóbal', 1, 1, '2014-10-21 20:31:46', 1, '2014-10-21 20:31:46'),
(294, 91, 'Edmundo Barrios', 1, 1, '2014-10-21 20:33:18', 1, '2014-10-21 20:33:18'),
(295, 91, 'Miguel Otero Silva', 1, 1, '2014-10-21 20:33:18', 1, '2014-10-21 20:33:18'),
(296, 84, 'El Chaparro', 1, 1, '2014-10-21 20:34:35', 1, '2014-10-21 20:34:35'),
(297, 84, 'Tomás Alfaro', 1, 1, '2014-10-21 20:34:35', 1, '2014-10-21 20:34:35'),
(298, 84, 'Calatrava', 1, 1, '2014-10-21 20:35:15', 1, '2014-10-21 20:35:15'),
(299, 100, 'Achaguas', 1, 1, '2014-10-21 20:46:18', 1, '2014-10-21 20:46:18'),
(300, 100, 'Apurito', 1, 1, '2014-10-21 20:46:18', 1, '2014-10-21 20:46:18'),
(301, 100, 'El Yagual', 1, 1, '2014-10-21 20:46:18', 1, '2014-10-21 20:46:18'),
(302, 100, 'Guachara', 1, 1, '2014-10-21 20:46:18', 1, '2014-10-21 20:46:18'),
(303, 100, 'Mucuritas', 1, 1, '2014-10-21 20:46:18', 1, '2014-10-21 20:46:18'),
(304, 100, 'Queseras del medio', 1, 1, '2014-10-21 20:46:18', 1, '2014-10-21 20:46:18'),
(305, 101, 'Biruaca', 1, 1, '2014-10-21 20:47:20', 1, '2014-10-21 20:47:20'),
(306, 102, 'Bruzual', 1, 1, '2014-10-21 20:49:48', 1, '2014-10-21 20:49:48'),
(307, 102, 'Mantecal', 1, 1, '2014-10-21 20:49:48', 1, '2014-10-21 20:49:48'),
(308, 102, 'Quintero', 1, 1, '2014-10-21 20:49:48', 1, '2014-10-21 20:49:48'),
(309, 102, 'Rincón Hondo', 1, 1, '2014-10-21 20:49:48', 1, '2014-10-21 20:49:48'),
(310, 102, 'San Vicente', 1, 1, '2014-10-21 20:49:48', 1, '2014-10-21 20:49:48'),
(311, 104, 'San Juan de Payara', 1, 1, '2014-10-21 20:52:29', 1, '2014-10-21 20:52:29'),
(312, 104, 'Codazzzi', 1, 1, '2014-10-21 20:52:29', 1, '2014-10-21 20:52:29'),
(313, 104, 'Cunaviche', 1, 1, '2014-10-21 20:52:29', 1, '2014-10-21 20:52:29'),
(314, 106, 'San Fernando', 1, 1, '2014-10-21 20:55:09', 1, '2014-10-21 20:55:09'),
(315, 106, 'El Recre0', 1, 1, '2014-10-21 20:55:09', 1, '2014-10-21 20:55:09'),
(316, 106, 'Peñalver', 1, 1, '2014-10-21 20:55:09', 1, '2014-10-21 20:55:09'),
(317, 106, 'San Rafael de Atamaica', 1, 1, '2014-10-21 20:55:09', 1, '2014-10-21 20:55:09'),
(318, 103, 'Guasdualito', 1, 1, '2014-10-21 21:01:22', 1, '2014-10-21 21:01:22'),
(319, 103, 'Aramendi', 1, 1, '2014-10-21 21:01:22', 1, '2014-10-21 21:01:22'),
(320, 103, 'El Amparo', 1, 1, '2014-10-21 21:01:22', 1, '2014-10-21 21:01:22'),
(321, 103, 'San Camilo', 1, 1, '2014-10-21 21:01:22', 1, '2014-10-21 21:01:22'),
(322, 103, 'Urdaneta', 1, 1, '2014-10-21 21:01:22', 1, '2014-10-21 21:01:22'),
(323, 105, 'Elorza', 1, 1, '2014-10-21 21:02:27', 1, '2014-10-21 21:02:27'),
(324, 105, 'La Trinidad', 1, 1, '2014-10-21 21:02:27', 1, '2014-10-21 21:02:27'),
(325, 107, 'Sabaneta', 1, 1, '2014-10-22 00:50:27', 1, '2014-10-22 00:50:27'),
(326, 107, 'Juan Antonio Rodríguez Domínguez', 1, 1, '2014-10-22 00:50:27', 1, '2014-10-22 00:50:27'),
(327, 108, 'El Cantón', 1, 1, '2014-10-22 00:51:50', 1, '2014-10-22 00:51:50'),
(328, 108, 'Santa Cruz de Guacas', 1, 1, '2014-10-22 00:51:50', 1, '2014-10-22 00:51:50'),
(329, 108, 'Puerto Vivas', 1, 1, '2014-10-22 00:52:42', 1, '2014-10-22 00:52:42'),
(330, 109, 'Ticoporo', 1, 1, '2014-10-22 00:54:22', 1, '2014-10-22 00:54:22'),
(331, 109, 'Nicolás Pulido', 1, 1, '2014-10-22 00:54:22', 1, '2014-10-22 00:54:22'),
(332, 109, 'Andrés Bello', 1, 1, '2014-10-22 00:54:22', 1, '2014-10-22 00:54:22'),
(333, 110, 'Arismendi', 1, 1, '2014-10-22 00:56:22', 1, '2014-10-22 00:56:22'),
(334, 110, 'Guadarrama', 1, 1, '2014-10-22 00:56:22', 1, '2014-10-22 00:56:22'),
(335, 110, 'La Unión', 1, 1, '2014-10-22 00:56:22', 1, '2014-10-22 00:56:22'),
(336, 110, 'San Antonio', 1, 1, '2014-10-22 00:56:22', 1, '2014-10-22 00:56:22'),
(337, 111, 'Barinas', 1, 1, '2014-10-22 01:04:00', 1, '2014-10-22 01:04:00'),
(338, 111, 'Alberto Arvelo Larriva', 1, 1, '2014-10-22 01:04:00', 1, '2014-10-22 01:04:00'),
(339, 111, 'San Silvestre', 1, 1, '2014-10-22 01:04:00', 1, '2014-10-22 01:04:00'),
(340, 111, 'Santa Inés', 1, 1, '2014-10-22 01:04:00', 1, '2014-10-22 01:04:00'),
(341, 111, 'Santa Lucía', 1, 1, '2014-10-22 01:04:00', 1, '2014-10-22 01:04:00'),
(342, 111, 'Torunos', 1, 1, '2014-10-22 01:04:00', 1, '2014-10-22 01:04:00'),
(343, 111, 'El Carmen', 1, 1, '2014-10-22 01:04:00', 1, '2014-10-22 01:04:00'),
(344, 111, 'Rómulo Betancourt', 1, 1, '2014-10-22 01:04:00', 1, '2014-10-22 01:04:00'),
(345, 111, 'Corazón de Jesús', 1, 1, '2014-10-22 01:04:00', 1, '2014-10-22 01:04:00'),
(346, 111, 'Ramón Ignacio', 1, 1, '2014-10-22 01:04:00', 1, '2014-10-22 01:04:00'),
(347, 111, 'Alto Barinas', 1, 1, '2014-10-22 01:04:00', 1, '2014-10-22 01:04:00'),
(348, 111, 'Manuel Palacio Fajardo', 1, 1, '2014-10-22 01:04:00', 1, '2014-10-22 01:04:00'),
(349, 111, 'Juan Antonio Rodríguez Domínguez', 1, 1, '2014-10-22 01:04:00', 1, '2014-10-22 01:04:00'),
(350, 111, 'Dominga Ortiz de Páez', 1, 1, '2014-10-22 01:04:00', 1, '2014-10-22 01:04:00'),
(351, 112, 'Barinitas', 1, 1, '2014-10-22 01:06:15', 1, '2014-10-22 01:06:15'),
(352, 112, 'Altamira de Cáceres', 1, 1, '2014-10-22 01:06:15', 1, '2014-10-22 01:06:15'),
(353, 112, 'Calderas', 1, 1, '2014-10-22 01:06:15', 1, '2014-10-22 01:06:15'),
(354, 113, 'Barracas', 1, 1, '2014-10-22 01:07:54', 1, '2014-10-22 01:07:54'),
(355, 113, 'El Socorro', 1, 1, '2014-10-22 01:08:56', 1, '2014-10-22 01:08:56'),
(356, 113, 'Mazparrito', 1, 1, '2014-10-22 01:08:56', 1, '2014-10-22 01:08:56'),
(357, 114, 'Santa Bárbara', 1, 1, '2014-10-22 01:18:56', 1, '2014-10-22 01:18:56'),
(358, 114, 'Pedro Briceño Méndez', 1, 1, '2014-10-22 01:18:56', 1, '2014-10-22 01:18:56'),
(359, 114, 'Ramón Ignacio Méndez', 1, 1, '2014-10-22 01:18:56', 1, '2014-10-22 01:18:56'),
(360, 114, 'José Ignacio del Pumar', 1, 1, '2014-10-22 01:18:56', 1, '2014-10-22 01:18:56'),
(361, 115, 'Obispos', 1, 1, '2014-10-22 01:21:23', 1, '2014-10-22 01:21:23'),
(362, 115, 'Los Guasimitos', 1, 1, '2014-10-22 01:21:23', 1, '2014-10-22 01:21:23'),
(363, 115, 'El Real', 1, 1, '2014-10-22 01:21:23', 1, '2014-10-22 01:21:23'),
(364, 115, 'La Luz', 1, 1, '2014-10-22 01:21:23', 1, '2014-10-22 01:21:23'),
(365, 116, 'Ciudad Bolívia', 1, 1, '2014-10-22 01:25:04', 1, '2014-10-22 01:25:04'),
(366, 116, 'José Ignacio Briceño', 1, 1, '2014-10-22 01:25:04', 1, '2014-10-22 01:25:04'),
(367, 116, 'José Félix Ribas', 1, 1, '2014-10-22 01:25:04', 1, '2014-10-22 01:25:04'),
(368, 116, 'Páez', 1, 1, '2014-10-22 01:25:04', 1, '2014-10-22 01:25:04'),
(369, 117, 'Libertad', 1, 1, '2014-10-22 01:27:46', 1, '2014-10-22 01:27:46'),
(370, 117, 'Dolores', 1, 1, '2014-10-22 01:27:46', 1, '2014-10-22 01:27:46'),
(371, 117, 'Santa Rosa', 1, 1, '2014-10-22 01:27:46', 1, '2014-10-22 01:27:46'),
(372, 117, 'Palacio Fajardo', 1, 1, '2014-10-22 01:27:46', 1, '2014-10-22 01:27:46'),
(373, 117, 'Simón Rodríguez', 1, 1, '2014-10-22 01:27:46', 1, '2014-10-22 01:27:46'),
(374, 118, 'Ciudad de Nutrias', 1, 1, '2014-10-22 01:37:26', 1, '2014-10-22 01:37:26'),
(375, 118, 'El Regalo', 1, 1, '2014-10-22 01:37:26', 1, '2014-10-22 01:37:26'),
(376, 118, 'Puerto Nutrias', 1, 1, '2014-10-22 01:37:26', 1, '2014-10-22 01:37:26'),
(377, 118, 'Santa Catalina', 1, 1, '2014-10-22 01:37:26', 1, '2014-10-22 01:37:26'),
(378, 118, 'Simón Bolívar', 1, 1, '2014-10-22 01:37:26', 1, '2014-10-22 01:37:26'),
(379, 119, 'Cachamay', 1, 1, '2014-10-22 01:49:12', 1, '2014-10-22 01:49:12'),
(380, 119, 'Chirica', 1, 1, '2014-10-22 01:49:12', 1, '2014-10-22 01:49:12'),
(381, 119, 'Dalla Costa', 1, 1, '2014-10-22 01:49:12', 1, '2014-10-22 01:49:12'),
(382, 119, 'Once de Abril', 1, 1, '2014-10-22 01:49:12', 1, '2014-10-22 01:49:12'),
(383, 119, 'Simón Bolívar', 1, 1, '2014-10-22 01:49:12', 1, '2014-10-22 01:49:12'),
(384, 119, 'Unare', 1, 1, '2014-10-22 01:49:12', 1, '2014-10-22 01:49:12'),
(385, 119, 'Universidad', 1, 1, '2014-10-22 01:49:12', 1, '2014-10-22 01:49:12'),
(386, 119, 'Vista al Sol', 1, 1, '2014-10-22 01:49:12', 1, '2014-10-22 01:49:12'),
(387, 119, 'Pozo Verde', 1, 1, '2014-10-22 01:49:12', 1, '2014-10-22 01:49:12'),
(388, 119, 'Yocoima', 1, 1, '2014-10-22 01:49:12', 1, '2014-10-22 01:49:12'),
(389, 119, '5 de Julio', 1, 1, '2014-10-22 01:49:12', 1, '2014-10-22 01:49:12'),
(390, 120, 'Cedeño', 1, 1, '2014-10-22 01:54:47', 1, '2014-10-22 01:54:47'),
(391, 120, 'Altagracia', 1, 1, '2014-10-22 01:54:47', 1, '2014-10-22 01:54:47'),
(392, 120, 'Ascensión Farreras', 1, 1, '2014-10-22 01:54:47', 1, '2014-10-22 01:54:47'),
(393, 120, 'Guaniamo', 1, 1, '2014-10-22 01:54:47', 1, '2014-10-22 01:54:47'),
(394, 120, 'La Urbana', 1, 1, '2014-10-22 01:54:47', 1, '2014-10-22 01:54:47'),
(395, 120, 'Pijiguaos', 1, 1, '2014-10-22 01:54:47', 1, '2014-10-22 01:54:47'),
(396, 121, 'El Callao', 1, 1, '2014-10-22 01:56:17', 1, '2014-10-22 01:56:17'),
(397, 122, 'Gran Sabana', 1, 1, '2014-10-22 01:57:23', 1, '2014-10-22 01:57:23'),
(398, 122, 'Ikabarú', 1, 1, '2014-10-22 01:57:23', 1, '2014-10-22 01:57:23'),
(399, 123, 'Catedral', 1, 1, '2014-10-22 02:00:52', 1, '2014-10-22 02:00:52'),
(400, 123, 'Zea', 1, 1, '2014-10-22 02:00:52', 1, '2014-10-22 02:00:52'),
(401, 123, 'Orinoco', 1, 1, '2014-10-22 02:00:52', 1, '2014-10-22 02:00:52'),
(402, 123, 'José Antonio Páez', 1, 1, '2014-10-22 02:00:52', 1, '2014-10-22 02:00:52'),
(403, 123, 'Marhuanta', 1, 1, '2014-10-22 02:00:52', 1, '2014-10-22 02:00:52'),
(404, 123, 'Agua Salada', 1, 1, '2014-10-22 02:00:52', 1, '2014-10-22 02:00:52'),
(405, 123, 'Vista Hermosa', 1, 1, '2014-10-22 02:00:52', 1, '2014-10-22 02:00:52'),
(406, 123, 'La Sabanita', 1, 1, '2014-10-22 02:00:52', 1, '2014-10-22 02:00:52'),
(407, 123, 'Panapana', 1, 1, '2014-10-22 02:00:52', 1, '2014-10-22 02:00:52'),
(408, 129, 'Padre Pedro Chien', 1, 1, '2014-10-22 02:04:03', 1, '2014-10-22 02:04:03'),
(409, 129, 'Río Grande', 1, 1, '2014-10-22 02:04:03', 1, '2014-10-22 02:04:03'),
(410, 124, 'Andrés Eloy Blanco', 1, 1, '2014-10-22 02:05:13', 1, '2014-10-22 02:05:13'),
(411, 124, 'Pedro Cova', 1, 1, '2014-10-22 02:05:13', 1, '2014-10-22 02:05:13'),
(412, 125, 'Raúl Leoni', 1, 1, '2014-10-22 02:07:11', 1, '2014-10-22 02:07:11'),
(413, 125, 'Barceloneta', 1, 1, '2014-10-22 02:07:11', 1, '2014-10-22 02:07:11'),
(414, 125, 'Santa Bárbara', 1, 1, '2014-10-22 02:07:11', 1, '2014-10-22 02:07:11'),
(415, 125, 'San Francisco', 1, 1, '2014-10-22 02:07:11', 1, '2014-10-22 02:07:11'),
(416, 126, 'Roscio', 1, 1, '2014-10-22 02:08:20', 1, '2014-10-22 02:08:20'),
(417, 126, 'Salóm', 1, 1, '2014-10-22 02:08:20', 1, '2014-10-22 02:08:20'),
(418, 127, 'Sifontes', 1, 1, '2014-10-22 02:10:10', 1, '2014-10-22 02:10:10'),
(419, 127, 'Dalla Costa', 1, 1, '2014-10-22 02:10:10', 1, '2014-10-22 02:10:10'),
(420, 127, 'San Isidro ', 1, 1, '2014-10-22 02:10:30', 1, '2014-10-22 02:10:30'),
(421, 128, 'Sucre', 1, 1, '2014-10-22 02:13:00', 1, '2014-10-22 02:13:00'),
(422, 128, 'Aripao', 1, 1, '2014-10-22 02:13:00', 1, '2014-10-22 02:13:00'),
(423, 128, 'Guarataro', 1, 1, '2014-10-22 02:13:00', 1, '2014-10-22 02:13:00'),
(424, 128, 'Las Majadas', 1, 1, '2014-10-22 02:13:00', 1, '2014-10-22 02:13:00'),
(425, 128, 'Moitaco ', 1, 1, '2014-10-22 02:13:00', 1, '2014-10-22 02:13:00'),
(426, 130, 'Cojedes', 1, 1, '2014-10-22 02:20:36', 1, '2014-10-22 02:20:36'),
(427, 130, 'Juan de Mata Suárez', 1, 1, '2014-10-22 02:20:36', 1, '2014-10-22 02:20:36'),
(428, 134, 'El Pao', 1, 1, '2014-10-22 02:24:08', 1, '2014-10-22 02:24:08'),
(429, 131, 'Tinaquillo', 1, 1, '2014-10-22 02:25:20', 1, '2014-10-22 02:25:20'),
(430, 132, 'El Baúl', 1, 1, '2014-10-22 02:26:41', 1, '2014-10-22 02:26:41'),
(431, 132, 'Sucre', 1, 1, '2014-10-22 02:26:41', 1, '2014-10-22 02:26:41'),
(432, 133, 'La Aguadita', 1, 1, '2014-10-22 02:27:46', 1, '2014-10-22 02:27:46'),
(433, 133, 'Macapo', 1, 1, '2014-10-22 02:27:46', 1, '2014-10-22 02:27:46'),
(434, 135, 'El Amparo', 1, 1, '2014-10-22 02:28:41', 1, '2014-10-22 02:28:41'),
(435, 135, 'Libertad de Cojedes', 1, 1, '2014-10-22 02:28:41', 1, '2014-10-22 02:28:41'),
(436, 136, 'Rómulo Gallegos', 1, 1, '2014-10-22 02:29:40', 1, '2014-10-22 02:29:40'),
(437, 137, 'San Carlos de Austria', 1, 1, '2014-10-22 02:30:46', 1, '2014-10-22 02:30:46'),
(438, 137, 'Juan Ángel Bravo', 1, 1, '2014-10-22 02:30:46', 1, '2014-10-22 02:30:46'),
(439, 137, 'Manuel Manrique', 1, 1, '2014-10-22 02:31:09', 1, '2014-10-22 02:31:09'),
(440, 138, 'General en Jefe José Laurencio Silva', 1, 1, '2014-10-22 02:32:46', 1, '2014-10-22 02:32:46'),
(441, 139, 'Curiapo', 1, 1, '2014-10-22 02:41:52', 1, '2014-10-22 02:41:52'),
(442, 139, 'Almirante Luis Brión', 1, 1, '2014-10-22 02:41:52', 1, '2014-10-22 02:41:52'),
(443, 139, 'Francisco Aniceto Lugo Boca de Cuyubini', 1, 1, '2014-10-22 02:41:52', 1, '2014-10-22 02:41:52'),
(444, 139, 'Manuel Renaud', 1, 1, '2014-10-22 02:41:52', 1, '2014-10-22 02:41:52'),
(445, 139, 'Padre Barral', 1, 1, '2014-10-22 02:41:52', 1, '2014-10-22 02:41:52'),
(446, 139, 'Santos de Abelgas', 1, 1, '2014-10-22 02:41:52', 1, '2014-10-22 02:41:52'),
(447, 140, 'Imataca Moruca', 1, 1, '2014-10-22 02:44:36', 1, '2014-10-22 02:44:36'),
(448, 140, 'Cinco de Julio Piacoa', 1, 1, '2014-10-22 02:44:36', 1, '2014-10-22 02:44:36'),
(449, 140, 'Juan Bautista Arismendi', 1, 1, '2014-10-22 02:44:36', 1, '2014-10-22 02:44:36'),
(450, 140, 'Manuel Piar Santa Catalina', 1, 1, '2014-10-22 02:44:36', 1, '2014-10-22 02:44:36'),
(451, 140, 'Rómulo Gallegos', 1, 1, '2014-10-22 02:44:36', 1, '2014-10-22 02:44:36'),
(452, 141, 'Pedernales', 1, 1, '2014-10-22 02:46:18', 1, '2014-10-22 02:46:18'),
(453, 141, 'Luis Beltrán Prieto Figueroa', 1, 1, '2014-10-22 02:46:18', 1, '2014-10-22 02:46:18'),
(454, 142, 'San José (Delta Amacuro) Hacienda del Medio', 1, 1, '2014-10-22 02:52:05', 1, '2014-10-22 02:52:05'),
(455, 142, 'José Vidal Marcano Caparal de Guara', 1, 1, '2014-10-22 02:52:05', 1, '2014-10-22 02:52:05'),
(456, 142, 'Juan Millán Urbanización Leonardo Ruíz Pineda', 1, 1, '2014-10-22 02:52:05', 1, '2014-10-22 02:52:05'),
(457, 142, 'Leonardo Ruíz Pineda Paloma', 1, 1, '2014-10-22 02:52:05', 1, '2014-10-22 02:52:05'),
(458, 142, 'Mariscal Antonio José de Sucre Urbanización Delfín Mendoza', 1, 1, '2014-10-22 02:52:05', 1, '2014-10-22 02:52:05'),
(459, 142, 'Monseñor Argimiro García San Rafael', 1, 1, '2014-10-22 02:52:05', 1, '2014-10-22 02:52:05'),
(460, 142, 'San Rafael', 1, 1, '2014-10-22 02:52:05', 1, '2014-10-22 02:52:05'),
(461, 142, 'Virgen del Valle', 1, 1, '2014-10-22 02:52:05', 1, '2014-10-22 02:52:05'),
(462, 143, 'Capadare', 1, 1, '2014-10-22 03:07:24', 1, '2014-10-22 03:07:24'),
(463, 143, 'La Pastora', 1, 1, '2014-10-22 03:07:24', 1, '2014-10-22 03:07:24'),
(464, 143, 'Libertador', 1, 1, '2014-10-22 03:07:24', 1, '2014-10-22 03:07:24'),
(465, 143, 'San Juan de los Cayos', 1, 1, '2014-10-22 03:07:24', 1, '2014-10-22 03:07:24'),
(466, 144, 'Aracua', 1, 1, '2014-10-22 03:09:01', 1, '2014-10-22 03:09:01'),
(467, 144, 'La Peña', 1, 1, '2014-10-22 03:09:01', 1, '2014-10-22 03:09:01'),
(468, 144, 'San Luis', 1, 1, '2014-10-22 03:09:37', 1, '2014-10-22 03:09:37'),
(469, 145, 'Bariro', 1, 1, '2014-10-22 03:14:36', 1, '2014-10-22 03:14:36'),
(470, 145, 'Borojó', 1, 1, '2014-10-22 03:14:36', 1, '2014-10-22 03:14:36'),
(471, 145, 'Capatárida', 1, 1, '2014-10-22 03:14:36', 1, '2014-10-22 03:14:36'),
(472, 145, 'Guajiro', 1, 1, '2014-10-22 03:14:36', 1, '2014-10-22 03:14:36'),
(473, 145, 'Seque', 1, 1, '2014-10-22 03:14:36', 1, '2014-10-22 03:14:36'),
(474, 145, 'Zazárida', 1, 1, '2014-10-22 03:14:36', 1, '2014-10-22 03:14:36'),
(475, 145, 'Valle de Eroa', 1, 1, '2014-10-22 03:14:36', 1, '2014-10-22 03:14:36'),
(476, 146, 'Cacique Manaure', 1, 1, '2014-10-22 03:15:14', 1, '2014-10-22 03:15:14'),
(477, 147, 'Norte', 1, 1, '2014-10-22 03:17:36', 1, '2014-10-22 03:17:36'),
(478, 147, 'Carirubana', 1, 1, '2014-10-22 03:17:36', 1, '2014-10-22 03:17:36'),
(479, 147, 'Santa Ana', 1, 1, '2014-10-22 03:17:36', 1, '2014-10-22 03:17:36'),
(480, 147, 'Urbana Punta Cardón', 1, 1, '2014-10-22 03:17:36', 1, '2014-10-22 03:17:36'),
(481, 148, 'La Vela de Coro', 1, 1, '2014-10-22 03:21:14', 1, '2014-10-22 03:21:14'),
(482, 148, 'Acurigua', 1, 1, '2014-10-22 03:21:14', 1, '2014-10-22 03:21:14'),
(483, 148, 'Guaibacoa', 1, 1, '2014-10-22 03:21:14', 1, '2014-10-22 03:21:14'),
(484, 148, 'Las Calderas', 1, 1, '2014-10-22 03:21:14', 1, '2014-10-22 03:21:14'),
(485, 148, 'Macoruca', 1, 1, '2014-10-22 03:21:14', 1, '2014-10-22 03:21:14'),
(486, 149, 'Dabajuro', 1, 1, '2014-10-22 03:22:11', 1, '2014-10-22 03:22:11'),
(487, 150, 'Agua Clara', 1, 1, '2014-10-22 03:26:12', 1, '2014-10-22 03:26:12'),
(488, 150, 'Avaria', 1, 1, '2014-10-22 03:26:12', 1, '2014-10-22 03:26:12'),
(489, 150, 'Pedregal', 1, 1, '2014-10-22 03:26:12', 1, '2014-10-22 03:26:12'),
(490, 150, 'Piedra Grande', 1, 1, '2014-10-22 03:26:12', 1, '2014-10-22 03:26:12'),
(491, 150, 'Purureche', 1, 1, '2014-10-22 03:26:12', 1, '2014-10-22 03:26:12'),
(492, 151, 'Adaure', 1, 1, '2014-10-22 03:29:46', 1, '2014-10-22 03:29:46'),
(493, 151, 'Adícora', 1, 1, '2014-10-22 03:29:46', 1, '2014-10-22 03:29:46'),
(494, 151, 'Baraived', 1, 1, '2014-10-22 03:29:46', 1, '2014-10-22 03:29:46'),
(495, 151, 'Buena Vista', 1, 1, '2014-10-22 03:29:46', 1, '2014-10-22 03:29:46'),
(496, 151, 'Jadacaquiva', 1, 1, '2014-10-22 03:29:46', 1, '2014-10-22 03:29:46'),
(497, 151, 'El Vínculo', 1, 1, '2014-10-22 03:29:46', 1, '2014-10-22 03:29:46'),
(498, 151, 'El Hato', 1, 1, '2014-10-22 03:29:46', 1, '2014-10-22 03:29:46'),
(499, 151, 'Moruy', 1, 1, '2014-10-22 03:29:46', 1, '2014-10-22 03:29:46'),
(500, 151, 'Pueblo Nuevo', 1, 1, '2014-10-22 03:29:46', 1, '2014-10-22 03:29:46'),
(501, 152, 'Agua Larga', 1, 1, '2014-10-22 03:31:47', 1, '2014-10-22 03:31:47'),
(502, 152, 'Churuguara', 1, 1, '2014-10-22 03:31:47', 1, '2014-10-22 03:31:47'),
(503, 152, 'El Paují', 1, 1, '2014-10-22 03:31:47', 1, '2014-10-22 03:31:47'),
(504, 152, 'Independencia', 1, 1, '2014-10-22 03:31:47', 1, '2014-10-22 03:31:47'),
(505, 152, 'Mapararí', 1, 1, '2014-10-22 03:31:47', 1, '2014-10-22 03:31:47'),
(506, 153, 'Jacura', 1, 1, '2014-10-22 03:33:28', 1, '2014-10-22 03:33:28'),
(507, 154, 'Los Taques', 1, 1, '2014-10-22 03:33:59', 1, '2014-10-22 03:33:59'),
(508, 155, 'Mene de Mauroa', 1, 1, '2014-10-22 03:35:00', 1, '2014-10-22 03:35:00'),
(509, 156, 'Guzmán Guillermo', 1, 1, '2014-10-22 03:40:02', 1, '2014-10-22 03:40:02'),
(510, 156, 'Mitare ', 1, 1, '2014-10-22 03:40:02', 1, '2014-10-22 03:40:02'),
(511, 156, 'Río Seco', 1, 1, '2014-10-22 03:40:02', 1, '2014-10-22 03:40:02'),
(512, 156, 'Sabaneta', 1, 1, '2014-10-22 03:40:02', 1, '2014-10-22 03:40:02'),
(513, 156, 'Santa Ana', 1, 1, '2014-10-22 03:40:02', 1, '2014-10-22 03:40:02'),
(514, 157, 'Boca del Tocuyo', 1, 1, '2014-10-22 03:41:22', 1, '2014-10-22 03:41:22'),
(515, 157, 'Chichiriviche', 1, 1, '2014-10-22 03:41:22', 1, '2014-10-22 03:41:22'),
(516, 158, 'Palmasola', 1, 1, '2014-10-22 03:41:50', 1, '2014-10-22 03:41:50'),
(517, 159, 'Cabure', 1, 1, '2014-10-22 03:43:50', 1, '2014-10-22 03:43:50'),
(518, 159, 'Curimagua', 1, 1, '2014-10-22 03:43:50', 1, '2014-10-22 03:43:50'),
(519, 160, 'San José de la Costa', 1, 1, '2014-10-22 03:44:35', 1, '2014-10-22 03:44:35'),
(520, 160, 'Píritu', 1, 1, '2014-10-22 03:44:35', 1, '2014-10-22 03:44:35'),
(521, 161, 'Capital San Francisco', 1, 1, '2014-10-22 04:02:06', 1, '2014-10-22 04:02:06'),
(522, 162, 'Tucacas', 1, 1, '2014-10-22 04:03:41', 1, '2014-10-22 04:03:41'),
(523, 162, 'Boca de Aroa', 1, 1, '2014-10-22 04:03:41', 1, '2014-10-22 04:03:41'),
(524, 163, 'Sucre', 1, 1, '2014-10-22 04:04:26', 1, '2014-10-22 04:04:26'),
(525, 164, 'Tocópero', 1, 1, '2014-10-22 04:05:04', 1, '2014-10-22 04:05:04'),
(526, 165, 'Santa Cruz de Bucaral', 1, 1, '2014-10-22 04:05:37', 1, '2014-10-22 04:05:37'),
(527, 166, 'Bruzual', 1, 1, '2014-10-22 04:06:43', 1, '2014-10-22 04:06:43'),
(528, 166, 'Urumaco', 1, 1, '2014-10-22 04:06:43', 1, '2014-10-22 04:06:43'),
(529, 167, 'Puerto Cumarebo', 1, 1, '2014-10-22 04:17:26', 1, '2014-10-22 04:17:26'),
(530, 167, 'La Ciénaga', 1, 1, '2014-10-22 04:18:35', 1, '2014-10-22 04:18:35'),
(531, 167, 'La Soledad', 1, 1, '2014-10-22 04:18:35', 1, '2014-10-22 04:18:35'),
(532, 167, 'Pueblo Cumarebo', 1, 1, '2014-10-22 04:26:44', 1, '2014-10-22 04:26:44'),
(533, 167, 'Zazárida', 1, 1, '2014-10-22 04:26:44', 1, '2014-10-22 04:26:44'),
(534, 168, 'Pio Tamayo', 1, 1, '2014-10-22 04:33:24', 1, '2014-10-22 04:33:24'),
(535, 168, 'Quebrada Honda de Guache', 1, 1, '2014-10-22 04:33:24', 1, '2014-10-22 04:33:24'),
(536, 169, 'Freitez', 1, 1, '2014-10-22 04:34:04', 1, '2014-10-22 04:34:04'),
(537, 169, 'José María Blanco', 1, 1, '2014-10-22 04:34:35', 1, '2014-10-22 04:34:35'),
(538, 172, 'Anzoátegui', 1, 1, '2014-10-22 04:35:51', 1, '2014-10-22 04:35:51'),
(539, 172, 'Bolívar', 1, 1, '2014-10-22 04:35:51', 1, '2014-10-22 04:35:51'),
(540, 172, 'Guárico', 1, 1, '2014-10-22 04:36:33', 1, '2014-10-22 04:36:33'),
(541, 172, 'Hilario Luna y Luna', 1, 1, '2014-10-22 04:36:33', 1, '2014-10-22 04:36:33'),
(542, 173, 'Cabudare', 1, 1, '2014-10-22 04:38:06', 1, '2014-10-22 04:38:06'),
(543, 173, 'Agua Viva', 1, 1, '2014-10-22 04:38:06', 1, '2014-10-22 04:38:06'),
(544, 172, 'Morán', 1, 1, '2014-10-22 04:38:06', 1, '2014-10-22 04:38:06'),
(545, 174, 'Buría', 1, 1, '2014-10-22 04:56:12', 1, '2014-10-22 04:56:12'),
(546, 174, 'Sarare', 1, 1, '2014-10-22 04:56:12', 1, '2014-10-22 04:56:12'),
(547, 175, 'Altagracia', 1, 1, '2014-10-22 04:58:00', 1, '2014-10-22 04:58:00'),
(548, 175, 'Lara', 1, 1, '2014-10-22 04:58:00', 1, '2014-10-22 04:58:00'),
(549, 175, 'Chiquinquira', 1, 1, '2014-10-22 04:58:00', 1, '2014-10-22 04:58:00'),
(550, 176, 'Siquisique', 1, 1, '2014-10-22 04:59:10', 1, '2014-10-22 04:59:10'),
(551, 176, 'Moroturo', 1, 1, '2014-10-22 04:59:10', 1, '2014-10-22 04:59:10'),
(552, 170, 'Barquisimeto', 1, 1, '2014-10-22 05:05:34', 1, '2014-10-22 05:05:34'),
(553, 171, 'Quibor', 1, 1, '2014-10-22 05:05:34', 1, '2014-10-22 05:05:34'),
(554, 177, 'Betancourt', 1, 1, '2014-10-22 05:21:09', 1, '2014-10-22 05:21:09'),
(555, 177, 'Páez', 1, 1, '2014-10-22 05:21:09', 1, '2014-10-22 05:21:09'),
(556, 177, 'Rómulo Gallegos', 1, 1, '2014-10-22 05:21:09', 1, '2014-10-22 05:21:09'),
(557, 177, 'Gabriel Picón Gonzále', 1, 1, '2014-10-22 05:21:09', 1, '2014-10-22 05:21:09'),
(558, 177, 'Héctor Amable Mora', 1, 1, '2014-10-22 05:21:09', 1, '2014-10-22 05:21:09'),
(559, 178, 'La Azulita', 1, 1, '2014-10-22 05:23:11', 1, '2014-10-22 05:23:11'),
(560, 179, 'Santa Cruz de Mora', 1, 1, '2014-10-22 05:25:30', 1, '2014-10-22 05:25:30'),
(561, 179, 'Mesa de Las Palmas', 1, 1, '2014-10-22 05:25:30', 1, '2014-10-22 05:25:30'),
(562, 180, 'Aricagua', 1, 1, '2014-10-22 05:26:06', 1, '2014-10-22 05:26:06'),
(563, 181, 'Capurí', 1, 1, '2014-10-22 05:27:59', 1, '2014-10-22 05:27:59'),
(564, 181, 'Chacantá', 1, 1, '2014-10-22 05:27:59', 1, '2014-10-22 05:27:59'),
(565, 181, 'Guaimaral', 1, 1, '2014-10-22 05:29:08', 1, '2014-10-22 05:29:08'),
(566, 181, 'Mucuchachí', 1, 1, '2014-10-22 05:29:08', 1, '2014-10-22 05:29:08'),
(567, 182, 'Fernández Peña (Ejido)', 1, 1, '2014-10-22 05:32:58', 1, '2014-10-22 05:32:58'),
(568, 182, 'Acequias', 1, 1, '2014-10-22 05:32:58', 1, '2014-10-22 05:32:58'),
(569, 182, 'Jají', 1, 1, '2014-10-22 05:32:58', 1, '2014-10-22 05:32:58'),
(570, 182, 'La Mesa', 1, 1, '2014-10-22 05:32:58', 1, '2014-10-22 05:32:58'),
(571, 182, 'San José del Sur', 1, 1, '2014-10-22 05:32:58', 1, '2014-10-22 05:32:58'),
(572, 183, 'Tucaní', 1, 1, '2014-10-22 05:33:46', 1, '2014-10-22 05:33:46'),
(573, 184, 'Santo Domingo', 1, 1, '2014-10-22 05:35:15', 1, '2014-10-22 05:35:15'),
(574, 185, 'Guaraque', 1, 1, '2014-10-22 05:35:15', 1, '2014-10-22 05:35:15'),
(575, 186, 'Arapuey', 1, 1, '2014-10-22 05:36:10', 1, '2014-10-22 05:36:10'),
(576, 186, 'Palmira', 1, 1, '2014-10-22 05:36:10', 1, '2014-10-22 05:36:10'),
(577, 187, 'Torondoy', 1, 1, '2014-10-22 05:36:53', 1, '2014-10-22 05:36:53'),
(578, 188, 'Antonio Spinetti Dini', 1, 1, '2014-10-22 05:42:53', 1, '2014-10-22 05:42:53'),
(579, 188, 'Arias', 1, 1, '2014-10-22 05:42:53', 1, '2014-10-22 05:42:53'),
(580, 188, 'Caracciolo Parra Pérez', 1, 1, '2014-10-22 05:42:53', 1, '2014-10-22 05:42:53'),
(581, 188, 'Domingo Peña ', 1, 1, '2014-10-22 05:42:53', 1, '2014-10-22 05:42:53'),
(582, 188, 'El Llano', 1, 1, '2014-10-22 05:42:53', 1, '2014-10-22 05:42:53'),
(583, 188, 'Gonzalo Picón Febres', 1, 1, '2014-10-22 05:42:53', 1, '2014-10-22 05:42:53'),
(584, 188, 'Jacinto Plaza', 1, 1, '2014-10-22 05:42:53', 1, '2014-10-22 05:42:53'),
(585, 188, 'Juan Rodríguez Suárez', 1, 1, '2014-10-22 05:42:53', 1, '2014-10-22 05:42:53'),
(586, 188, 'Lasso de la Vega', 1, 1, '2014-10-22 05:42:53', 1, '2014-10-22 05:42:53'),
(587, 188, 'Mariano Picón Sala', 1, 1, '2014-10-22 05:42:53', 1, '2014-10-22 05:42:53'),
(588, 188, 'Milla', 1, 1, '2014-10-22 05:42:53', 1, '2014-10-22 05:42:53'),
(589, 188, 'Osuna Rodríguez', 1, 1, '2014-10-22 05:42:53', 1, '2014-10-22 05:42:53'),
(590, 188, 'Sagrario', 1, 1, '2014-10-22 05:42:53', 1, '2014-10-22 05:42:53'),
(591, 188, 'El Morro', 1, 1, '2014-10-22 05:42:53', 1, '2014-10-22 05:42:53'),
(592, 188, 'Los Nevados', 1, 1, '2014-10-22 05:42:53', 1, '2014-10-22 05:42:53'),
(593, 189, 'Andrés Eloy Blanco', 1, 1, '2014-10-22 05:44:22', 1, '2014-10-22 05:44:22'),
(594, 189, 'La Venta', 1, 1, '2014-10-22 05:44:22', 1, '2014-10-22 05:44:22'),
(595, 189, 'Piñango', 1, 1, '2014-10-22 05:46:18', 1, '2014-10-22 05:46:18'),
(596, 189, 'Timotes', 1, 1, '2014-10-22 05:46:18', 1, '2014-10-22 05:46:18'),
(597, 190, 'Eloy Paredes', 1, 1, '2014-10-22 05:48:00', 1, '2014-10-22 05:48:00'),
(598, 190, 'San Rafael de Alcázar', 1, 1, '2014-10-22 05:48:00', 1, '2014-10-22 05:48:00'),
(599, 191, 'Santa María de Caparo', 1, 1, '2014-10-22 05:48:32', 1, '2014-10-22 05:48:32'),
(600, 192, 'Pueblo Llano', 1, 1, '2014-10-22 05:49:03', 1, '2014-10-22 05:49:03'),
(601, 193, 'Cacute', 1, 1, '2014-10-22 05:50:09', 1, '2014-10-22 05:50:09'),
(602, 193, 'Mucuchíes', 1, 1, '2014-10-22 05:50:09', 1, '2014-10-22 05:50:09'),
(603, 194, 'Gerónimo Maldonado', 1, 1, '2014-10-22 05:51:01', 1, '2014-10-22 05:51:01'),
(604, 194, 'Bailadores', 1, 1, '2014-10-22 05:51:01', 1, '2014-10-22 05:51:01'),
(605, 195, 'Tabay', 1, 1, '2014-10-22 05:51:31', 1, '2014-10-22 05:51:31'),
(606, 196, 'Chiguará', 1, 1, '2014-10-22 05:53:00', 1, '2014-10-22 05:53:00'),
(607, 196, 'Estánquez', 1, 1, '2014-10-22 05:53:00', 1, '2014-10-22 05:53:00'),
(608, 196, 'Lagunillas', 1, 1, '2014-10-22 05:53:00', 1, '2014-10-22 05:53:00'),
(609, 196, 'Pueblo Nuevo del Sur', 1, 1, '2014-10-22 05:53:00', 1, '2014-10-22 05:53:00'),
(610, 196, 'San Juan', 1, 1, '2014-10-22 05:53:00', 1, '2014-10-22 05:53:00'),
(611, 197, 'El Amparo', 1, 1, '2014-10-22 05:54:32', 1, '2014-10-22 05:54:32'),
(612, 197, 'El Llano', 1, 1, '2014-10-22 05:54:32', 1, '2014-10-22 05:54:32'),
(613, 197, 'San Francisco', 1, 1, '2014-10-22 05:55:11', 1, '2014-10-22 05:55:11'),
(614, 197, 'Tovar', 1, 1, '2014-10-22 05:55:11', 1, '2014-10-22 05:55:11'),
(615, 198, 'Independencia', 1, 1, '2014-10-22 05:56:30', 1, '2014-10-22 05:56:30'),
(616, 198, 'María de la Concepción Palacios Blanco', 1, 1, '2014-10-22 05:56:30', 1, '2014-10-22 05:56:30'),
(617, 198, 'Nueva Bolivia', 1, 1, '2014-10-22 05:57:12', 1, '2014-10-22 05:57:12'),
(618, 198, 'Santa Apolonia', 1, 1, '2014-10-22 05:57:12', 1, '2014-10-22 05:57:12'),
(619, 199, 'Caño El Tigre', 1, 1, '2014-10-22 05:57:51', 1, '2014-10-22 05:57:51'),
(620, 199, 'Zea', 1, 1, '2014-10-22 05:57:51', 1, '2014-10-22 05:57:51');
INSERT INTO `parroquia` (`cod_parro`, `cod_mun`, `des_parro`, `status`, `cod_pa_reg`, `fec_reg`, `cod_pa_mod`, `fec_mod`) VALUES
(621, 200, 'San Antonio de Maturín', 1, 1, '2014-10-23 03:12:45', 1, '2014-10-23 03:12:45'),
(622, 200, 'San Francisco de Maturín', 1, 1, '2014-10-23 03:12:45', 1, '2014-10-23 03:12:45'),
(623, 201, 'Aguasay', 1, 1, '2014-10-23 03:13:37', 1, '2014-10-23 03:13:37'),
(624, 202, 'Caripito', 1, 1, '2014-10-23 03:13:37', 1, '2014-10-23 03:13:37'),
(625, 203, 'El Guácharo', 1, 1, '2014-10-23 03:14:33', 1, '2014-10-23 03:14:33'),
(626, 203, 'Caripe', 1, 1, '2014-10-23 03:14:33', 1, '2014-10-23 03:14:33'),
(627, 204, 'Capital Cedeño', 1, 1, '2014-10-23 03:16:12', 1, '2014-10-23 03:16:12'),
(628, 204, 'San Félix de Cantalicio', 1, 1, '2014-10-23 03:16:12', 1, '2014-10-23 03:16:12'),
(629, 205, 'El Tejero', 1, 1, '2014-10-23 03:17:01', 1, '2014-10-23 03:17:01'),
(630, 205, 'Punta de Mata', 1, 1, '2014-10-23 03:17:01', 1, '2014-10-23 03:17:01'),
(631, 206, 'Chaguaramas', 1, 1, '2014-10-23 03:17:46', 1, '2014-10-23 03:17:46'),
(632, 206, 'Temblador', 1, 1, '2014-10-23 03:17:46', 1, '2014-10-23 03:17:46'),
(633, 207, 'Alto de los Godos', 1, 1, '2014-10-23 03:21:09', 1, '2014-10-23 03:21:09'),
(634, 207, 'Boquerón', 1, 1, '2014-10-23 03:21:09', 1, '2014-10-23 03:21:09'),
(635, 207, 'Las Cocuizas', 1, 1, '2014-10-23 03:21:09', 1, '2014-10-23 03:21:09'),
(636, 207, 'La Cruz', 1, 1, '2014-10-23 03:21:09', 1, '2014-10-23 03:21:09'),
(637, 207, 'San Simón', 1, 1, '2014-10-23 03:21:09', 1, '2014-10-23 03:21:09'),
(638, 207, 'El Corozo', 1, 1, '2014-10-23 03:21:09', 1, '2014-10-23 03:21:09'),
(639, 207, 'El Furrial', 1, 1, '2014-10-23 03:21:09', 1, '2014-10-23 03:21:09'),
(640, 207, 'Jusepín', 1, 1, '2014-10-23 03:21:09', 1, '2014-10-23 03:21:09'),
(641, 207, 'La Pica', 1, 1, '2014-10-23 03:21:09', 1, '2014-10-23 03:21:09'),
(642, 207, 'San Vicente', 1, 1, '2014-10-23 03:21:09', 1, '2014-10-23 03:21:09'),
(643, 208, 'Aparicio', 1, 1, '2014-10-23 03:23:38', 1, '2014-10-23 03:23:38'),
(644, 208, 'Chaguamal', 1, 1, '2014-10-23 03:23:38', 1, '2014-10-23 03:23:38'),
(645, 208, 'El Pinto', 1, 1, '2014-10-23 03:23:38', 1, '2014-10-23 03:23:38'),
(646, 208, 'Guanaguana', 1, 1, '2014-10-23 03:23:38', 1, '2014-10-23 03:23:38'),
(647, 208, 'La Toscana', 1, 1, '2014-10-23 03:23:38', 1, '2014-10-23 03:23:38'),
(648, 209, 'Cachipo', 1, 1, '2014-10-23 03:25:50', 1, '2014-10-23 03:25:50'),
(649, 209, 'Quiriquire', 1, 1, '2014-10-23 03:25:50', 1, '2014-10-23 03:25:50'),
(650, 210, 'Santa Bárbara', 1, 1, '2014-10-23 03:26:54', 1, '2014-10-23 03:26:54'),
(651, 211, 'Barrancas', 1, 1, '2014-10-23 03:26:54', 1, '2014-10-23 03:26:54'),
(652, 212, 'Uracoa', 1, 1, '2014-10-23 03:27:22', 1, '2014-10-23 03:27:22'),
(653, 213, 'Antolín del Campo', 1, 1, '2014-10-23 03:45:16', 1, '2014-10-23 03:45:16'),
(654, 214, 'Arismendi', 1, 1, '2014-10-23 03:45:16', 1, '2014-10-23 03:45:16'),
(655, 215, 'San Juan Bautista', 1, 1, '2014-10-23 03:47:02', 1, '2014-10-23 03:47:02'),
(656, 215, 'Zabala', 1, 1, '2014-10-23 03:47:02', 1, '2014-10-23 03:47:02'),
(657, 216, 'García', 1, 1, '2014-10-23 03:51:44', 1, '2014-10-23 03:51:44'),
(658, 216, 'Francisco Fajardo', 1, 1, '2014-10-23 03:51:44', 1, '2014-10-23 03:51:44'),
(659, 217, 'Bolívar', 1, 1, '2014-10-23 03:53:40', 1, '2014-10-23 03:53:40'),
(660, 217, 'Guevara', 1, 1, '2014-10-23 03:53:40', 1, '2014-10-23 03:53:40'),
(661, 217, 'Cerro de Matasiete', 1, 1, '2014-10-23 03:53:40', 1, '2014-10-23 03:53:40'),
(662, 217, 'Santa Ana', 1, 1, '2014-10-23 03:53:40', 1, '2014-10-23 03:53:40'),
(663, 217, 'Sucre', 1, 1, '2014-10-23 03:53:40', 1, '2014-10-23 03:53:40'),
(664, 218, 'Aguirre', 1, 1, '2014-10-23 03:54:40', 1, '2014-10-23 03:54:40'),
(665, 218, 'Maneiro', 1, 1, '2014-10-23 03:54:40', 1, '2014-10-23 03:54:40'),
(666, 219, 'Adrián', 1, 1, '2014-10-23 04:00:39', 1, '2014-10-23 04:00:39'),
(667, 219, 'Juan Griego', 1, 1, '2014-10-23 04:00:39', 1, '2014-10-23 04:00:39'),
(668, 219, 'Yaguaraparo', 1, 1, '2014-10-23 04:01:27', 1, '2014-10-23 04:01:27'),
(669, 220, 'Porlamar', 1, 1, '2014-10-23 04:01:27', 1, '2014-10-23 04:01:27'),
(670, 221, 'San Francisco de Macanao', 1, 1, '2014-10-23 04:02:56', 1, '2014-10-23 04:02:56'),
(671, 221, 'Boca de Río', 1, 1, '2014-10-23 04:02:56', 1, '2014-10-23 04:02:56'),
(672, 222, 'Tubores', 1, 1, '2014-10-23 04:04:30', 1, '2014-10-23 04:04:30'),
(673, 223, 'Villalba', 1, 1, '2014-10-23 04:04:30', 1, '2014-10-23 04:04:30'),
(674, 224, 'Agua Blanca', 1, 1, '2014-10-23 04:07:53', 1, '2014-10-23 04:07:53'),
(675, 225, 'Araure', 1, 1, '2014-10-23 04:07:53', 1, '2014-10-23 04:07:53'),
(676, 226, 'Píritu', 1, 1, '2014-10-23 04:08:53', 1, '2014-10-23 04:08:53'),
(677, 226, 'Uveral', 1, 1, '2014-10-23 04:08:53', 1, '2014-10-23 04:08:53'),
(678, 227, 'Guanare', 1, 1, '2014-10-23 04:12:51', 1, '2014-10-23 04:12:51'),
(679, 228, 'Guanarito', 1, 1, '2014-10-23 04:12:51', 1, '2014-10-23 04:12:51'),
(680, 229, 'Peña Blanca', 1, 1, '2014-10-23 04:12:51', 1, '2014-10-23 04:12:51'),
(681, 230, 'Aparición', 1, 1, '2014-10-23 04:12:51', 1, '2014-10-23 04:12:51'),
(682, 230, 'Ospino', 1, 1, '2014-10-23 04:12:51', 1, '2014-10-23 04:12:51'),
(683, 231, 'Acarigua', 1, 1, '2014-10-23 04:13:43', 1, '2014-10-23 04:13:43'),
(684, 231, 'Payara', 1, 1, '2014-10-23 04:13:43', 1, '2014-10-23 04:13:43'),
(685, 232, 'Papelón', 1, 1, '2014-10-23 04:15:08', 1, '2014-10-23 04:15:08'),
(686, 233, 'Boconoíto', 1, 1, '2014-10-23 04:15:08', 1, '2014-10-23 04:15:08'),
(687, 234, 'San Rafael de Onoto', 1, 1, '2014-10-23 04:16:44', 1, '2014-10-23 04:16:44'),
(688, 234, 'Santa Fé', 1, 1, '2014-10-23 04:16:44', 1, '2014-10-23 04:16:44'),
(689, 235, 'Florida', 1, 1, '2014-10-23 04:17:36', 1, '2014-10-23 04:17:36'),
(690, 235, 'El Playón', 1, 1, '2014-10-23 04:17:36', 1, '2014-10-23 04:17:36'),
(691, 236, 'Biscucuy', 1, 1, '2014-10-23 04:20:50', 1, '2014-10-23 04:20:50'),
(692, 236, 'Concepción', 1, 1, '2014-10-23 04:20:50', 1, '2014-10-23 04:20:50'),
(693, 236, 'San José de Saguaz', 1, 1, '2014-10-23 04:20:50', 1, '2014-10-23 04:20:50'),
(694, 236, 'San Rafael de Palo Alzado', 1, 1, '2014-10-23 04:20:50', 1, '2014-10-23 04:20:50'),
(695, 236, 'Uvencio Antonio Velásquez', 1, 1, '2014-10-23 04:20:50', 1, '2014-10-23 04:20:50'),
(696, 236, 'Villa Rosa', 1, 1, '2014-10-23 04:20:50', 1, '2014-10-23 04:20:50'),
(697, 237, 'Canelones', 1, 1, '2014-10-23 04:20:50', 1, '2014-10-23 04:20:50'),
(698, 237, 'Santa Cruz', 1, 1, '2014-10-23 04:20:50', 1, '2014-10-23 04:20:50'),
(699, 237, 'San Isidro Labrador', 1, 1, '2014-10-23 04:20:50', 1, '2014-10-23 04:20:50'),
(700, 238, 'Mariño', 1, 1, '2014-10-23 04:54:48', 1, '2014-10-23 04:54:48'),
(701, 238, 'Rómulo Gallegos', 1, 1, '2014-10-23 04:54:48', 1, '2014-10-23 04:54:48'),
(702, 239, 'San José de Aerocuar', 1, 1, '2014-10-23 04:54:48', 1, '2014-10-23 04:54:48'),
(703, 239, 'Tavera Acosta', 1, 1, '2014-10-23 04:54:48', 1, '2014-10-23 04:54:48'),
(704, 240, 'Río Caribe', 1, 1, '2014-10-23 04:54:48', 1, '2014-10-23 04:54:48'),
(705, 240, 'Antonio José de Sucre', 1, 1, '2014-10-23 04:54:48', 1, '2014-10-23 04:54:48'),
(706, 240, 'El Morro de Puerto Santo', 1, 1, '2014-10-23 04:54:48', 1, '2014-10-23 04:54:48'),
(707, 240, 'Puerto Santo', 1, 1, '2014-10-23 04:54:48', 1, '2014-10-23 04:54:48'),
(708, 240, 'San Juan de las Galdonas', 1, 1, '2014-10-23 04:54:48', 1, '2014-10-23 04:54:48'),
(709, 241, 'El Pilar', 1, 1, '2014-10-23 04:54:48', 1, '2014-10-23 04:54:48'),
(710, 241, 'El Rincón', 1, 1, '2014-10-23 04:54:48', 1, '2014-10-23 04:54:48'),
(711, 241, 'General Francisco Antonio Váquez', 1, 1, '2014-10-23 04:54:48', 1, '2014-10-23 04:54:48'),
(712, 241, 'Guaraúnos', 1, 1, '2014-10-23 04:54:48', 1, '2014-10-23 04:54:48'),
(713, 241, 'Tunapuicito', 1, 1, '2014-10-23 04:54:48', 1, '2014-10-23 04:54:48'),
(714, 241, 'Unión', 1, 1, '2014-10-23 04:54:48', 1, '2014-10-23 04:54:48'),
(715, 242, 'Santa Catalina', 1, 1, '2014-10-23 04:54:48', 1, '2014-10-23 04:54:48'),
(716, 242, 'Santa Rosa', 1, 1, '2014-10-23 04:54:48', 1, '2014-10-23 04:54:48'),
(717, 242, 'Santa Teresa', 1, 1, '2014-10-23 04:54:48', 1, '2014-10-23 04:54:48'),
(718, 242, 'Bolívar', 1, 1, '2014-10-23 04:54:48', 1, '2014-10-23 04:54:48'),
(719, 242, 'Maracapana', 1, 1, '2014-10-23 04:54:48', 1, '2014-10-23 04:54:48'),
(720, 243, 'Bolívar', 1, 1, '2014-10-23 04:54:48', 1, '2014-10-23 04:54:48'),
(721, 244, 'El Paujil', 1, 1, '2014-10-23 04:54:48', 1, '2014-10-23 04:54:48'),
(722, 245, 'Cruz Salmerón Acosta', 1, 1, '2014-10-23 04:54:48', 1, '2014-10-23 04:54:48'),
(723, 245, 'Manicuare', 1, 1, '2014-10-23 04:54:48', 1, '2014-10-23 04:54:48'),
(724, 246, 'Tunapuy', 1, 1, '2014-10-23 04:54:48', 1, '2014-10-23 04:54:48'),
(725, 246, 'Campo Elías', 1, 1, '2014-10-23 04:54:48', 1, '2014-10-23 04:54:48'),
(726, 247, 'Irapa', 1, 1, '2014-10-23 05:04:50', 1, '2014-10-23 05:04:50'),
(727, 247, 'Campo Claro', 1, 1, '2014-10-23 05:04:50', 1, '2014-10-23 05:04:50'),
(728, 247, 'Maraval', 1, 1, '2014-10-23 05:04:50', 1, '2014-10-23 05:04:50'),
(729, 247, 'Soro', 1, 1, '2014-10-23 05:04:50', 1, '2014-10-23 05:04:50'),
(730, 248, 'Mejía', 1, 1, '2014-10-23 05:04:50', 1, '2014-10-23 05:04:50'),
(731, 249, 'Cumanacoa', 1, 1, '2014-10-23 05:07:31', 1, '2014-10-23 05:07:31'),
(732, 249, 'Aricagua', 1, 1, '2014-10-23 05:07:31', 1, '2014-10-23 05:07:31'),
(733, 249, 'San Fernando', 1, 1, '2014-10-23 05:08:04', 1, '2014-10-23 05:08:04'),
(734, 249, 'San Lorenzo', 1, 1, '2014-10-23 05:08:04', 1, '2014-10-23 05:08:04'),
(735, 250, 'Villa Frontado', 1, 1, '2014-10-23 05:11:57', 1, '2014-10-23 05:11:57'),
(736, 250, 'Catuaro', 1, 1, '2014-10-23 05:11:57', 1, '2014-10-23 05:11:57'),
(737, 250, 'Rendón', 1, 1, '2014-10-23 05:11:57', 1, '2014-10-23 05:11:57'),
(738, 250, 'San Cruz', 1, 1, '2014-10-23 05:11:57', 1, '2014-10-23 05:11:57'),
(739, 250, 'Santa María', 1, 1, '2014-10-23 05:11:57', 1, '2014-10-23 05:11:57'),
(740, 251, 'Altagracia', 1, 1, '2014-10-23 05:11:57', 1, '2014-10-23 05:11:57'),
(741, 251, 'Santa Inés', 1, 1, '2014-10-23 05:11:57', 1, '2014-10-23 05:11:57'),
(742, 251, 'Valentín Valiente', 1, 1, '2014-10-23 05:11:57', 1, '2014-10-23 05:11:57'),
(743, 251, 'Ayacucho', 1, 1, '2014-10-23 05:11:57', 1, '2014-10-23 05:11:57'),
(744, 251, 'San Juan', 1, 1, '2014-10-23 05:11:57', 1, '2014-10-23 05:11:57'),
(745, 251, 'Raúl Leoni', 1, 1, '2014-10-23 05:14:03', 1, '2014-10-23 05:14:03'),
(746, 251, 'Gran Mariscal', 1, 1, '2014-10-23 05:14:03', 1, '2014-10-23 05:14:03'),
(747, 252, 'Cristóbal Colón', 1, 1, '2014-10-23 05:14:03', 1, '2014-10-23 05:14:03'),
(748, 252, 'Bideau', 1, 1, '2014-10-23 05:14:03', 1, '2014-10-23 05:14:03'),
(749, 252, 'Punta de Piedras', 1, 1, '2014-10-23 05:14:03', 1, '2014-10-23 05:14:03'),
(750, 252, 'Güiria', 1, 1, '2014-10-23 05:14:24', 1, '2014-10-23 05:14:24'),
(751, 253, 'Andrés Bello', 1, 1, '2014-10-23 05:23:20', 1, '2014-10-23 05:23:20'),
(752, 254, 'Antonio Rómulo Costa', 1, 1, '2014-10-23 05:23:20', 1, '2014-10-23 05:23:20'),
(753, 255, 'Ayacucho', 1, 1, '2014-10-23 05:23:20', 1, '2014-10-23 05:23:20'),
(754, 255, 'San Pedro del Río', 1, 1, '2014-10-23 05:23:20', 1, '2014-10-23 05:23:20'),
(755, 256, 'Bolívar', 1, 1, '2014-10-23 05:23:20', 1, '2014-10-23 05:23:20'),
(756, 257, 'Cárdenas', 1, 1, '2014-10-23 05:23:20', 1, '2014-10-23 05:23:20'),
(757, 258, 'Córdoba', 1, 1, '2014-10-23 05:23:20', 1, '2014-10-23 05:23:20'),
(758, 259, 'Fernández Feo', 1, 1, '2014-10-23 05:23:20', 1, '2014-10-23 05:23:20'),
(759, 259, 'Alberto Adriani', 1, 1, '2014-10-23 05:23:20', 1, '2014-10-23 05:23:20'),
(760, 260, 'Francisco de Miranda', 1, 1, '2014-10-23 05:23:20', 1, '2014-10-23 05:23:20'),
(761, 261, 'García de Hevia', 1, 1, '2014-10-23 05:34:55', 1, '2014-10-23 05:34:55'),
(762, 261, 'Boca de Grita', 1, 1, '2014-10-23 05:34:55', 1, '2014-10-23 05:34:55'),
(763, 262, 'Guásimos', 1, 1, '2014-10-23 05:35:43', 1, '2014-10-23 05:35:43'),
(764, 263, 'Independencia', 1, 1, '2014-10-23 05:36:29', 1, '2014-10-23 05:36:29'),
(765, 262, 'Juan Germán Roscio', 1, 1, '2014-10-23 05:36:29', 1, '2014-10-23 05:36:29'),
(766, 264, 'Jáuregui', 1, 1, '2014-10-23 05:37:32', 1, '2014-10-23 05:37:32'),
(767, 265, 'José María Vargas', 1, 1, '2014-10-23 05:37:32', 1, '2014-10-23 05:37:32'),
(768, 266, 'Junín', 1, 1, '2014-10-23 05:38:34', 1, '2014-10-23 05:38:34'),
(769, 266, 'La Petrólea', 1, 1, '2014-10-23 05:38:34', 1, '2014-10-23 05:38:34'),
(770, 267, 'Libertad', 1, 1, '2014-10-23 05:39:57', 1, '2014-10-23 05:39:57'),
(771, 268, 'Capital Libertador', 1, 1, '2014-10-23 05:39:57', 1, '2014-10-23 05:39:57'),
(772, 269, 'Lobatera', 1, 1, '2014-10-23 05:41:09', 1, '2014-10-23 05:41:09'),
(773, 270, 'Michelena', 1, 1, '2014-10-23 05:41:09', 1, '2014-10-23 05:41:09'),
(774, 271, 'Panamericano', 1, 1, '2014-10-23 05:43:44', 1, '2014-10-23 05:43:44'),
(775, 272, 'Pedro María Ureña', 1, 1, '2014-10-23 05:43:44', 1, '2014-10-23 05:43:44'),
(776, 273, 'Delicias', 1, 1, '2014-10-23 05:44:37', 1, '2014-10-23 05:44:37'),
(777, 274, 'Samuel Darío Maldonado', 1, 1, '2014-10-23 05:44:37', 1, '2014-10-23 05:44:37'),
(778, 274, 'Boconó', 1, 1, '2014-10-23 05:45:36', 1, '2014-10-23 05:45:36'),
(779, 275, 'La Concordia', 1, 1, '2014-10-23 05:45:36', 1, '2014-10-23 05:45:36'),
(780, 275, 'San Juan Bautista', 1, 1, '2014-10-23 05:46:17', 1, '2014-10-23 05:46:17'),
(781, 275, 'Pedro María Morantes', 1, 1, '2014-10-23 05:46:17', 1, '2014-10-23 05:46:17'),
(782, 276, 'Seboruco', 1, 1, '2014-10-23 05:47:33', 1, '2014-10-23 05:47:33'),
(783, 277, 'Simón Rodríguez', 1, 1, '2014-10-23 05:47:33', 1, '2014-10-23 05:47:33'),
(784, 278, 'Sucre', 1, 1, '2014-10-23 05:48:51', 1, '2014-10-23 05:48:51'),
(785, 279, 'San José', 1, 1, '2014-10-23 05:48:51', 1, '2014-10-23 05:48:51'),
(786, 280, 'Uribante', 1, 1, '2014-10-23 05:50:11', 1, '2014-10-23 05:50:11'),
(787, 280, 'Juan Pablo Peñalosa', 1, 1, '2014-10-23 05:50:11', 1, '2014-10-23 05:50:11'),
(788, 280, 'Potosí', 1, 1, '2014-10-23 05:51:14', 1, '2014-10-23 05:51:14'),
(789, 281, 'San Judas Tadeo', 1, 1, '2014-10-23 05:51:14', 1, '2014-10-23 05:51:14'),
(800, 282, 'Araguaney', 1, 1, '2014-10-24 01:02:47', 1, '2014-10-24 01:02:47'),
(801, 282, 'El Jaguito', 1, 1, '2014-10-24 01:02:47', 1, '2014-10-24 01:02:47'),
(802, 283, 'Boconó', 1, 1, '2014-10-24 01:02:47', 1, '2014-10-24 01:02:47'),
(803, 284, 'Sabana Grande', 1, 1, '2014-10-24 01:02:47', 1, '2014-10-24 01:02:47'),
(804, 284, 'Cheregüé', 1, 1, '2014-10-24 01:02:47', 1, '2014-10-24 01:02:47'),
(805, 285, 'Arnoldo Gabaldón', 1, 1, '2014-10-24 01:02:47', 1, '2014-10-24 01:02:47'),
(806, 285, 'Bolivia', 1, 1, '2014-10-24 01:02:47', 1, '2014-10-24 01:02:47'),
(807, 285, 'Carrillo', 1, 1, '2014-10-24 01:02:47', 1, '2014-10-24 01:02:47'),
(808, 285, 'Manuel Salvador Ulloa', 1, 1, '2014-10-24 01:02:47', 1, '2014-10-24 01:02:47'),
(809, 286, 'Carache', 1, 1, '2014-10-24 01:02:47', 1, '2014-10-24 01:02:47'),
(810, 286, 'La Concepción', 1, 1, '2014-10-24 01:08:46', 1, '2014-10-24 01:08:46'),
(811, 286, 'Santa Cruz', 1, 1, '2014-10-24 01:08:46', 1, '2014-10-24 01:08:46'),
(812, 287, 'Escuque', 1, 1, '2014-10-24 01:08:46', 1, '2014-10-24 01:08:46'),
(813, 287, 'Santa Rita', 1, 1, '2014-10-24 01:08:46', 1, '2014-10-24 01:08:46'),
(814, 288, 'El Socorro', 1, 1, '2014-10-24 01:08:46', 1, '2014-10-24 01:08:46'),
(815, 288, 'Antonio José de Sucre', 1, 1, '2014-10-24 01:08:46', 1, '2014-10-24 01:08:46'),
(816, 289, 'Campo Elías', 1, 1, '2014-10-24 01:08:46', 1, '2014-10-24 01:08:46'),
(817, 289, 'Arnoldo Gabaldón', 1, 1, '2014-10-24 01:08:46', 1, '2014-10-24 01:08:46'),
(818, 290, 'Santa Apolonia', 1, 1, '2014-10-24 01:08:46', 1, '2014-10-24 01:08:46'),
(819, 290, 'La Ceiba', 1, 1, '2014-10-24 01:08:46', 1, '2014-10-24 01:08:46'),
(820, 291, 'Agua Santa', 1, 1, '2014-10-24 01:13:50', 1, '2014-10-24 01:13:50'),
(821, 291, 'Valerita', 1, 1, '2014-10-24 01:13:50', 1, '2014-10-24 01:13:50'),
(822, 292, 'Carmelo', 1, 1, '2014-10-24 01:13:50', 1, '2014-10-24 01:13:50'),
(823, 292, 'Santa María del Horcón', 1, 1, '2014-10-24 01:13:50', 1, '2014-10-24 01:13:50'),
(824, 293, 'Motatán', 1, 1, '2014-10-24 01:13:50', 1, '2014-10-24 01:13:50'),
(825, 293, 'Jalisco', 1, 1, '2014-10-24 01:13:50', 1, '2014-10-24 01:13:50'),
(826, 294, 'Pampán', 1, 1, '2014-10-24 01:13:50', 1, '2014-10-24 01:13:50'),
(827, 294, 'Santa Ana', 1, 1, '2014-10-24 01:13:50', 1, '2014-10-24 01:13:50'),
(828, 295, 'Pampanito', 1, 1, '2014-10-24 01:13:50', 1, '2014-10-24 01:13:50'),
(829, 295, 'Pampanito II', 1, 1, '2014-10-24 01:13:50', 1, '2014-10-24 01:13:50'),
(830, 296, 'Betijoque', 1, 1, '2014-10-24 01:18:06', 1, '2014-10-24 01:18:06'),
(831, 296, 'José Gregorio Hernández', 1, 1, '2014-10-24 01:18:06', 1, '2014-10-24 01:18:06'),
(832, 296, 'La Pueblita', 1, 1, '2014-10-24 01:18:06', 1, '2014-10-24 01:18:06'),
(833, 297, 'Carvajal', 1, 1, '2014-10-24 01:18:06', 1, '2014-10-24 01:18:06'),
(834, 297, 'Campo Alegre', 1, 1, '2014-10-24 01:18:06', 1, '2014-10-24 01:18:06'),
(835, 297, 'Antonio Nicolás Briceño', 1, 1, '2014-10-24 01:18:06', 1, '2014-10-24 01:18:06'),
(836, 298, 'Sabana de Mendoza', 1, 1, '2014-10-24 01:18:06', 1, '2014-10-24 01:18:06'),
(837, 298, 'Junín', 1, 1, '2014-10-24 01:18:06', 1, '2014-10-24 01:18:06'),
(838, 298, 'Valmore Rodríguez', 1, 1, '2014-10-24 01:18:06', 1, '2014-10-24 01:18:06'),
(839, 298, 'El Paraíso', 1, 1, '2014-10-24 01:18:06', 1, '2014-10-24 01:18:06'),
(840, 299, 'Andrés Linares', 1, 1, '2014-10-24 01:27:00', 1, '2014-10-24 01:27:00'),
(841, 299, 'Cristóbal Mendoza', 1, 1, '2014-10-24 01:27:00', 1, '2014-10-24 01:27:00'),
(842, 299, 'Carrillo', 1, 1, '2014-10-24 01:27:00', 1, '2014-10-24 01:27:00'),
(843, 300, 'Cabimbú', 1, 1, '2014-10-24 01:27:00', 1, '2014-10-24 01:27:00'),
(844, 300, 'Jajó', 1, 1, '2014-10-24 01:27:00', 1, '2014-10-24 01:27:00'),
(845, 300, 'La Mesa de Esnujaque', 1, 1, '2014-10-24 01:27:00', 1, '2014-10-24 01:27:00'),
(846, 300, 'Santiago', 1, 1, '2014-10-24 01:27:00', 1, '2014-10-24 01:27:00'),
(847, 300, 'La Quebrada', 1, 1, '2014-10-24 01:27:00', 1, '2014-10-24 01:27:00'),
(848, 301, 'Juan Ignacio Montilla', 1, 1, '2014-10-24 01:27:00', 1, '2014-10-24 01:27:00'),
(849, 301, 'La Beatriz', 1, 1, '2014-10-24 01:27:00', 1, '2014-10-24 01:27:00'),
(850, 301, 'La Puerta', 1, 1, '2014-10-24 01:27:00', 1, '2014-10-24 01:27:00'),
(851, 301, 'Mendoza del Valle de Momboy', 1, 1, '2014-10-24 01:27:00', 1, '2014-10-24 01:27:00'),
(852, 301, 'Mercedes Díaz', 1, 1, '2014-10-24 01:27:00', 1, '2014-10-24 01:27:00'),
(853, 301, 'San Luis', 1, 1, '2014-10-24 01:27:00', 1, '2014-10-24 01:27:00'),
(854, 302, 'El Guayabo', 1, 1, '2014-10-24 01:32:36', 1, '2014-10-24 01:32:36'),
(855, 302, 'Farriar', 1, 1, '2014-10-24 01:32:36', 1, '2014-10-24 01:32:36'),
(856, 303, 'Arístides Bastidas', 1, 1, '2014-10-24 01:40:49', 1, '2014-10-24 01:40:49'),
(857, 304, 'Bolívar', 1, 1, '2014-10-24 01:40:49', 1, '2014-10-24 01:40:49'),
(858, 305, 'Chivacoa', 1, 1, '2014-10-24 01:40:49', 1, '2014-10-24 01:40:49'),
(859, 305, 'Campo Elías', 1, 1, '2014-10-24 01:40:49', 1, '2014-10-24 01:40:49'),
(860, 306, 'Cocorote', 1, 1, '2014-10-24 01:40:49', 1, '2014-10-24 01:40:49'),
(861, 307, 'Independencia', 1, 1, '2014-10-24 01:40:49', 1, '2014-10-24 01:40:49'),
(862, 308, 'José Antonio Páez', 1, 1, '2014-10-24 01:40:49', 1, '2014-10-24 01:40:49'),
(863, 309, 'La Trinidad', 1, 1, '2014-10-24 01:40:49', 1, '2014-10-24 01:40:49'),
(864, 310, 'Manuel Monge', 1, 1, '2014-10-24 01:40:49', 1, '2014-10-24 01:40:49'),
(865, 311, 'Salóm', 1, 1, '2014-10-24 01:40:49', 1, '2014-10-24 01:40:49'),
(866, 311, 'Nirgua', 1, 1, '2014-10-24 01:40:49', 1, '2014-10-24 01:40:49'),
(867, 312, 'San Andrés', 1, 1, '2014-10-24 01:40:49', 1, '2014-10-24 01:40:49'),
(868, 312, 'Yaritagua', 1, 1, '2014-10-24 01:40:49', 1, '2014-10-24 01:40:49'),
(869, 313, 'San Felipe', 1, 1, '2014-10-24 01:40:49', 1, '2014-10-24 01:40:49'),
(870, 313, 'San Javier', 1, 1, '2014-10-24 01:40:49', 1, '2014-10-24 01:40:49'),
(871, 314, 'Sucre', 1, 1, '2014-10-24 01:42:00', 1, '2014-10-24 01:42:00'),
(872, 315, 'Urachiche', 1, 1, '2014-10-24 01:42:00', 1, '2014-10-24 01:42:00'),
(873, 316, 'Isla de Toas', 1, 1, '2014-10-24 02:56:51', 1, '2014-10-24 02:56:51'),
(874, 316, 'Monagas', 1, 1, '2014-10-24 02:56:51', 1, '2014-10-24 02:56:51'),
(875, 317, 'San Timoteo', 1, 1, '2014-10-24 02:56:51', 1, '2014-10-24 02:56:51'),
(876, 317, 'Libertador', 1, 1, '2014-10-24 02:56:51', 1, '2014-10-24 02:56:51'),
(877, 317, 'Pueblo Nuevo', 1, 1, '2014-10-24 02:56:51', 1, '2014-10-24 02:56:51'),
(878, 318, 'La Rosa', 1, 1, '2014-10-24 02:56:51', 1, '2014-10-24 02:56:51'),
(879, 318, 'Rómulo Betancourt', 1, 1, '2014-10-24 02:56:51', 1, '2014-10-24 02:56:51'),
(880, 318, 'San Benito', 1, 1, '2014-10-24 02:56:51', 1, '2014-10-24 02:56:51'),
(881, 318, 'Arístides Calvani', 1, 1, '2014-10-24 02:56:51', 1, '2014-10-24 02:56:51'),
(882, 319, 'Encontrados', 1, 1, '2014-10-24 02:56:51', 1, '2014-10-24 02:56:51'),
(883, 320, 'Moralito', 1, 1, '2014-10-24 02:56:51', 1, '2014-10-24 02:56:51'),
(884, 320, 'San Carlos del Zulia', 1, 1, '2014-10-24 02:56:51', 1, '2014-10-24 02:56:51'),
(885, 320, 'Santa Cruz del Zulia', 1, 1, '2014-10-24 02:56:51', 1, '2014-10-24 02:56:51'),
(886, 320, 'Santa Bárbara', 1, 1, '2014-10-24 02:56:51', 1, '2014-10-24 02:56:51'),
(887, 320, 'Urribarrí', 1, 1, '2014-10-24 02:56:51', 1, '2014-10-24 02:56:51'),
(888, 321, 'Carlos Quevedo', 1, 1, '2014-10-24 03:09:39', 1, '2014-10-24 03:09:39'),
(889, 321, 'Francisco Javier Pulgar', 1, 1, '2014-10-24 03:09:39', 1, '2014-10-24 03:09:39'),
(890, 322, 'La Concepción', 1, 1, '2014-10-24 03:09:39', 1, '2014-10-24 03:09:39'),
(891, 322, 'Mariano Parra León', 1, 1, '2014-10-24 03:09:39', 1, '2014-10-24 03:09:39'),
(892, 323, 'Concepción', 1, 1, '2014-10-24 03:09:39', 1, '2014-10-24 03:09:39'),
(893, 323, 'Chiquinquirá', 1, 1, '2014-10-24 03:09:39', 1, '2014-10-24 03:09:39'),
(894, 323, 'Potreritos', 1, 1, '2014-10-24 03:09:39', 1, '2014-10-24 03:09:39'),
(895, 324, 'Libertad', 1, 1, '2014-10-24 03:09:39', 1, '2014-10-24 03:09:39'),
(896, 324, 'Venezuela', 1, 1, '2014-10-24 03:09:39', 1, '2014-10-24 03:09:39'),
(897, 324, 'Campo Lara', 1, 1, '2014-10-24 03:09:39', 1, '2014-10-24 03:09:39'),
(898, 325, 'San José de Perijá', 1, 1, '2014-10-24 03:09:39', 1, '2014-10-24 03:09:39'),
(899, 326, 'mara', 1, 1, '2014-10-24 03:09:39', 1, '2014-10-24 03:09:39'),
(900, 327, 'Bolívar', 1, 1, '2014-10-24 03:09:39', 1, '2014-10-24 03:09:39'),
(901, 327, 'Coquivacoa', 1, 1, '2014-10-24 03:09:39', 1, '2014-10-24 03:09:39'),
(902, 327, 'Chiquinquirá', 1, 1, '2014-10-24 03:09:39', 1, '2014-10-24 03:09:39'),
(903, 327, 'Raúl Leoni', 1, 1, '2014-10-24 03:09:39', 1, '2014-10-24 03:09:39'),
(904, 327, 'Santa Lucía', 1, 1, '2014-10-24 03:09:39', 1, '2014-10-24 03:09:39'),
(905, 327, 'San Isidro', 1, 1, '2014-10-24 03:09:39', 1, '2014-10-24 03:09:39'),
(906, 328, 'Altagracia', 1, 1, '2014-10-24 03:09:39', 1, '2014-10-24 03:09:39'),
(907, 328, 'Faría', 1, 1, '2014-10-24 03:09:39', 1, '2014-10-24 03:09:39'),
(908, 328, 'San Antonio', 1, 328, '2014-10-24 03:17:07', 1, '2014-10-24 03:17:07'),
(909, 328, 'San José', 1, 1, '2014-10-24 03:17:07', 1, '2014-10-24 03:17:07'),
(910, 329, 'Guajira', 1, 1, '2014-10-24 03:17:07', 1, '2014-10-24 03:17:07'),
(911, 329, 'Elías Sánchez Rubio', 1, 1, '2014-10-24 03:17:07', 1, '2014-10-24 03:17:07'),
(912, 330, 'El Rosario', 1, 1, '2014-10-24 03:17:07', 1, '2014-10-24 03:17:07'),
(913, 331, 'San Francisco', 1, 1, '2014-10-24 03:17:07', 1, '2014-10-24 03:17:07'),
(914, 331, 'Los Cortijos', 1, 1, '2014-10-24 03:17:07', 1, '2014-10-24 03:17:07'),
(915, 332, 'Santa Rita', 1, 1, '2014-10-24 03:17:07', 1, '2014-10-24 03:17:07'),
(916, 332, 'Urribarrí', 1, 1, '2014-10-24 03:17:07', 1, '2014-10-24 03:17:07'),
(917, 333, 'Rafael', 1, 1, '2014-10-24 03:17:07', 1, '2014-10-24 03:17:07'),
(918, 333, 'Manuel Manrique', 1, 1, '2014-10-24 03:17:07', 1, '2014-10-24 03:17:07'),
(919, 334, 'Gibraltar', 1, 1, '2014-10-24 03:17:07', 1, '2014-10-24 03:17:07'),
(920, 334, 'Rómulo Gallegos', 1, 1, '2014-10-24 03:17:07', 1, '2014-10-24 03:17:07'),
(921, 335, 'Rafael Urdaneta ', 1, 1, '2014-10-24 03:17:07', 1, '2014-10-24 03:17:07'),
(922, 334, 'La Victoria', 1, 1, '2014-10-24 03:17:07', 1, '2014-10-24 03:17:07'),
(923, 335, 'Raúl Cuenca', 1, 1, '2014-10-24 03:17:07', 1, '2014-10-24 03:17:07'),
(924, 336, 'Jesús María Semprún', 1, 1, '2014-10-24 03:17:07', 1, '2014-10-24 03:17:07');

-- --------------------------------------------------------

--
-- Estructura de tabla para la tabla `personal_autorizado`
--

CREATE TABLE IF NOT EXISTS `personal_autorizado` (
`cod_pa` int(10) unsigned NOT NULL,
  `nac` varchar(8) NOT NULL,
  `ced` varchar(8) NOT NULL,
  `pnom` varchar(20) NOT NULL,
  `papelli` varchar(20) NOT NULL,
  `alias` varchar(15) NOT NULL,
  `pasw` varchar(10) NOT NULL,
  `cod_tpa` int(2) NOT NULL,
  `status` tinyint(1) unsigned NOT NULL DEFAULT '1',
  `cod_pa_reg` int(11) NOT NULL,
  `fec_reg` timestamp NOT NULL DEFAULT CURRENT_TIMESTAMP,
  `cod_pa_mod` int(11) NOT NULL,
  `fec_mod` timestamp NOT NULL DEFAULT CURRENT_TIMESTAMP
) ENGINE=InnoDB DEFAULT CHARSET=latin1 AUTO_INCREMENT=1 ;

-- --------------------------------------------------------

--
-- Estructura de tabla para la tabla `profesor`
--

CREATE TABLE IF NOT EXISTS `profesor` (
`cod_prof` mediumint(3) NOT NULL,
  `ced_prof` int(8) NOT NULL,
  `nac` varchar(15) NOT NULL,
  `pnom` varchar(15) NOT NULL,
  `snom` varchar(20) DEFAULT NULL,
  `papelli` varchar(30) NOT NULL,
  `sapelli` varchar(30) DEFAULT NULL,
  `cod_sex` tinyint(1) unsigned NOT NULL,
  `fec_nac` date NOT NULL,
  `lug_nac` int(1) unsigned NOT NULL,
  `cel` int(11) NOT NULL,
  `tlf` int(11) NOT NULL,
  `email` varchar(50) DEFAULT NULL,
  `cod_est` int(2) unsigned NOT NULL,
  `cod_mun` int(5) unsigned NOT NULL,
  `cod_parro` int(5) unsigned NOT NULL,
  `dir` varchar(100) NOT NULL,
  `cod_ne` tinyint(3) unsigned NOT NULL,
  `tit` varchar(80) NOT NULL,
  `uni` varchar(80) NOT NULL,
  `cod_cur` tinyint(3) unsigned NOT NULL,
  `cod_sta` tinyint(1) unsigned NOT NULL DEFAULT '1',
  `cod_pa_reg` int(11) DEFAULT NULL,
  `fec_reg` timestamp NOT NULL DEFAULT CURRENT_TIMESTAMP,
  `cod_pa_mod` int(11) DEFAULT NULL,
  `fec_mod` timestamp NOT NULL DEFAULT CURRENT_TIMESTAMP
) ENGINE=InnoDB DEFAULT CHARSET=latin1 AUTO_INCREMENT=1 ;

-- --------------------------------------------------------

--
-- Estructura de tabla para la tabla `seccion`
--

CREATE TABLE IF NOT EXISTS `seccion` (
`cod_sec` tinyint(3) unsigned NOT NULL,
  `des_sec` varchar(15) NOT NULL,
  `status` tinyint(1) unsigned NOT NULL DEFAULT '1',
  `cod_pa_reg` int(11) NOT NULL,
  `fec_reg` timestamp NOT NULL DEFAULT CURRENT_TIMESTAMP,
  `cod_pa_mod` int(11) NOT NULL,
  `fec_mod` timestamp NOT NULL DEFAULT CURRENT_TIMESTAMP
) ENGINE=InnoDB  DEFAULT CHARSET=latin1 AUTO_INCREMENT=6 ;

--
-- Volcado de datos para la tabla `seccion`
--

INSERT INTO `seccion` (`cod_sec`, `des_sec`, `status`, `cod_pa_reg`, `fec_reg`, `cod_pa_mod`, `fec_mod`) VALUES
(1, '"A"', 1, 1, '2014-10-09 14:58:23', 1, '2014-10-09 14:58:23'),
(2, '"B"', 1, 1, '2014-10-09 14:58:23', 1, '2014-10-09 14:58:23'),
(3, '"C"', 1, 1, '2014-10-09 14:58:23', 1, '2014-10-09 14:58:23'),
(4, '"D"', 1, 1, '2014-10-09 14:58:23', 1, '2014-10-09 14:58:23'),
(5, '"E"', 1, 1, '2014-10-09 14:58:23', 1, '2014-10-09 14:58:23');

-- --------------------------------------------------------

--
-- Estructura de tabla para la tabla `sexo`
--

CREATE TABLE IF NOT EXISTS `sexo` (
  `cod_sex` tinyint(1) unsigned NOT NULL,
  `des_sex` varchar(10) NOT NULL,
  `cod_pa_reg` int(11) NOT NULL,
  `fec_reg` timestamp NOT NULL DEFAULT CURRENT_TIMESTAMP,
  `cod_pa_mod` int(11) NOT NULL,
  `fec_mod` timestamp NOT NULL DEFAULT CURRENT_TIMESTAMP
) ENGINE=InnoDB DEFAULT CHARSET=latin1;

--
-- Volcado de datos para la tabla `sexo`
--

INSERT INTO `sexo` (`cod_sex`, `des_sex`, `cod_pa_reg`, `fec_reg`, `cod_pa_mod`, `fec_mod`) VALUES
(1, 'Masculino', 1, '2014-09-17 15:48:02', 1, '2014-09-17 15:48:02'),
(2, 'Femenino', 1, '2014-09-17 15:48:02', 1, '2014-09-17 15:48:02');

-- --------------------------------------------------------

--
-- Estructura de tabla para la tabla `status`
--

CREATE TABLE IF NOT EXISTS `status` (
  `cod_sta` tinyint(1) unsigned NOT NULL,
  `des_sta` varchar(10) NOT NULL,
  `cod_pa_reg` int(11) NOT NULL,
  `fec_reg` timestamp NOT NULL DEFAULT CURRENT_TIMESTAMP,
  `cod_pa_mod` int(11) NOT NULL,
  `fec_mod` timestamp NOT NULL DEFAULT CURRENT_TIMESTAMP
) ENGINE=InnoDB DEFAULT CHARSET=latin1;

--
-- Volcado de datos para la tabla `status`
--

INSERT INTO `status` (`cod_sta`, `des_sta`, `cod_pa_reg`, `fec_reg`, `cod_pa_mod`, `fec_mod`) VALUES
(1, 'Activo', 1, '2014-10-01 20:06:39', 1, '2014-10-01 20:06:39'),
(2, 'Inactivo', 1, '2014-10-01 20:06:39', 1, '2014-10-01 20:06:39');

-- --------------------------------------------------------

--
-- Estructura de tabla para la tabla `tipo_pa`
--

CREATE TABLE IF NOT EXISTS `tipo_pa` (
  `cod_tpa` int(2) NOT NULL,
  `des_pa` varchar(10) NOT NULL,
  `pass` varchar(60) NOT NULL,
  `cod_pa_reg` int(11) NOT NULL,
  `fec_reg` timestamp NOT NULL DEFAULT CURRENT_TIMESTAMP,
  `cod_pa_mod` int(11) NOT NULL,
  `fec_mod` timestamp NOT NULL DEFAULT CURRENT_TIMESTAMP
) ENGINE=InnoDB DEFAULT CHARSET=latin1;

--
-- Índices para tablas volcadas
--

--
-- Indices de la tabla `alumno`
--
ALTER TABLE `alumno`
 ADD PRIMARY KEY (`cod_alu`,`ced`), ADD KEY `cod_repre` (`cod_repre`), ADD KEY `cod_sex` (`cod_sex`), ADD KEY `cod_est` (`cod_est`), ADD KEY `cod_mun` (`cod_mun`), ADD KEY `cod_parro` (`cod_parro`), ADD KEY `cod_cur` (`cod_cur`), ADD KEY `status` (`status`);

--
-- Indices de la tabla `cargo`
--
ALTER TABLE `cargo`
 ADD PRIMARY KEY (`cod_car`), ADD KEY `status` (`status`);

--
-- Indices de la tabla `cursos`
--
ALTER TABLE `cursos`
 ADD PRIMARY KEY (`cod_cur`), ADD KEY `cod_sec` (`cod_sec`), ADD KEY `cod_gra` (`cod_gra`), ADD KEY `status` (`status`);

--
-- Indices de la tabla `estado`
--
ALTER TABLE `estado`
 ADD PRIMARY KEY (`cod_est`), ADD KEY `status` (`status`);

--
-- Indices de la tabla `grados`
--
ALTER TABLE `grados`
 ADD PRIMARY KEY (`cod_gra`), ADD KEY `status` (`status`);

--
-- Indices de la tabla `municipio`
--
ALTER TABLE `municipio`
 ADD PRIMARY KEY (`cod_mun`), ADD KEY `cod_edo` (`cod_est`), ADD KEY `status` (`status`);

--
-- Indices de la tabla `nivel_educativo`
--
ALTER TABLE `nivel_educativo`
 ADD PRIMARY KEY (`cod_ne`), ADD KEY `status` (`status`);

--
-- Indices de la tabla `padres_representante`
--
ALTER TABLE `padres_representante`
 ADD PRIMARY KEY (`cod_repre`), ADD UNIQUE KEY `ced_repre` (`ced_repre`), ADD KEY `paren` (`paren`), ADD KEY `cod_est` (`cod_est`), ADD KEY `cod_parro` (`cod_parro`), ADD KEY `cod_mun` (`cod_mun`), ADD KEY `cod_ne` (`cod_ne`), ADD KEY `status` (`status`), ADD KEY `cod_sex` (`cod_sex`);

--
-- Indices de la tabla `parentesco`
--
ALTER TABLE `parentesco`
 ADD PRIMARY KEY (`cod_par`);

--
-- Indices de la tabla `parroquia`
--
ALTER TABLE `parroquia`
 ADD PRIMARY KEY (`cod_parro`), ADD KEY `cod_mun` (`cod_mun`), ADD KEY `status` (`status`);

--
-- Indices de la tabla `personal_autorizado`
--
ALTER TABLE `personal_autorizado`
 ADD PRIMARY KEY (`cod_pa`,`ced`), ADD UNIQUE KEY `alias` (`alias`), ADD UNIQUE KEY `pasw` (`pasw`), ADD KEY `cod_tpa` (`cod_tpa`), ADD KEY `status` (`status`);

--
-- Indices de la tabla `profesor`
--
ALTER TABLE `profesor`
 ADD PRIMARY KEY (`cod_prof`,`ced_prof`), ADD UNIQUE KEY `ced_prof` (`ced_prof`), ADD KEY `cod_sta` (`cod_sta`), ADD KEY `cod_sex` (`cod_sex`), ADD KEY `lug_nac` (`lug_nac`), ADD KEY `cod_est` (`cod_est`), ADD KEY `cod_mun` (`cod_mun`), ADD KEY `cod_parro` (`cod_parro`), ADD KEY `cod_cur` (`cod_cur`), ADD KEY `cod_ne` (`cod_ne`);

--
-- Indices de la tabla `seccion`
--
ALTER TABLE `seccion`
 ADD PRIMARY KEY (`cod_sec`), ADD KEY `status` (`status`);

--
-- Indices de la tabla `sexo`
--
ALTER TABLE `sexo`
 ADD PRIMARY KEY (`cod_sex`);

--
-- Indices de la tabla `status`
--
ALTER TABLE `status`
 ADD PRIMARY KEY (`cod_sta`);

--
-- Indices de la tabla `tipo_pa`
--
ALTER TABLE `tipo_pa`
 ADD PRIMARY KEY (`cod_tpa`);

--
-- AUTO_INCREMENT de las tablas volcadas
--

--
-- AUTO_INCREMENT de la tabla `alumno`
--
ALTER TABLE `alumno`
MODIFY `cod_alu` int(10) unsigned NOT NULL AUTO_INCREMENT,AUTO_INCREMENT=2;
--
-- AUTO_INCREMENT de la tabla `cursos`
--
ALTER TABLE `cursos`
MODIFY `cod_cur` tinyint(3) unsigned NOT NULL AUTO_INCREMENT,AUTO_INCREMENT=31;
--
-- AUTO_INCREMENT de la tabla `estado`
--
ALTER TABLE `estado`
MODIFY `cod_est` int(2) unsigned NOT NULL AUTO_INCREMENT,AUTO_INCREMENT=25;
--
-- AUTO_INCREMENT de la tabla `grados`
--
ALTER TABLE `grados`
MODIFY `cod_gra` tinyint(3) unsigned NOT NULL AUTO_INCREMENT,AUTO_INCREMENT=7;
--
-- AUTO_INCREMENT de la tabla `municipio`
--
ALTER TABLE `municipio`
MODIFY `cod_mun` int(5) unsigned NOT NULL AUTO_INCREMENT,AUTO_INCREMENT=337;
--
-- AUTO_INCREMENT de la tabla `nivel_educativo`
--
ALTER TABLE `nivel_educativo`
MODIFY `cod_ne` tinyint(3) unsigned NOT NULL AUTO_INCREMENT,AUTO_INCREMENT=8;
--
-- AUTO_INCREMENT de la tabla `padres_representante`
--
ALTER TABLE `padres_representante`
MODIFY `cod_repre` int(10) unsigned NOT NULL AUTO_INCREMENT,AUTO_INCREMENT=2;
--
-- AUTO_INCREMENT de la tabla `parroquia`
--
ALTER TABLE `parroquia`
MODIFY `cod_parro` int(5) unsigned NOT NULL AUTO_INCREMENT,AUTO_INCREMENT=925;
--
-- AUTO_INCREMENT de la tabla `personal_autorizado`
--
ALTER TABLE `personal_autorizado`
MODIFY `cod_pa` int(10) unsigned NOT NULL AUTO_INCREMENT;
--
-- AUTO_INCREMENT de la tabla `profesor`
--
ALTER TABLE `profesor`
MODIFY `cod_prof` mediumint(3) NOT NULL AUTO_INCREMENT;
--
-- AUTO_INCREMENT de la tabla `seccion`
--
ALTER TABLE `seccion`
MODIFY `cod_sec` tinyint(3) unsigned NOT NULL AUTO_INCREMENT,AUTO_INCREMENT=6;
/*!40101 SET CHARACTER_SET_CLIENT=@OLD_CHARACTER_SET_CLIENT */;
/*!40101 SET CHARACTER_SET_RESULTS=@OLD_CHARACTER_SET_RESULTS */;
/*!40101 SET COLLATION_CONNECTION=@OLD_COLLATION_CONNECTION */;
